"Label","Confidence","Mass","RT","FORMULA","Isomers","Metabolite","Standard","Category","Label_Conf"
"(+/-)-5-[(tert-Butylamino)-2'-hydroxypropoxy]-1,2,3,4-tetrahydro-1- naphthol",7,293.1992532,2.833241994,"C17H27NO3",5,"X......5...tert.Butylamino..2..hydroxypropoxy..1_2_3_4.tetrahydro.1..naphthol",FALSE,NA,"(+/-)-5-[(tert-Butylamino)-2'-hydroxypropoxy]-1,2,3,4-tetrahydro-1- naphthol (conf: 7)"
"(+/-)-6-Acetonyldihydrochelerythrine",7,405.1571236,6.150705937,"C24H23NO5",1,"X......6.Acetonyldihydrochelerythrine",FALSE,NA,"(+/-)-6-Acetonyldihydrochelerythrine (conf: 7)"
"(1,3-diphenylpropoxy)sulfonic acid",5,292.0771763,11.4143374,"C15H16O4S",4,"X.1_3.diphenylpropoxy.sulfonic.acid",FALSE,NA,"(1,3-diphenylpropoxy)sulfonic acid (conf: 5)"
"(1,3-diphenylpropoxy)sulfonic acid",7,292.0773296,10.99015868,"C15H16O4S",4,"X.1_3.diphenylpropoxy.sulfonic.acid.1",FALSE,NA,"(1,3-diphenylpropoxy)sulfonic acid (conf: 7)"
"(1,3-diphenylpropoxy)sulfonic acid",7,309.1036279,5.283159243,"C15H16O4S",4,"X.1_3.diphenylpropoxy.sulfonic.acid.2",FALSE,NA,"(1,3-diphenylpropoxy)sulfonic acid (conf: 7)"
"(1,3)-beta-xylotetraose",7,546.1802685,12.83291444,"C20H34O17",2,"X.1_3..beta.xylotetraose",FALSE,NA,"(1,3)-beta-xylotetraose (conf: 7)"
"(10aS)-10,10a-dihydrophenazine-1-carboxylate",7,262.0511453,4.689554026,"C13H10N2O2",2,"X.10aS..10_10a.dihydrophenazine.1.carboxylate",FALSE,NA,"(10aS)-10,10a-dihydrophenazine-1-carboxylate (conf: 7)"
"(1R*,3R*,3'S*)-1,2,3,4-Tetrahydro-1-(2-thio-3-pyrrolidinyl)-beta-carboline-3-carboxylic acid",7,315.1043737,10.08714613,"C16H17N3O2S",1,"X.1R._3R._3.S...1_2_3_4.Tetrahydro.1..2.thio.3.pyrrolidinyl..beta.carboline.3.carboxylic.acid",FALSE,NA,"(1R*,3R*,3'S*)-1,2,3,4-Tetrahydro-1-(2-thio-3-pyrrolidinyl)-beta-carboline-3-carboxylic acid (conf: 7)"
"(1R,2R)-2-amino-1-(4-aminophenyl)propane-1,3-diol",5,182.1054526,5.23937204,"C9H14N2O2",1,"X.1R_2R..2.amino.1..4.aminophenyl.propane.1_3.diol",FALSE,NA,"(1R,2R)-2-amino-1-(4-aminophenyl)propane-1,3-diol (conf: 5)"
"(1R,2R)-2-amino-1-(4-aminophenyl)propane-1,3-diol",5,182.1055154,25.39496782,"C9H14N2O2",1,"X.1R_2R..2.amino.1..4.aminophenyl.propane.1_3.diol.1",FALSE,NA,"(1R,2R)-2-amino-1-(4-aminophenyl)propane-1,3-diol (conf: 5)"
"(1R,2R,3R)-2-(5-hydroxypentoxy)-9,10-seco-5,7,10(19)-cholestatriene-1,3-diol",5,502.4024471,2.308323547,"C32H54O4",6,"X.1R_2R_3R..2..5.hydroxypentoxy..9_10.seco.5_7_10.19..cholestatriene.1_3.diol",FALSE,NA,"(1R,2R,3R)-2-(5-hydroxypentoxy)-9,10-seco-5,7,10(19)-cholestatriene-1,3-diol (conf: 5)"
"(1R,3R)-19-nor-9,10-seco-5,7-cholestadiene-1,3,25-triol",7,421.3558867,2.667930654,"C26H44O3",4,"X.1R_3R..19.nor.9_10.seco.5_7.cholestadiene.1_3_25.triol",FALSE,NA,"(1R,3R)-19-nor-9,10-seco-5,7-cholestadiene-1,3,25-triol (conf: 7)"
"(1R,6R)-6-Hydroxy-2-succinylcyclohexa-2,4-diene-1-carboxylate",5,240.0634179,10.57359658,"C11H12O6",8,"X.1R_6R..6.Hydroxy.2.succinylcyclohexa.2_4.diene.1.carboxylate",FALSE,NA,"(1R,6R)-6-Hydroxy-2-succinylcyclohexa-2,4-diene-1-carboxylate (conf: 5)"
"(1S,2R,3R)-2-(6-hydroxyhexyl)-9,10-seco-5,7,10(19)-cholestatriene-1,3,25-triol",5,516.4181096,2.280775855,"C33H56O4",1,"X.1S_2R_3R..2..6.hydroxyhexyl..9_10.seco.5_7_10.19..cholestatriene.1_3_25.triol",FALSE,NA,"(1S,2R,3R)-2-(6-hydroxyhexyl)-9,10-seco-5,7,10(19)-cholestatriene-1,3,25-triol (conf: 5)"
"(1S,3R)-26,27-dimethyl-9,10-seco-5,7,10(19),17(20)-cholestatetraen-22-yne-1,3,25-triol",7,474.290028,2.274790323,"C29H42O3",2,"X.1S_3R..26_27.dimethyl.9_10.seco.5_7_10.19._17.20..cholestatetraen.22.yne.1_3_25.triol",FALSE,NA,"(1S,3R)-26,27-dimethyl-9,10-seco-5,7,10(19),17(20)-cholestatetraen-22-yne-1,3,25-triol (conf: 7)"
"(1S,3R)-26,27-dimethyl-9,10-seco-5,7,10(19),17(20)-cholestatetraen-22-yne-1,3,25-triol",7,474.2902103,11.73071821,"C29H42O3",2,"X.1S_3R..26_27.dimethyl.9_10.seco.5_7_10.19._17.20..cholestatetraen.22.yne.1_3_25.triol.1",FALSE,NA,"(1S,3R)-26,27-dimethyl-9,10-seco-5,7,10(19),17(20)-cholestatetraen-22-yne-1,3,25-triol (conf: 7)"
"(1S,3R,24R)-22-oxa-9,10-seco-5,7,10(19)-cholestatriene-1,3,24,25-tetrol",5,434.3031009,2.433631046,"C26H42O5",5,"X.1S_3R_24R..22.oxa.9_10.seco.5_7_10.19..cholestatriene.1_3_24_25.tetrol",FALSE,NA,"(1S,3R,24R)-22-oxa-9,10-seco-5,7,10(19)-cholestatriene-1,3,24,25-tetrol (conf: 5)"
"(1S,3R,4S)-3,4-Dihydroxycyclohexane-1-carboxylate",5,160.0735758,8.48757631,"C7H12O4",13,"X.1S_3R_4S..3_4.Dihydroxycyclohexane.1.carboxylate",FALSE,NA,"(1S,3R,4S)-3,4-Dihydroxycyclohexane-1-carboxylate (conf: 5)"
"(1S,4S)-4-Hydroxy-3-oxocyclohexane-1-carboxylate",5,158.0579178,9.239795677,"C7H10O4",8,"X.1S_4S..4.Hydroxy.3.oxocyclohexane.1.carboxylate",FALSE,NA,"(1S,4S)-4-Hydroxy-3-oxocyclohexane-1-carboxylate (conf: 5)"
"(1xi,3xi)-1,2,3,4-Tetrahydro-1-methyl-beta-carboline-3-carboxylic acid",5,230.1055617,7.265404028,"C13H14N2O2",2,"X.1xi_3xi..1_2_3_4.Tetrahydro.1.methyl.beta.carboline.3.carboxylic.acid",FALSE,NA,"(1xi,3xi)-1,2,3,4-Tetrahydro-1-methyl-beta-carboline-3-carboxylic acid (conf: 5)"
"(1xi,3xi)-1,2,3,4-Tetrahydro-1-methyl-beta-carboline-3-carboxylic acid",7,266.0823268,2.472983351,"C13H14N2O2",2,"X.1xi_3xi..1_2_3_4.Tetrahydro.1.methyl.beta.carboline.3.carboxylic.acid.1",FALSE,NA,"(1xi,3xi)-1,2,3,4-Tetrahydro-1-methyl-beta-carboline-3-carboxylic acid (conf: 7)"
"(2-{[3-(3,4-dihydroxy-5-methoxyphenyl)prop-2-enoyl]oxy}ethyl)trimethylazanium",7,295.1419736,5.805669346,"C15H21NO5",1,"X.2...3..3_4.dihydroxy.5.methoxyphenyl.prop.2.enoyl.oxy.ethyl.trimethylazanium",FALSE,NA,"(2-{[3-(3,4-dihydroxy-5-methoxyphenyl)prop-2-enoyl]oxy}ethyl)trimethylazanium (conf: 7)"
"(2-hydroxy-1,2-diphenylethoxy)sulfonic acid",7,294.0563687,7.981047725,"C14H14O5S",1,"X.2.hydroxy.1_2.diphenylethoxy.sulfonic.acid",FALSE,NA,"(2-hydroxy-1,2-diphenylethoxy)sulfonic acid (conf: 7)"
"(2-hydroxyethoxy)sulfonic acid",5,141.9936156,6.258651028,"C2H6O5S",1,"X.2.hydroxyethoxy.sulfonic.acid",FALSE,NA,"(2-hydroxyethoxy)sulfonic acid (conf: 5)"
"(2,3-diphenylcyclopropyl)methyl Phenyl Sulfoxide",5,332.1232747,6.159977599,"C22H20OS",1,"X.2_3.diphenylcyclopropyl.methyl.Phenyl.Sulfoxide",FALSE,NA,"(2,3-diphenylcyclopropyl)methyl Phenyl Sulfoxide (conf: 5)"
"(2R*,3R*)-1,2,3-Butanetriol",5,106.0629061,2.80003334,"C4H10O3",3,"X.2R._3R...1_2_3.Butanetriol",FALSE,NA,"(2R*,3R*)-1,2,3-Butanetriol (conf: 5)"
"(2R*,3R*)-1,2,3-Butanetriol",5,106.0629271,25.4045,"C4H10O3",3,"X.2R._3R...1_2_3.Butanetriol.1",FALSE,NA,"(2R*,3R*)-1,2,3-Butanetriol (conf: 5)"
"(2R,3S)-Piscidic acid",5,256.0577954,11.01500797,"C11H12O7",1,"X.2R_3S..Piscidic.acid",FALSE,NA,"(2R,3S)-Piscidic acid (conf: 5)"
"(2R,3S)-Piscidic acid",7,273.0849766,8.943719623,"C11H12O7",1,"X.2R_3S..Piscidic.acid.1",FALSE,NA,"(2R,3S)-Piscidic acid (conf: 7)"
"(2R,4S)-2,4-Diaminopentanoate",6,132.089865,18.5321507,"C5H12N2O2",4,"X.2R_4S..2_4.Diaminopentanoate",FALSE,NA,"(2R,4S)-2,4-Diaminopentanoate (conf: 6)"
"(2S,3R)-2-[(1R)-1-[3,5-bis(trifluoromethyl)phenyl]ethoxy]-3-(4-fluorophenyl)morpholine",5,437.1234485,10.95331723,"C20H18F7NO2",1,"X.2S_3R..2...1R..1..3_5.bis.trifluoromethyl.phenyl.ethoxy..3..4.fluorophenyl.morpholine",FALSE,NA,"(2S,3R)-2-[(1R)-1-[3,5-bis(trifluoromethyl)phenyl]ethoxy]-3-(4-fluorophenyl)morpholine (conf: 5)"
"(2S,3S)-2-Hydroxytridecane-1,2,3-tricarboxylate",7,332.1831061,4.484597795,"C16H28O7",17,"X.2S_3S..2.Hydroxytridecane.1_2_3.tricarboxylate",FALSE,NA,"(2S,3S)-2-Hydroxytridecane-1,2,3-tricarboxylate (conf: 7)"
"(2S,4R,5S)-Muscarine",5,173.1415775,10.0443043,"C9H19NO2",4,"X.2S_4R_5S..Muscarine.1",FALSE,NA,"(2S,4R,5S)-Muscarine (conf: 5)"
"(2S,4R,5S)-Muscarine",7,173.1415382,8.306176905,"C9H19NO2",4,"X.2S_4R_5S..Muscarine",FALSE,NA,"(2S,4R,5S)-Muscarine (conf: 7)"
"(2S,4S)-Monatin",5,292.1060833,5.063724088,"C14H16N2O5",2,"X.2S_4S..Monatin",FALSE,NA,"(2S,4S)-Monatin (conf: 5)"
"(3-{3,5,7-trihydroxy-6-[3,4,5-trihydroxy-6-(hydroxymethyl)oxan-2-yl]-3,4-dihydro-2H-1-benzopyran-2-yl}phenyl)oxidanesulfonic acid",7,516.0941051,8.257779006,"C21H24O13S",15,"X.3..3_5_7.trihydroxy.6..3_4_5.trihydroxy.6..hydroxymethyl.oxan.2.yl..3_4.dihydro.2H.1.benzopyran.2.yl.phenyl.oxidanesulfonic.acid",FALSE,NA,"(3-{3,5,7-trihydroxy-6-[3,4,5-trihydroxy-6-(hydroxymethyl)oxan-2-yl]-3,4-dihydro-2H-1-benzopyran-2-yl}phenyl)oxidanesulfonic acid (conf: 7)"
"(3-Methyl-2-butenyl)-benzene",7,146.1095596,2.737930634,"C11H14",1,"X.3.Methyl.2.butenyl..benzene",FALSE,NA,"(3-Methyl-2-butenyl)-benzene (conf: 7)"
"(3-oxo-3-carboxy-n-propyl)cysteine",5,221.0357306,10.01328396,"C7H11NO5S",1,"X.3.oxo.3.carboxy.n.propyl.cysteine",FALSE,NA,"(3-oxo-3-carboxy-n-propyl)cysteine (conf: 5)"
"(3-oxo-3-carboxy-n-propyl)cysteine",5,221.0358212,9.489986347,"C7H11NO5S",1,"X.3.oxo.3.carboxy.n.propyl.cysteine.2",FALSE,NA,"(3-oxo-3-carboxy-n-propyl)cysteine (conf: 5)"
"(3-oxo-3-carboxy-n-propyl)cysteine",7,221.0357561,6.552179271,"C7H11NO5S",1,"X.3.oxo.3.carboxy.n.propyl.cysteine.1",FALSE,NA,"(3-oxo-3-carboxy-n-propyl)cysteine (conf: 7)"
"(3,4,5,6-tetrahydroxyoxan-2-yl)methyl acetate",5,222.0739113,8.300008901,"C8H14O7",3,"X.3_4_5_6.tetrahydroxyoxan.2.yl.methyl.acetate",FALSE,NA,"(3,4,5,6-tetrahydroxyoxan-2-yl)methyl acetate (conf: 5)"
"(3,4,5,6-tetrahydroxyoxan-2-yl)methyl acetate",7,222.0739805,6.915238497,"C8H14O7",3,"X.3_4_5_6.tetrahydroxyoxan.2.yl.methyl.acetate.1",FALSE,NA,"(3,4,5,6-tetrahydroxyoxan-2-yl)methyl acetate (conf: 7)"
"(3b,4b,11b,14b)-11-Ethoxy-3,4-epoxy-14-hydroxy-12-cyathen-15-al 14-xyloside",5,494.2880752,2.714946044,"C27H42O8",2,"X.3b_4b_11b_14b..11.Ethoxy.3_4.epoxy.14.hydroxy.12.cyathen.15.al.14.xyloside",FALSE,NA,"(3b,4b,11b,14b)-11-Ethoxy-3,4-epoxy-14-hydroxy-12-cyathen-15-al 14-xyloside (conf: 5)"
"(3b,4b,11b,14b)-11-Ethoxy-3,4-epoxy-14-hydroxy-12-cyathen-15-al 14-xyloside",7,494.2883484,4.371535209,"C27H42O8",2,"X.3b_4b_11b_14b..11.Ethoxy.3_4.epoxy.14.hydroxy.12.cyathen.15.al.14.xyloside.1",FALSE,NA,"(3b,4b,11b,14b)-11-Ethoxy-3,4-epoxy-14-hydroxy-12-cyathen-15-al 14-xyloside (conf: 7)"
"(3R,7R)-1,3,7-Octanetriol",5,162.1256055,2.791319349,"C8H18O3",1,"X.3R_7R..1_3_7.Octanetriol",FALSE,NA,"(3R,7R)-1,3,7-Octanetriol (conf: 5)"
"(3S,5R)-carbapenam",7,155.0582335,4.465037094,"C7H9NO3",4,"X.3S_5R..carbapenam",FALSE,NA,"(3S,5R)-carbapenam (conf: 7)"
"(3S,5R)-carbapenam",7,155.0583333,7.868984953,"C7H9NO3",4,"X.3S_5R..carbapenam.1",FALSE,NA,"(3S,5R)-carbapenam (conf: 7)"
"(3S,5R)-carbapenam",7,201.0637397,10.24294302,"C7H9NO3",4,"X.3S_5R..carbapenam.2",FALSE,NA,"(3S,5R)-carbapenam (conf: 7)"
"(3S,5R,6S,9x)-7-Megastigmene-3,6,9-triol 9-glucoside",5,390.2252527,4.459749329,"C19H34O8",2,"X.3S_5R_6S_9x..7.Megastigmene.3_6_9.triol.9.glucoside",FALSE,NA,"(3S,5R,6S,9x)-7-Megastigmene-3,6,9-triol 9-glucoside (conf: 5)"
"(3S,5S)-3,5-Diaminohexanoate",8,146.105494,10.74102632,"C6H14N2O2",6,"X.3S_5S..3_5.Diaminohexanoate",FALSE,NA,"(3S,5S)-3,5-Diaminohexanoate (conf: 8)"
"(4-{[2-methoxy-4-(prop-2-en-1-yl)phenoxy]carbonyl}phenyl)oxidanesulfonic acid",5,364.0614936,10.97414544,"C17H16O7S",1,"X.4...2.methoxy.4..prop.2.en.1.yl.phenoxy.carbonyl.phenyl.oxidanesulfonic.acid",FALSE,NA,"(4-{[2-methoxy-4-(prop-2-en-1-yl)phenoxy]carbonyl}phenyl)oxidanesulfonic acid (conf: 5)"
"(4-{3,5-dihydroxy-8,8-dimethyl-4-oxo-4H,8H-pyrano[2,3-f]chromen-2-yl}phenyl)oxidanesulfonic acid",5,432.0512156,13.00309802,"C20H16O9S",3,"X.4..3_5.dihydroxy.8_8.dimethyl.4.oxo.4H_8H.pyrano.2_3.f.chromen.2.yl.phenyl.oxidanesulfonic.acid",FALSE,NA,"(4-{3,5-dihydroxy-8,8-dimethyl-4-oxo-4H,8H-pyrano[2,3-f]chromen-2-yl}phenyl)oxidanesulfonic acid (conf: 5)"
"(4-ethenyl-2-methoxyphenyl)oxidanesulfonic acid",5,230.0247059,2.583767846,"C9H10O5S",12,"X.4.ethenyl.2.methoxyphenyl.oxidanesulfonic.acid",FALSE,NA,"(4-ethenyl-2-methoxyphenyl)oxidanesulfonic acid (conf: 5)"
"(4-ethenyl-2-methoxyphenyl)oxidanesulfonic acid",7,230.0248361,2.978326451,"C9H10O5S",12,"X.4.ethenyl.2.methoxyphenyl.oxidanesulfonic.acid.1",FALSE,NA,"(4-ethenyl-2-methoxyphenyl)oxidanesulfonic acid (conf: 7)"
"(4,5-Dihydro-2-methyl-3-furanyl) ethanethioate",7,175.0667016,4.426425259,"C7H10O2S",1,"X.4_5.Dihydro.2.methyl.3.furanyl..ethanethioate",FALSE,NA,"(4,5-Dihydro-2-methyl-3-furanyl) ethanethioate (conf: 7)"
"(4,5-Dihydro-2-methyl-3-furanyl) ethanethioate",7,175.0667076,3.028245965,"C7H10O2S",1,"X.4_5.Dihydro.2.methyl.3.furanyl..ethanethioate.1",FALSE,NA,"(4,5-Dihydro-2-methyl-3-furanyl) ethanethioate (conf: 7)"
"(5-{5,7-dihydroxy-4-oxo-3-[(3,4,5-trihydroxy-6-methyloxan-2-yl)oxy]-4H-chromen-2-yl}-2-hydroxyphenyl)oxidanesulfonic acid",7,528.0581263,8.076057453,"C21H20O14S",22,"X.5..5_7.dihydroxy.4.oxo.3...3_4_5.trihydroxy.6.methyloxan.2.yl.oxy..4H.chromen.2.yl..2.hydroxyphenyl.oxidanesulfonic.acid",FALSE,NA,"(5-{5,7-dihydroxy-4-oxo-3-[(3,4,5-trihydroxy-6-methyloxan-2-yl)oxy]-4H-chromen-2-yl}-2-hydroxyphenyl)oxidanesulfonic acid (conf: 7)"
"(5-ethenyl-2-hydroxyphenyl)oxidanesulfonic acid",7,216.009238,2.733370963,"C8H8O5S",2,"X.5.ethenyl.2.hydroxyphenyl.oxidanesulfonic.acid",FALSE,NA,"(5-ethenyl-2-hydroxyphenyl)oxidanesulfonic acid (conf: 7)"
"(5,6-dihydroxy-7-methoxy-2,2-dimethyl-3,4-dihydro-2H-1-benzopyran-4-yl)oxidanesulfonic acid",5,320.0567448,7.337040492,"C12H16O8S",8,"X.5_6.dihydroxy.7.methoxy.2_2.dimethyl.3_4.dihydro.2H.1.benzopyran.4.yl.oxidanesulfonic.acid",FALSE,NA,"(5,6-dihydroxy-7-methoxy-2,2-dimethyl-3,4-dihydro-2H-1-benzopyran-4-yl)oxidanesulfonic acid (conf: 5)"
"(5,7-dihydroxy-6,8-dimethyl-2-phenyl-3,4-dihydro-2H-1-benzopyran-4-yl)oxidanesulfonic acid",5,366.0771005,5.016134705,"C17H18O7S",1,"X.5_7.dihydroxy.6_8.dimethyl.2.phenyl.3_4.dihydro.2H.1.benzopyran.4.yl.oxidanesulfonic.acid",FALSE,NA,"(5,7-dihydroxy-6,8-dimethyl-2-phenyl-3,4-dihydro-2H-1-benzopyran-4-yl)oxidanesulfonic acid (conf: 5)"
"(7-hydroxy-5-methoxy-6,8-dimethyl-2-phenyl-3,4-dihydro-2H-1-benzopyran-4-yl)oxidanesulfonic acid",5,380.0932469,10.78510693,"C18H20O7S",1,"X.7.hydroxy.5.methoxy.6_8.dimethyl.2.phenyl.3_4.dihydro.2H.1.benzopyran.4.yl.oxidanesulfonic.acid",FALSE,NA,"(7-hydroxy-5-methoxy-6,8-dimethyl-2-phenyl-3,4-dihydro-2H-1-benzopyran-4-yl)oxidanesulfonic acid (conf: 5)"
"(8-{2-[(3-methylbut-2-enoyl)oxy]propan-2-yl}-2-oxo-2H,8H,9H-furo[2,3-h]chromen-9-yl)oxidanesulfonic acid",5,424.0822763,5.290555195,"C19H20O9S",1,"X.8..2...3.methylbut.2.enoyl.oxy.propan.2.yl..2.oxo.2H_8H_9H.furo.2_3.h.chromen.9.yl.oxidanesulfonic.acid",FALSE,NA,"(8-{2-[(3-methylbut-2-enoyl)oxy]propan-2-yl}-2-oxo-2H,8H,9H-furo[2,3-h]chromen-9-yl)oxidanesulfonic acid (conf: 5)"
"(9R,13R)-1a,1b-dihomo-jasmonic acid",6,238.1568889,2.820402699,"C14H22O3",7,"X.9R_13R..1a_1b.dihomo.jasmonic.acid",FALSE,NA,"(9R,13R)-1a,1b-dihomo-jasmonic acid (conf: 6)"
"(9xi,10xi,12xi)-9,10-Dihydroxy-12-octadecenoic acid",8,314.2457353,2.56146287,"C18H34O4",22,"X.9xi_10xi_12xi..9_10.Dihydroxy.12.octadecenoic.acid",FALSE,NA,"(9xi,10xi,12xi)-9,10-Dihydroxy-12-octadecenoic acid (conf: 8)"
"(Ac)2-L-Lys-D-Ala",5,301.1638447,5.73892931,"C13H23N3O5",3,"X.Ac.2.L.Lys.D.Ala",FALSE,NA,"(Ac)2-L-Lys-D-Ala (conf: 5)"
"(acetamidomethyl)phosphonate",5,153.018787,5.36776209,"C3H8NO4P",1,"X.acetamidomethyl.phosphonate",FALSE,NA,"(acetamidomethyl)phosphonate (conf: 5)"
"(acetamidomethyl)phosphonate",5,153.0190222,10.52359439,"C3H8NO4P",1,"X.acetamidomethyl.phosphonate.1",FALSE,NA,"(acetamidomethyl)phosphonate (conf: 5)"
"(Allylthio)-L-cysteine",7,239.0286878,4.833375865,"C6H11NO2S2",1,"X.Allylthio..L.cysteine",FALSE,NA,"(Allylthio)-L-cysteine (conf: 7)"
"(Allylthio)-L-cysteine",7,239.0287322,8.336627774,"C6H11NO2S2",1,"X.Allylthio..L.cysteine.1",FALSE,NA,"(Allylthio)-L-cysteine (conf: 7)"
"(alpha-keto-dimethyl-delta-N,N-Dimethylguanidynol) valeric acid",5,201.1113214,6.709011808,"C8H15N3O3",1,"X.alpha.keto.dimethyl.delta.N_N.Dimethylguanidynol..valeric.acid",FALSE,NA,"(alpha-keto-dimethyl-delta-N,N-Dimethylguanidynol) valeric acid (conf: 5)"
"(E,E)-2,4-Octadienal",6,124.088749,2.762193553,"C8H12O",15,"X.E_E..2_4.Octadienal",FALSE,NA,"(E,E)-2,4-Octadienal (conf: 6)"
"(E,E)-N-4-Methoxystyrylcinnamide",7,279.1261449,5.338818414,"C18H17NO2",9,"X.E_E..N.4.Methoxystyrylcinnamide",FALSE,NA,"(E,E)-N-4-Methoxystyrylcinnamide (conf: 7)"
"(N-acetylneuraminosyl(a2-6)lactosamine)",5,674.2387101,8.09600581,"C25H42N2O19",3,"X.N.acetylneuraminosyl.a2.6.lactosamine.",FALSE,NA,"(N-acetylneuraminosyl(a2-6)lactosamine) (conf: 5)"
"(R) 2,3-Dihydroxy-3-methylvalerate",6,148.0735346,5.344505917,"C6H12O4",13,"X.R..2_3.Dihydroxy.3.methylvalerate",FALSE,NA,"(R) 2,3-Dihydroxy-3-methylvalerate (conf: 6)"
"(RS)-2-[4-(3-Chloro-5-(trifluoromethyl-2-pyridyloxy)phenoxy]- propionic acid",7,361.0325616,2.43450748,"C15H11ClF3NO4",1,"X.RS..2..4..3.Chloro.5..trifluoromethyl.2.pyridyloxy.phenoxy...propionic.acid",FALSE,NA,"(RS)-2-[4-(3-Chloro-5-(trifluoromethyl-2-pyridyloxy)phenoxy]- propionic acid (conf: 7)"
"(S)C(S)S-S-Methylcysteine sulfoxide",5,151.0303598,9.624675251,"C4H9NO3S",1,"X.S.C.S.S.S.Methylcysteine.sulfoxide",FALSE,NA,"(S)C(S)S-S-Methylcysteine sulfoxide (conf: 5)"
"(S,E)-Zearalenone",7,318.1467308,2.30756612,"C18H22O5",6,"X.S_E..Zearalenone",FALSE,NA,"(S,E)-Zearalenone (conf: 7)"
"(salicyl)adenylate",7,489.0665243,11.25875405,"C17H18N5O9P",2,"X.salicyl.adenylate",FALSE,NA,"(salicyl)adenylate (conf: 7)"
"(x)-1,2-Propanediol 1-O-b-D-glucopyranoside",7,260.0872756,6.753016084,"C9H18O7",1,"X.x..1_2.Propanediol.1.O.b.D.glucopyranoside",FALSE,NA,"(x)-1,2-Propanediol 1-O-b-D-glucopyranoside (conf: 7)"
"[-3-oxo-2-(phenylmethylidene)propoxy]sulfonic acid",7,259.0514952,3.147450583,"C10H10O5S",6,"X..3.oxo.2..phenylmethylidene.propoxy.sulfonic.acid",FALSE,NA,"[-3-oxo-2-(phenylmethylidene)propoxy]sulfonic acid (conf: 7)"
"[(3-methylbut-2-en-1-yl)oxy]sulfonic acid",5,166.0299818,4.795367835,"C5H10O4S",1,"X..3.methylbut.2.en.1.yl.oxy.sulfonic.acid",FALSE,NA,"[(3-methylbut-2-en-1-yl)oxy]sulfonic acid (conf: 5)"
"[(3-methylbut-2-en-1-yl)oxy]sulfonic acid",5,166.0300234,5.752894855,"C5H10O4S",1,"X..3.methylbut.2.en.1.yl.oxy.sulfonic.acid.1",FALSE,NA,"[(3-methylbut-2-en-1-yl)oxy]sulfonic acid (conf: 5)"
"[(5,7-dihydroxy-6-methyl-4-oxo-2-phenyl-3,4-dihydro-2H-1-benzopyran-8-yl)methoxy]sulfonic acid",7,416.0332663,11.46450062,"C17H16O8S",7,"X..5_7.dihydroxy.6.methyl.4.oxo.2.phenyl.3_4.dihydro.2H.1.benzopyran.8.yl.methoxy.sulfonic.acid",FALSE,NA,"[(5,7-dihydroxy-6-methyl-4-oxo-2-phenyl-3,4-dihydro-2H-1-benzopyran-8-yl)methoxy]sulfonic acid (conf: 7)"
"[(oxolan-2-yl)methoxy]sulfonic acid",5,182.0248019,10.75323041,"C5H10O5S",1,"X..oxolan.2.yl.methoxy.sulfonic.acid",FALSE,NA,"[(oxolan-2-yl)methoxy]sulfonic acid (conf: 5)"
"[(oxolan-2-yl)methoxy]sulfonic acid",5,182.024895,7.32868391,"C5H10O5S",1,"X..oxolan.2.yl.methoxy.sulfonic.acid.1",FALSE,NA,"[(oxolan-2-yl)methoxy]sulfonic acid (conf: 5)"
"[(oxolan-2-yl)methoxy]sulfonic acid",5,182.0249246,4.683545974,"C5H10O5S",1,"X..oxolan.2.yl.methoxy.sulfonic.acid.2",FALSE,NA,"[(oxolan-2-yl)methoxy]sulfonic acid (conf: 5)"
"[1-(2H-1,3-benzodioxol-5-yl)-3-(4-methoxy-1-benzofuran-5-yl)-3-oxopropoxy]sulfonic acid",7,420.0522901,10.8112586,"C19H16O9S",2,"X.1..2H.1_3.benzodioxol.5.yl..3..4.methoxy.1.benzofuran.5.yl..3.oxopropoxy.sulfonic.acid",FALSE,NA,"[1-(2H-1,3-benzodioxol-5-yl)-3-(4-methoxy-1-benzofuran-5-yl)-3-oxopropoxy]sulfonic acid (conf: 7)"
"[1-(4-methoxyphenyl)-3-phenylpropoxy]sulfonic acid",5,322.0869839,12.43085632,"C16H18O5S",1,"X.1..4.methoxyphenyl..3.phenylpropoxy.sulfonic.acid",FALSE,NA,"[1-(4-methoxyphenyl)-3-phenylpropoxy]sulfonic acid (conf: 5)"
"[1-(7-methoxy-2-oxo-2H-chromen-6-yl)-3-oxobutoxy]sulfonic acid",5,342.0415599,12.6469587,"C14H14O8S",4,"X.1..7.methoxy.2.oxo.2H.chromen.6.yl..3.oxobutoxy.sulfonic.acid",FALSE,NA,"[1-(7-methoxy-2-oxo-2H-chromen-6-yl)-3-oxobutoxy]sulfonic acid (conf: 5)"
"[2-(5,7-dihydroxy-4-oxo-2-phenyl-4H-chromen-8-yl)-4,5-dihydroxyoxan-3-yl]oxidanesulfonic acid",7,466.0575574,5.09496146,"C20H18O11S",3,"X.2..5_7.dihydroxy.4.oxo.2.phenyl.4H.chromen.8.yl..4_5.dihydroxyoxan.3.yl.oxidanesulfonic.acid",FALSE,NA,"[2-(5,7-dihydroxy-4-oxo-2-phenyl-4H-chromen-8-yl)-4,5-dihydroxyoxan-3-yl]oxidanesulfonic acid (conf: 7)"
"[2-(dimethylamino)ethoxy]sulfonic acid",5,169.0408432,4.502495151,"C4H11NO4S",1,"X.2..dimethylamino.ethoxy.sulfonic.acid",FALSE,NA,"[2-(dimethylamino)ethoxy]sulfonic acid (conf: 5)"
"[2-hydroxy-1-(1-oxo-1H-isochromen-3-yl)butoxy]sulfonic acid",7,360.0520497,10.25933168,"C13H14O7S",2,"X.2.hydroxy.1..1.oxo.1H.isochromen.3.yl.butoxy.sulfonic.acid",FALSE,NA,"[2-hydroxy-1-(1-oxo-1H-isochromen-3-yl)butoxy]sulfonic acid (conf: 7)"
"[2-hydroxy-3-(phenoxycarbonyl)phenyl]oxidanesulfonic acid",5,310.0148603,10.12348103,"C13H10O7S",1,"X.2.hydroxy.3..phenoxycarbonyl.phenyl.oxidanesulfonic.acid",FALSE,NA,"[2-hydroxy-3-(phenoxycarbonyl)phenyl]oxidanesulfonic acid (conf: 5)"
"[2-hydroxy-5-(2-hydroxy-3-methoxy-3-oxopropyl)phenyl]oxidanesulfonic acid",5,292.0253106,11.3432628,"C10H12O8S",8,"X.2.hydroxy.5..2.hydroxy.3.methoxy.3.oxopropyl.phenyl.oxidanesulfonic.acid",FALSE,NA,"[2-hydroxy-5-(2-hydroxy-3-methoxy-3-oxopropyl)phenyl]oxidanesulfonic acid (conf: 5)"
"[2-hydroxy-5-(2-hydroxy-3-methoxy-3-oxopropyl)phenyl]oxidanesulfonic acid",5,292.0253581,6.336552938,"C10H12O8S",8,"X.2.hydroxy.5..2.hydroxy.3.methoxy.3.oxopropyl.phenyl.oxidanesulfonic.acid.1",FALSE,NA,"[2-hydroxy-5-(2-hydroxy-3-methoxy-3-oxopropyl)phenyl]oxidanesulfonic acid (conf: 5)"
"[2-hydroxy-5-(2-hydroxy-3-methoxy-3-oxopropyl)phenyl]oxidanesulfonic acid",5,292.0253586,10.19707773,"C10H12O8S",8,"X.2.hydroxy.5..2.hydroxy.3.methoxy.3.oxopropyl.phenyl.oxidanesulfonic.acid.2",FALSE,NA,"[2-hydroxy-5-(2-hydroxy-3-methoxy-3-oxopropyl)phenyl]oxidanesulfonic acid (conf: 5)"
"[2-hydroxy-6-methoxy-4-(prop-2-en-1-yl)phenyl]oxidanesulfonic acid",7,260.0352629,2.576005545,"C10H12O6S",7,"X.2.hydroxy.6.methoxy.4..prop.2.en.1.yl.phenyl.oxidanesulfonic.acid",FALSE,NA,"[2-hydroxy-6-methoxy-4-(prop-2-en-1-yl)phenyl]oxidanesulfonic acid (conf: 7)"
"[2-hydroxy-6-methoxy-4-(prop-2-en-1-yl)phenyl]oxidanesulfonic acid",7,260.0354253,3.649167826,"C10H12O6S",7,"X.2.hydroxy.6.methoxy.4..prop.2.en.1.yl.phenyl.oxidanesulfonic.acid.1",FALSE,NA,"[2-hydroxy-6-methoxy-4-(prop-2-en-1-yl)phenyl]oxidanesulfonic acid (conf: 7)"
"[3-(3,5,7-trihydroxy-4-oxo-3,4-dihydro-2H-1-benzopyran-2-yl)phenyl]oxidanesulfonic acid",5,368.0202024,5.778485081,"C15H12O9S",17,"X.3..3_5_7.trihydroxy.4.oxo.3_4.dihydro.2H.1.benzopyran.2.yl.phenyl.oxidanesulfonic.acid",FALSE,NA,"[3-(3,5,7-trihydroxy-4-oxo-3,4-dihydro-2H-1-benzopyran-2-yl)phenyl]oxidanesulfonic acid (conf: 5)"
"[3-(4-methoxyphenyl)propoxy]sulfonic acid",7,263.0828827,5.901473017,"C10H14O5S",1,"X.3..4.methoxyphenyl.propoxy.sulfonic.acid",FALSE,NA,"[3-(4-methoxyphenyl)propoxy]sulfonic acid (conf: 7)"
"[3-(7-hydroxy-4-oxo-4H-chromen-2-yl)phenyl]oxidanesulfonic acid",7,334.0146804,2.854489066,"C15H10O7S",3,"X.3..7.hydroxy.4.oxo.4H.chromen.2.yl.phenyl.oxidanesulfonic.acid",FALSE,NA,"[3-(7-hydroxy-4-oxo-4H-chromen-2-yl)phenyl]oxidanesulfonic acid (conf: 7)"
"[4-({[3,5-dihydroxy-2-(hydroxymethyl)-6-(3,4,5-trihydroxybenzoyloxy)oxan-4-yl]oxy}carbonyl)-2,6-dihydroxyphenyl]oxidanesulfonic acid",5,564.0422553,6.573850016,"C20H20O17S",10,"X.4....3_5.dihydroxy.2..hydroxymethyl..6..3_4_5.trihydroxybenzoyloxy.oxan.4.yl.oxy.carbonyl..2_6.dihydroxyphenyl.oxidanesulfonic.acid",FALSE,NA,"[4-({[3,5-dihydroxy-2-(hydroxymethyl)-6-(3,4,5-trihydroxybenzoyloxy)oxan-4-yl]oxy}carbonyl)-2,6-dihydroxyphenyl]oxidanesulfonic acid (conf: 5)"
"[4-(2-phenylcyclobutyl)phenyl]oxidanesulfonic acid",7,304.0771362,9.087394206,"C16H16O4S",5,"X.4..2.phenylcyclobutyl.phenyl.oxidanesulfonic.acid",FALSE,NA,"[4-(2-phenylcyclobutyl)phenyl]oxidanesulfonic acid (conf: 7)"
"[4-(2-phenylcyclobutyl)phenyl]oxidanesulfonic acid",7,340.0531405,7.346202298,"C16H16O4S",5,"X.4..2.phenylcyclobutyl.phenyl.oxidanesulfonic.acid.1",FALSE,NA,"[4-(2-phenylcyclobutyl)phenyl]oxidanesulfonic acid (conf: 7)"
"[4-(3-hydroxybutyl)-2-methoxyphenyl]oxidanesulfonic acid",7,276.0666527,2.559843562,"C11H16O6S",2,"X.4..3.hydroxybutyl..2.methoxyphenyl.oxidanesulfonic.acid",FALSE,NA,"[4-(3-hydroxybutyl)-2-methoxyphenyl]oxidanesulfonic acid (conf: 7)"
"[4-(3-oxopentyl)phenyl]oxidanesulfonic acid",5,258.0561973,7.980097716,"C11H14O5S",5,"X.4..3.oxopentyl.phenyl.oxidanesulfonic.acid",FALSE,NA,"[4-(3-oxopentyl)phenyl]oxidanesulfonic acid (conf: 5)"
"[4-(6-methyloctanoyl)-5-oxo-2H-furan-3-yl]methyl phosphate",7,334.1175127,3.902831584,"C14H23O7P",1,"X.4..6.methyloctanoyl..5.oxo.2H.furan.3.yl.methyl.phosphate",FALSE,NA,"[4-(6-methyloctanoyl)-5-oxo-2H-furan-3-yl]methyl phosphate (conf: 7)"
"[4,5-dihydroxy-2-(5-hydroxy-7-methoxy-4-oxo-2-phenyl-4H-chromen-8-yl)oxan-3-yl]oxidanesulfonic acid",5,480.072967,9.3010633,"C21H20O11S",3,"X.4_5.dihydroxy.2..5.hydroxy.7.methoxy.4.oxo.2.phenyl.4H.chromen.8.yl.oxan.3.yl.oxidanesulfonic.acid",FALSE,NA,"[4,5-dihydroxy-2-(5-hydroxy-7-methoxy-4-oxo-2-phenyl-4H-chromen-8-yl)oxan-3-yl]oxidanesulfonic acid (conf: 5)"
"[4]-Gingerdiol 3,5-diacetate",7,352.1883398,2.910155741,"C19H28O6",1,"X.4..Gingerdiol.3_5.diacetate",FALSE,NA,"[4]-Gingerdiol 3,5-diacetate (conf: 7)"
"[5-(5,7-dihydroxy-4-oxo-4H-chromen-2-yl)-2-methoxyphenyl]oxidanesulfonic acid",7,402.0027091,8.143108587,"C16H12O9S",6,"X.5..5_7.dihydroxy.4.oxo.4H.chromen.2.yl..2.methoxyphenyl.oxidanesulfonic.acid",FALSE,NA,"[5-(5,7-dihydroxy-4-oxo-4H-chromen-2-yl)-2-methoxyphenyl]oxidanesulfonic acid (conf: 7)"
"[5-(7-hydroxy-4-oxo-4H-chromen-2-yl)-2-methoxyphenyl]oxidanesulfonic acid",7,364.0250499,2.787074709,"C16H12O8S",1,"X.5..7.hydroxy.4.oxo.4H.chromen.2.yl..2.methoxyphenyl.oxidanesulfonic.acid",FALSE,NA,"[5-(7-hydroxy-4-oxo-4H-chromen-2-yl)-2-methoxyphenyl]oxidanesulfonic acid (conf: 7)"
"[6]-Gingerdiol 3,5-diacetate",7,380.2198113,4.405481606,"C21H32O6",2,"X.6..Gingerdiol.3_5.diacetate",FALSE,NA,"[6]-Gingerdiol 3,5-diacetate (conf: 7)"
"[7-(2,4-dihydroxyphenyl)-5-methoxy-2,2-dimethyl-8-oxo-2H,3H,4H,8H-pyrano[3,2-g]chromen-3-yl]oxidanesulfonic acid",7,500.0536338,11.78128455,"C21H20O10S",3,"X.7..2_4.dihydroxyphenyl..5.methoxy.2_2.dimethyl.8.oxo.2H_3H_4H_8H.pyrano.3_2.g.chromen.3.yl.oxidanesulfonic.acid",FALSE,NA,"[7-(2,4-dihydroxyphenyl)-5-methoxy-2,2-dimethyl-8-oxo-2H,3H,4H,8H-pyrano[3,2-g]chromen-3-yl]oxidanesulfonic acid (conf: 7)"
"[FeO(OH)] monomer",7,124.9093509,8.456130046,"HFeO2",2,"X.FeO.OH...monomer",FALSE,NA,"[FeO(OH)] monomer (conf: 7)"
"[Gallocatechin(4alpha->8)]2catechin",5,898.1957787,9.386779559,"C45H38O20",1,"X.Gallocatechin.4alpha..8..2catechin",FALSE,NA,"[Gallocatechin(4alpha->8)]2catechin (conf: 5)"
"[ST (12:0) homo-seco-cholestatrien-tetrol",5,442.3084663,2.404082126,"C28H42O4",3,"X.ST..12.0..homo.seco.cholestatrien.tetrol",FALSE,NA,"[ST (12:0) homo-seco-cholestatrien-tetrol (conf: 5)"
"{[-2-methyl-3-phenylprop-2-en-1-yl]oxy}sulfonic acid",7,245.0722428,4.448507462,"C10H12O4S",2,"X...2.methyl.3.phenylprop.2.en.1.yl.oxy.sulfonic.acid",FALSE,NA,"{[-2-methyl-3-phenylprop-2-en-1-yl]oxy}sulfonic acid (conf: 7)"
"{[-5-oxo-1,7-diphenylhept-1-en-3-yl]oxy}sulfonic acid",5,360.1035497,5.874912228,"C19H20O5S",16,"X...5.oxo.1_7.diphenylhept.1.en.3.yl.oxy.sulfonic.acid.1",FALSE,NA,"{[-5-oxo-1,7-diphenylhept-1-en-3-yl]oxy}sulfonic acid (conf: 5)"
"{[-5-oxo-1,7-diphenylhept-1-en-3-yl]oxy}sulfonic acid",7,360.1034482,5.531172391,"C19H20O5S",16,"X...5.oxo.1_7.diphenylhept.1.en.3.yl.oxy.sulfonic.acid",FALSE,NA,"{[-5-oxo-1,7-diphenylhept-1-en-3-yl]oxy}sulfonic acid (conf: 7)"
"{[1-(4-methoxyphenyl)-4-methylpent-1-en-3-yl]oxy}sulfonic acid",5,286.0875811,5.316983909,"C13H18O5S",1,"X..1..4.methoxyphenyl..4.methylpent.1.en.3.yl.oxy.sulfonic.acid",FALSE,NA,"{[1-(4-methoxyphenyl)-4-methylpent-1-en-3-yl]oxy}sulfonic acid (conf: 5)"
"{[1-(4-methoxyphenyl)-4-methylpentan-3-yl]oxy}sulfonic acid",7,305.1298525,5.071379317,"C13H20O5S",1,"X..1..4.methoxyphenyl..4.methylpentan.3.yl.oxy.sulfonic.acid",FALSE,NA,"{[1-(4-methoxyphenyl)-4-methylpentan-3-yl]oxy}sulfonic acid (conf: 7)"
"{[3-(6,7-dimethoxy-2H-1,3-benzodioxol-5-yl)prop-2-en-1-yl]oxy}sulfonic acid",5,318.0410435,2.931522664,"C12H14O8S",1,"X..3..6_7.dimethoxy.2H.1_3.benzodioxol.5.yl.prop.2.en.1.yl.oxy.sulfonic.acid",FALSE,NA,"{[3-(6,7-dimethoxy-2H-1,3-benzodioxol-5-yl)prop-2-en-1-yl]oxy}sulfonic acid (conf: 5)"
"{[3-hydroxy-2-(phenylmethylidene)heptyl]oxy}sulfonic acid",5,300.1030919,4.516458077,"C14H20O5S",12,"X..3.hydroxy.2..phenylmethylidene.heptyl.oxy.sulfonic.acid",FALSE,NA,"{[3-hydroxy-2-(phenylmethylidene)heptyl]oxy}sulfonic acid (conf: 5)"
"{[3,4-dihydroxy-5-(hydroxymethyl)-2-{[3,4,5-trihydroxy-6-(hydroxymethyl)oxan-2-yl]oxy}oxolan-2-yl]methoxy}sulfonic acid",5,422.0731642,11.71145921,"C12H22O14S",6,"X..3_4.dihydroxy.5..hydroxymethyl..2...3_4_5.trihydroxy.6..hydroxymethyl.oxan.2.yl.oxy.oxolan.2.yl.methoxy.sulfonic.acid",FALSE,NA,"{[3,4-dihydroxy-5-(hydroxymethyl)-2-{[3,4,5-trihydroxy-6-(hydroxymethyl)oxan-2-yl]oxy}oxolan-2-yl]methoxy}sulfonic acid (conf: 5)"
"{[5-(4-methoxyphenyl)-3-oxopentan-2-yl]oxy}sulfonic acid",5,288.066707,10.00753257,"C12H16O6S",4,"X..5..4.methoxyphenyl..3.oxopentan.2.yl.oxy.sulfonic.acid",FALSE,NA,"{[5-(4-methoxyphenyl)-3-oxopentan-2-yl]oxy}sulfonic acid (conf: 5)"
"{[6-(5,7-dihydroxy-4-oxo-2-phenyl-3,4-dihydro-2H-1-benzopyran-8-yl)-3,4,5-trihydroxyoxan-2-yl]methoxy}sulfonic acid",7,498.0837033,7.545739623,"C21H22O12S",7,"X..6..5_7.dihydroxy.4.oxo.2.phenyl.3_4.dihydro.2H.1.benzopyran.8.yl..3_4_5.trihydroxyoxan.2.yl.methoxy.sulfonic.acid",FALSE,NA,"{[6-(5,7-dihydroxy-4-oxo-2-phenyl-3,4-dihydro-2H-1-benzopyran-8-yl)-3,4,5-trihydroxyoxan-2-yl]methoxy}sulfonic acid (conf: 7)"
"{1-[5-hydroxy-8-(2-hydroxypropan-2-yl)-2-oxo-2H,8H,9H-furo[2,3-h]chromen-4-yl]propoxy}sulfonic acid",5,400.0826534,10.07327466,"C17H20O9S",4,"X.1..5.hydroxy.8..2.hydroxypropan.2.yl..2.oxo.2H_8H_9H.furo.2_3.h.chromen.4.yl.propoxy.sulfonic.acid",FALSE,NA,"{1-[5-hydroxy-8-(2-hydroxypropan-2-yl)-2-oxo-2H,8H,9H-furo[2,3-h]chromen-4-yl]propoxy}sulfonic acid (conf: 5)"
"{1-[5-hydroxy-8-(2-hydroxypropan-2-yl)-2-oxo-2H,8H,9H-furo[2,3-h]chromen-4-yl]propoxy}sulfonic acid",7,417.1096213,7.468501947,"C17H20O9S",4,"X.1..5.hydroxy.8..2.hydroxypropan.2.yl..2.oxo.2H_8H_9H.furo.2_3.h.chromen.4.yl.propoxy.sulfonic.acid.1",FALSE,NA,"{1-[5-hydroxy-8-(2-hydroxypropan-2-yl)-2-oxo-2H,8H,9H-furo[2,3-h]chromen-4-yl]propoxy}sulfonic acid (conf: 7)"
"{2-hydroxy-5-[3-(4-methoxy-1-benzofuran-5-yl)-3-oxopropanoyl]phenyl}oxidanesulfonic acid",5,406.0359361,13.97589741,"C18H14O9S",1,"X.2.hydroxy.5..3..4.methoxy.1.benzofuran.5.yl..3.oxopropanoyl.phenyl.oxidanesulfonic.acid",FALSE,NA,"{2-hydroxy-5-[3-(4-methoxy-1-benzofuran-5-yl)-3-oxopropanoyl]phenyl}oxidanesulfonic acid (conf: 5)"
"{3-[(E)-2-[3,5-dihydroxy-4-(3-methylbut-2-en-1-yl)phenyl]ethenyl]-2,6-dihydroxyphenyl}oxidanesulfonic acid",5,408.0880111,9.135620714,"C19H20O8S",9,"X.3...E..2..3_5.dihydroxy.4..3.methylbut.2.en.1.yl.phenyl.ethenyl..2_6.dihydroxyphenyl.oxidanesulfonic.acid",FALSE,NA,"{3-[(E)-2-[3,5-dihydroxy-4-(3-methylbut-2-en-1-yl)phenyl]ethenyl]-2,6-dihydroxyphenyl}oxidanesulfonic acid (conf: 5)"
"{4-[(2,4-dihydroxy-3-oxo-6-{[3,4,5-trihydroxy-6-(hydroxymethyl)oxan-2-yl]oxy}-2,3-dihydro-1-benzofuran-2-yl)methyl]phenyl}oxidanesulfonic acid",7,530.0734811,7.101183931,"C21H22O14S",1,"X.4...2_4.dihydroxy.3.oxo.6...3_4_5.trihydroxy.6..hydroxymethyl.oxan.2.yl.oxy..2_3.dihydro.1.benzofuran.2.yl.methyl.phenyl.oxidanesulfonic.acid",FALSE,NA,"{4-[(2,4-dihydroxy-3-oxo-6-{[3,4,5-trihydroxy-6-(hydroxymethyl)oxan-2-yl]oxy}-2,3-dihydro-1-benzofuran-2-yl)methyl]phenyl}oxidanesulfonic acid (conf: 7)"
"{4-[3-(5-hydroxy-2,2-dimethyl-2H-chromen-6-yl)prop-2-enoyl]phenyl}oxidanesulfonic acid",7,402.0768049,11.79951039,"C20H18O7S",1,"X.4..3..5.hydroxy.2_2.dimethyl.2H.chromen.6.yl.prop.2.enoyl.phenyl.oxidanesulfonic.acid",FALSE,NA,"{4-[3-(5-hydroxy-2,2-dimethyl-2H-chromen-6-yl)prop-2-enoyl]phenyl}oxidanesulfonic acid (conf: 7)"
"{4-[3-(5-hydroxy-2,2-dimethyl-2H-chromen-6-yl)propanoyl]phenyl}oxidanesulfonic acid",7,404.0937312,2.469957987,"C20H20O7S",1,"X.4..3..5.hydroxy.2_2.dimethyl.2H.chromen.6.yl.propanoyl.phenyl.oxidanesulfonic.acid",FALSE,NA,"{4-[3-(5-hydroxy-2,2-dimethyl-2H-chromen-6-yl)propanoyl]phenyl}oxidanesulfonic acid (conf: 7)"
"{4-[3-(5-hydroxy-2,2-dimethyl-2H-chromen-6-yl)propanoyl]phenyl}oxidanesulfonic acid",7,421.119811,14.01076591,"C20H20O7S",1,"X.4..3..5.hydroxy.2_2.dimethyl.2H.chromen.6.yl.propanoyl.phenyl.oxidanesulfonic.acid.1",FALSE,NA,"{4-[3-(5-hydroxy-2,2-dimethyl-2H-chromen-6-yl)propanoyl]phenyl}oxidanesulfonic acid (conf: 7)"
"{4,8-dihydroxy-17-methoxy-10-oxo-2-oxatricyclo[13.2.2.1,]icosa-1(17),3,5,7(20),15,18-hexaen-14-yl}oxidanesulfonic acid",5,438.0976681,10.81373161,"C20H22O9S",6,"X.4_8.dihydroxy.17.methoxy.10.oxo.2.oxatricyclo.13.2.2.1_.icosa.1.17._3_5_7.20._15_18.hexaen.14.yl.oxidanesulfonic.acid",FALSE,NA,"{4,8-dihydroxy-17-methoxy-10-oxo-2-oxatricyclo[13.2.2.1,]icosa-1(17),3,5,7(20),15,18-hexaen-14-yl}oxidanesulfonic acid (conf: 5)"
"{5-[-3-[(6-{[3,4-dihydroxy-2,5-bis(hydroxymethyl)oxolan-2-yl]oxy}-3,4,5-trihydroxyoxan-2-yl)methoxy]-3-oxoprop-1-en-1-yl]-2-hydroxyphenyl}oxidanesulfonic acid",5,584.1044006,12.5450042,"C21H28O17S",5,"X.5...3...6...3_4.dihydroxy.2_5.bis.hydroxymethyl.oxolan.2.yl.oxy..3_4_5.trihydroxyoxan.2.yl.methoxy..3.oxoprop.1.en.1.yl..2.hydroxyphenyl.oxidanesulfonic.acid",FALSE,NA,"{5-[-3-[(6-{[3,4-dihydroxy-2,5-bis(hydroxymethyl)oxolan-2-yl]oxy}-3,4,5-trihydroxyoxan-2-yl)methoxy]-3-oxoprop-1-en-1-yl]-2-hydroxyphenyl}oxidanesulfonic acid (conf: 5)"
"{5-[-3-{[3-(3,4-dihydroxyphenyl)-1-methoxy-1-oxopropan-2-yl]oxy}-3-oxoprop-1-en-1-yl]-2-hydroxyphenyl}oxidanesulfonic acid",5,454.0574709,10.80727125,"C19H18O11S",2,"X.5...3...3..3_4.dihydroxyphenyl..1.methoxy.1.oxopropan.2.yl.oxy..3.oxoprop.1.en.1.yl..2.hydroxyphenyl.oxidanesulfonic.acid",FALSE,NA,"{5-[-3-{[3-(3,4-dihydroxyphenyl)-1-methoxy-1-oxopropan-2-yl]oxy}-3-oxoprop-1-en-1-yl]-2-hydroxyphenyl}oxidanesulfonic acid (conf: 5)"
"{5-[(E)-2-{3,5-dihydroxy-4-[-3-methylbuta-1,3-dien-1-yl]phenyl}ethenyl]-2-hydroxyphenyl}oxidanesulfonic acid",7,390.0766128,12.05030186,"C19H18O7S",1,"X.5...E..2..3_5.dihydroxy.4...3.methylbuta.1_3.dien.1.yl.phenyl.ethenyl..2.hydroxyphenyl.oxidanesulfonic.acid",FALSE,NA,"{5-[(E)-2-{3,5-dihydroxy-4-[-3-methylbuta-1,3-dien-1-yl]phenyl}ethenyl]-2-hydroxyphenyl}oxidanesulfonic acid (conf: 7)"
"{5-[6-(3,4-dihydroxy-6-methyl-5-oxooxan-2-yl)-5,7-dihydroxy-4-oxo-4H-chromen-2-yl]-2-hydroxyphenyl}oxidanesulfonic acid",5,510.0475409,9.045715199,"C21H18O13S",3,"X.5..6..3_4.dihydroxy.6.methyl.5.oxooxan.2.yl..5_7.dihydroxy.4.oxo.4H.chromen.2.yl..2.hydroxyphenyl.oxidanesulfonic.acid",FALSE,NA,"{5-[6-(3,4-dihydroxy-6-methyl-5-oxooxan-2-yl)-5,7-dihydroxy-4-oxo-4H-chromen-2-yl]-2-hydroxyphenyl}oxidanesulfonic acid (conf: 5)"
"{6-hydroxy-3-[3-(3-hydroxyphenyl)-3-oxoprop-1-en-1-yl]-2-methoxyphenyl}oxidanesulfonic acid",5,366.0406319,2.747208602,"C16H14O8S",4,"X.6.hydroxy.3..3..3.hydroxyphenyl..3.oxoprop.1.en.1.yl..2.methoxyphenyl.oxidanesulfonic.acid",FALSE,NA,"{6-hydroxy-3-[3-(3-hydroxyphenyl)-3-oxoprop-1-en-1-yl]-2-methoxyphenyl}oxidanesulfonic acid (conf: 5)"
"{6-hydroxy-3-[3-(3-hydroxyphenyl)-3-oxoprop-1-en-1-yl]-2-methoxyphenyl}oxidanesulfonic acid",7,366.0406975,2.352632679,"C16H14O8S",4,"X.6.hydroxy.3..3..3.hydroxyphenyl..3.oxoprop.1.en.1.yl..2.methoxyphenyl.oxidanesulfonic.acid.1",FALSE,NA,"{6-hydroxy-3-[3-(3-hydroxyphenyl)-3-oxoprop-1-en-1-yl]-2-methoxyphenyl}oxidanesulfonic acid (conf: 7)"
"1-(1,2,3,4,5-Pentahydroxypent-1-yl)-1,2,3,4-tetrahydro-beta-carboline-3-carboxylate",5,366.1428272,9.986690232,"C17H22N2O7",2,"X1..1_2_3_4_5.Pentahydroxypent.1.yl..1_2_3_4.tetrahydro.beta.carboline.3.carboxylate",FALSE,NA,"1-(1,2,3,4,5-Pentahydroxypent-1-yl)-1,2,3,4-tetrahydro-beta-carboline-3-carboxylate (conf: 5)"
"1-(2-Hydroxyphenylamino)-1-deoxy-beta-D-gentiobioside 1,2-carbamate",7,505.1437791,6.348078182,"C19H25NO12",1,"X1..2.Hydroxyphenylamino..1.deoxy.beta.D.gentiobioside.1_2.carbamate",FALSE,NA,"1-(2-Hydroxyphenylamino)-1-deoxy-beta-D-gentiobioside 1,2-carbamate (conf: 7)"
"1-(2H-1,3-Benzodioxol-5-yl)-2-[2,6-dimethoxy-4-(prop-2-en-1-yl)phenoxy]propyl benzoate",7,493.2096072,9.929882122,"C28H28O7",1,"X1..2H.1_3.Benzodioxol.5.yl..2..2_6.dimethoxy.4..prop.2.en.1.yl.phenoxy.propyl.benzoate",FALSE,NA,"1-(2H-1,3-Benzodioxol-5-yl)-2-[2,6-dimethoxy-4-(prop-2-en-1-yl)phenoxy]propyl benzoate (conf: 7)"
"1-(3-Methyl-2-butenoyl)-6-apiosylglucose",7,416.1292967,5.871663411,"C16H26O11",1,"X1..3.Methyl.2.butenoyl..6.apiosylglucose",FALSE,NA,"1-(3-Methyl-2-butenoyl)-6-apiosylglucose (conf: 7)"
"1-(4-Methoxyphenyl)-3-(4-morpholinyl)-1-propanone",5,249.136398,2.697952139,"C14H19NO3",3,"X1..4.Methoxyphenyl..3..4.morpholinyl..1.propanone",FALSE,NA,"1-(4-Methoxyphenyl)-3-(4-morpholinyl)-1-propanone (conf: 5)"
"1-(5'-Phosphoribosyl)-5-amino-4-(N-succinocarboxamide)-imidazole",8,454.0733374,11.59554019,"C13H19N4O12P",1,"X1..5..Phosphoribosyl..5.amino.4..N.succinocarboxamide..imidazole",FALSE,NA,"1-(5'-Phosphoribosyl)-5-amino-4-(N-succinocarboxamide)-imidazole (conf: 8)"
"1-(6-[1]-ladderane-hexanoyl)-2-(8-[3]-ladderane-octanyl)-sn-glycerol",5,620.4808592,2.43958621,"C41H64O4",1,"X1..6..1..ladderane.hexanoyl..2..8..3..ladderane.octanyl..sn.glycerol",FALSE,NA,"1-(6-[1]-ladderane-hexanoyl)-2-(8-[3]-ladderane-octanyl)-sn-glycerol (conf: 5)"
"1-(6-[3]-ladderane-hexanoyl)-2-(8-[3]-ladderane-octanyl)-sn-glycerol",5,622.4967725,2.455232765,"C41H66O4",1,"X1..6..3..ladderane.hexanoyl..2..8..3..ladderane.octanyl..sn.glycerol",FALSE,NA,"1-(6-[3]-ladderane-hexanoyl)-2-(8-[3]-ladderane-octanyl)-sn-glycerol (conf: 5)"
"1-(6-sulfo-alpha-D-quinovosyl)glycerol",5,318.0622562,10.39749714,"C9H18O10S",1,"X1..6.sulfo.alpha.D.quinovosyl.glycerol",FALSE,NA,"1-(6-sulfo-alpha-D-quinovosyl)glycerol (conf: 5)"
"1-(8-[1]-ladderane-octanoyl)-2-(8-[3]-ladderane-octanyl)-sn-glycerol",5,648.5123853,2.465305188,"C43H68O4",2,"X1..8..1..ladderane.octanoyl..2..8..3..ladderane.octanyl..sn.glycerol",FALSE,NA,"1-(8-[1]-ladderane-octanoyl)-2-(8-[3]-ladderane-octanyl)-sn-glycerol (conf: 5)"
"1-(8-[3]-ladderane-octanoyl-2-(8-[3]-ladderane-octanyl)-sn-glycerol",7,650.5281422,2.344443679,"C43H70O4",1,"X1..8..3..ladderane.octanoyl.2..8..3..ladderane.octanyl..sn.glycerol",FALSE,NA,"1-(8-[3]-ladderane-octanoyl-2-(8-[3]-ladderane-octanyl)-sn-glycerol (conf: 7)"
"1-(beta-D-Glucopyranosyloxy)-3-octanone",5,306.1679128,4.42750971,"C14H26O7",2,"X1..beta.D.Glucopyranosyloxy..3.octanone",FALSE,NA,"1-(beta-D-Glucopyranosyloxy)-3-octanone (conf: 5)"
"1-(beta-D-Glucopyranosyloxy)-3-octanone",5,306.1679198,2.907342207,"C14H26O7",2,"X1..beta.D.Glucopyranosyloxy..3.octanone.1",FALSE,NA,"1-(beta-D-Glucopyranosyloxy)-3-octanone (conf: 5)"
"1-(beta-D-Ribofuranosyl)-1,4-dihydronicotinamide",5,256.1059291,7.25811152,"C11H16N2O5",2,"X1..beta.D.Ribofuranosyl..1_4.dihydronicotinamide",FALSE,NA,"1-(beta-D-Ribofuranosyl)-1,4-dihydronicotinamide (conf: 5)"
"1-(beta-D-Ribofuranosyl)-1,4-dihydronicotinamide",5,256.1060097,8.383913479,"C11H16N2O5",2,"X1..beta.D.Ribofuranosyl..1_4.dihydronicotinamide.2",FALSE,NA,"1-(beta-D-Ribofuranosyl)-1,4-dihydronicotinamide (conf: 5)"
"1-(beta-D-Ribofuranosyl)-1,4-dihydronicotinamide",7,256.1059533,5.435030426,"C11H16N2O5",2,"X1..beta.D.Ribofuranosyl..1_4.dihydronicotinamide.1",FALSE,NA,"1-(beta-D-Ribofuranosyl)-1,4-dihydronicotinamide (conf: 7)"
"1-(docosahexaenoyl)-glycero-3-phosphate",5,482.2434045,2.810925819,"C25H39O7P",1,"X1..docosahexaenoyl..glycero.3.phosphate",FALSE,NA,"1-(docosahexaenoyl)-glycero-3-phosphate (conf: 5)"
"1-(eicosadienoyl)-glycero-3-phosphate",5,462.2749603,2.861885036,"C23H43O7P",1,"X1..eicosadienoyl..glycero.3.phosphate",FALSE,NA,"1-(eicosadienoyl)-glycero-3-phosphate (conf: 5)"
"1-(eicosatrienoyl)-glycero-3-phosphate",5,460.2589122,2.880211464,"C23H41O7P",2,"X1..eicosatrienoyl..glycero.3.phosphate",FALSE,NA,"1-(eicosatrienoyl)-glycero-3-phosphate (conf: 5)"
"1-(eicosenoyl)-glycero-3-phosphate",5,464.2904305,2.836135619,"C23H45O7P",1,"X1..eicosenoyl..glycero.3.phosphate",FALSE,NA,"1-(eicosenoyl)-glycero-3-phosphate (conf: 5)"
"1-(sn-Glycero-3-phospho)-myo-inositol",7,334.0665407,11.53587468,"C9H19O11P",5,"X1..sn.Glycero.3.phospho..myo.inositol",FALSE,NA,"1-(sn-Glycero-3-phospho)-myo-inositol (conf: 7)"
"1-[(3-Carboxypropyl)amino]-1-deoxyfructose",5,265.1161894,9.26231272,"C10H19NO7",1,"X1...3.Carboxypropyl.amino..1.deoxyfructose",FALSE,NA,"1-[(3-Carboxypropyl)amino]-1-deoxyfructose (conf: 5)"
"1-[(3-Carboxypropyl)amino]-1-deoxyfructose",5,265.1162607,6.798064922,"C10H19NO7",1,"X1...3.Carboxypropyl.amino..1.deoxyfructose.2",FALSE,NA,"1-[(3-Carboxypropyl)amino]-1-deoxyfructose (conf: 5)"
"1-[(3-Carboxypropyl)amino]-1-deoxyfructose",7,265.1162142,10.69318907,"C10H19NO7",1,"X1...3.Carboxypropyl.amino..1.deoxyfructose.1",FALSE,NA,"1-[(3-Carboxypropyl)amino]-1-deoxyfructose (conf: 7)"
"1-18:2-lysophosphatidylethanolamine",5,491.3014845,2.860960897,"C24H46NO7P",1,"X1.18.2.lysophosphatidylethanolamine",FALSE,NA,"1-18:2-lysophosphatidylethanolamine (conf: 5)"
"1-5-diazabicyclononane",5,126.1156336,8.127788175,"C7H14N2",3,"X1.5.diazabicyclononane",FALSE,NA,"1-5-diazabicyclononane (conf: 5)"
"1-acyl LPI",5,362.0611953,10.74505001,"C10H19O12P",2,"X1.acyl.LPI",FALSE,NA,"1-acyl LPI (conf: 5)"
"1-alkyl-2-acylglycerophosphoethanolamine",5,243.0509653,7.030529014,"C6H14NO7P",1,"X1.alkyl.2.acylglycerophosphoethanolamine",FALSE,NA,"1-alkyl-2-acylglycerophosphoethanolamine (conf: 5)"
"1-alkyl-2-acylglycerophosphoethanolamine",7,265.0324248,4.750424986,"C6H14NO7P",1,"X1.alkyl.2.acylglycerophosphoethanolamine.1",FALSE,NA,"1-alkyl-2-acylglycerophosphoethanolamine (conf: 7)"
"1-Aminocyclopropanecarboxylic acid",6,101.0476007,8.875290918,"C4H7NO2",8,"X1.Aminocyclopropanecarboxylic.acid",FALSE,NA,"1-Aminocyclopropanecarboxylic acid (conf: 6)"
"1-Arachidonoylglycerophosphoinositol",5,620.2964941,2.635619521,"C29H49O12P",1,"X1.Arachidonoylglycerophosphoinositol",FALSE,NA,"1-Arachidonoylglycerophosphoinositol (conf: 5)"
"1-beta-D-glucopyranosylbrassinin",5,400.0765742,8.928506926,"C16H20N2O6S2",1,"X1.beta.D.glucopyranosylbrassinin",FALSE,NA,"1-beta-D-glucopyranosylbrassinin (conf: 5)"
"1-Caffeoyl-4-deoxyquinic acid",7,355.1268184,5.684383331,"C16H18O8",16,"X1.Caffeoyl.4.deoxyquinic.acid",FALSE,NA,"1-Caffeoyl-4-deoxyquinic acid (conf: 7)"
"1-Cyano-2-hydroxy-3-butene",5,97.05270517,2.540706134,"C5H7NO",5,"X1.Cyano.2.hydroxy.3.butene.2",FALSE,NA,"1-Cyano-2-hydroxy-3-butene (conf: 5)"
"1-Cyano-2-hydroxy-3-butene",5,97.05275644,9.587254842,"C5H7NO",5,"X1.Cyano.2.hydroxy.3.butene.4",FALSE,NA,"1-Cyano-2-hydroxy-3-butene (conf: 5)"
"1-Cyano-2-hydroxy-3-butene",7,97.05268116,9.184440859,"C5H7NO",5,"X1.Cyano.2.hydroxy.3.butene",FALSE,NA,"1-Cyano-2-hydroxy-3-butene (conf: 7)"
"1-Cyano-2-hydroxy-3-butene",7,97.05269249,7.773214492,"C5H7NO",5,"X1.Cyano.2.hydroxy.3.butene.1",FALSE,NA,"1-Cyano-2-hydroxy-3-butene (conf: 7)"
"1-Cyano-2-hydroxy-3-butene",7,97.05271488,8.176956439,"C5H7NO",5,"X1.Cyano.2.hydroxy.3.butene.3",FALSE,NA,"1-Cyano-2-hydroxy-3-butene (conf: 7)"
"1-deoxy-1-morpholino-D-fructose",7,249.1212885,7.805695983,"C10H19NO6",1,"X1.deoxy.1.morpholino.D.fructose",FALSE,NA,"1-deoxy-1-morpholino-D-fructose (conf: 7)"
"1-Deoxy-D-altro-heptulose 7-phosphate",5,274.0454138,11.0996413,"C7H15O9P",5,"X1.Deoxy.D.altro.heptulose.7.phosphate",FALSE,NA,"1-Deoxy-D-altro-heptulose 7-phosphate (conf: 5)"
"1-Deoxy-D-glucitol",5,166.0841435,6.853537321,"C6H14O5",3,"X1.Deoxy.D.glucitol",FALSE,NA,"1-Deoxy-D-glucitol (conf: 5)"
"1-Deoxynojirimycin",7,163.0844103,10.83479788,"C6H13NO4",14,"X1.Deoxynojirimycin",FALSE,NA,"1-Deoxynojirimycin (conf: 7)"
"1-deoxyxylonojirimycin",5,133.0738346,8.306996286,"C5H11NO3",7,"X1.deoxyxylonojirimycin",FALSE,NA,"1-deoxyxylonojirimycin (conf: 5)"
"1-deoxyxylonojirimycin",7,133.0738773,9.207111777,"C5H11NO3",7,"X1.deoxyxylonojirimycin.1",FALSE,NA,"1-deoxyxylonojirimycin (conf: 7)"
"1-dimethylarsinoyl-decane",5,262.1279961,12.65687553,"C12H27AsO",1,"X1.dimethylarsinoyl.decane",FALSE,NA,"1-dimethylarsinoyl-decane (conf: 5)"
"1-Dodecene",7,185.2141856,6.711162871,"C12H24",8,"X1.Dodecene",FALSE,NA,"1-Dodecene (conf: 7)"
"1-Dodecene",7,185.2143303,4.560573635,"C12H24",8,"X1.Dodecene.1",FALSE,NA,"1-Dodecene (conf: 7)"
"1-Epideacetylbowdensine",7,336.1686689,5.402173147,"C17H21NO5",2,"X1.Epideacetylbowdensine",FALSE,NA,"1-Epideacetylbowdensine (conf: 7)"
"1-heptadecanoyl-glycero-3-phosphate",5,424.2589927,2.886576422,"C20H41O7P",1,"X1.heptadecanoyl.glycero.3.phosphate",FALSE,NA,"1-heptadecanoyl-glycero-3-phosphate (conf: 5)"
"1-hexadecyl-glycero-3-phosphate",7,396.2639378,2.939275316,"C19H41O6P",1,"X1.hexadecyl.glycero.3.phosphate",FALSE,NA,"1-hexadecyl-glycero-3-phosphate (conf: 7)"
"1-Isothiocyanato-6-(methylthio)hexane",7,206.0911526,6.295068868,"C8H15NS2",2,"X1.Isothiocyanato.6..methylthio.hexane",FALSE,NA,"1-Isothiocyanato-6-(methylthio)hexane (conf: 7)"
"1-Isothiocyanatobutane",7,115.0454657,4.44607096,"C5H9NS",3,"X1.Isothiocyanatobutane",FALSE,NA,"1-Isothiocyanatobutane (conf: 7)"
"1-Lyso-2-arachidonoyl-phosphatidate",5,458.2432072,2.838879298,"C23H39O7P",2,"X1.Lyso.2.arachidonoyl.phosphatidate",FALSE,NA,"1-Lyso-2-arachidonoyl-phosphatidate (conf: 5)"
"1-Methoxy-1-(2,4,5-trimethoxyphenyl)-2-propanol",5,256.1310338,4.439560199,"C13H20O5",2,"X1.Methoxy.1..2_4_5.trimethoxyphenyl..2.propanol",FALSE,NA,"1-Methoxy-1-(2,4,5-trimethoxyphenyl)-2-propanol (conf: 5)"
"1-Methoxy-1-(2,4,5-trimethoxyphenyl)-2-propanol",5,256.1310687,3.015683869,"C13H20O5",2,"X1.Methoxy.1..2_4_5.trimethoxyphenyl..2.propanol.1",FALSE,NA,"1-Methoxy-1-(2,4,5-trimethoxyphenyl)-2-propanol (conf: 5)"
"1-Methoxy-1-(2,4,5-trimethoxyphenyl)-2-propanol",7,273.1575794,7.087003761,"C13H20O5",2,"X1.Methoxy.1..2_4_5.trimethoxyphenyl..2.propanol.2",FALSE,NA,"1-Methoxy-1-(2,4,5-trimethoxyphenyl)-2-propanol (conf: 7)"
"1-Methoxy-1-(2,4,5-trimethoxyphenyl)-2-propanol",7,273.157649,5.468572604,"C13H20O5",2,"X1.Methoxy.1..2_4_5.trimethoxyphenyl..2.propanol.3",FALSE,NA,"1-Methoxy-1-(2,4,5-trimethoxyphenyl)-2-propanol (conf: 7)"
"1-Methoxyspirobrassinin",5,280.034203,10.35255057,"C12H12N2O2S2",2,"X1.Methoxyspirobrassinin",FALSE,NA,"1-Methoxyspirobrassinin (conf: 5)"
"1-Methyl-1,3-cyclohexadiene",5,94.07818579,4.437509155,"C7H10",3,"X1.Methyl.1_3.cyclohexadiene",FALSE,NA,"1-Methyl-1,3-cyclohexadiene (conf: 5)"
"1-Methyl-1,3-cyclohexadiene",7,94.07818881,2.923667194,"C7H10",3,"X1.Methyl.1_3.cyclohexadiene.1",FALSE,NA,"1-Methyl-1,3-cyclohexadiene (conf: 7)"
"1-Methyl 2-galloylgalactarate",7,398.045516,13.09701863,"C14H16O12",2,"X1.Methyl.2.galloylgalactarate",FALSE,NA,"1-Methyl 2-galloylgalactarate (conf: 7)"
"1-Methyladenosine",5,281.1123492,9.140160957,"C11H15N5O4",7,"X1.Methyladenosine",FALSE,NA,"1-Methyladenosine (conf: 5)"
"1-Methylhistamine",8,125.0952168,13.42175815,"C6H11N3",5,"X1.Methylhistamine",FALSE,NA,"1-Methylhistamine (conf: 8)"
"1-Methylhistidine",8,169.0851219,8.08929678,"C7H11N3O2",6,"X1.Methylhistidine",FALSE,NA,"1-Methylhistidine (conf: 8)"
"1-Methylhypoxanthine",5,150.0542053,6.636981099,"C6H6N4O",2,"X1.Methylhypoxanthine.1",FALSE,NA,"1-Methylhypoxanthine (conf: 5)"
"1-Methylhypoxanthine",7,150.0541497,5.112806997,"C6H6N4O",2,"X1.Methylhypoxanthine",FALSE,NA,"1-Methylhypoxanthine (conf: 7)"
"1-Methylinosine",5,282.0964256,5.111073681,"C11H14N4O5",4,"X1.Methylinosine",FALSE,NA,"1-Methylinosine (conf: 5)"
"1-Methylinosine",7,282.0964278,6.736238484,"C11H14N4O5",4,"X1.Methylinosine.1",FALSE,NA,"1-Methylinosine (conf: 7)"
"1-Methylnicotinamide",8,136.0635768,14.93925913,"C7H8N2O",8,"X1.Methylnicotinamide",FALSE,NA,"1-Methylnicotinamide (conf: 8)"
"1-Methylpyrrole",5,81.05783713,5.894406472,"C5H7N",4,"X1.Methylpyrrole",FALSE,NA,"1-Methylpyrrole (conf: 5)"
"1-Methylpyrrolinium",5,83.07350053,8.292526918,"C5H9N",7,"X1.Methylpyrrolinium",FALSE,NA,"1-Methylpyrrolinium (conf: 5)"
"1-N6-ethanoadenine",7,197.0470953,8.481653499,"C7H7N5",1,"X1.N6.ethanoadenine",FALSE,NA,"1-N6-ethanoadenine (conf: 7)"
"1-nitrohexane",5,131.094583,3.035773657,"C6H13NO2",14,"X1.nitrohexane",FALSE,NA,"1-nitrohexane (conf: 5)"
"1-nonadecanoyl-glycero-3-phosphate",5,452.2903406,2.81450112,"C22H45O7P",2,"X1.nonadecanoyl.glycero.3.phosphate",FALSE,NA,"1-nonadecanoyl-glycero-3-phosphate (conf: 5)"
"1-O-(hydroxy-8-methyl-9-decadienoyl)-beta-D-glucopyranose",7,360.1784929,3.024420978,"C17H28O8",1,"X1.O..hydroxy.8.methyl.9.decadienoyl..beta.D.glucopyranose",FALSE,NA,"1-O-(hydroxy-8-methyl-9-decadienoyl)-beta-D-glucopyranose (conf: 7)"
"1-O-(hydroxy-8-methyl-9-decadienoyl)-beta-D-glucopyranose",7,406.1839375,2.66658438,"C17H28O8",1,"X1.O..hydroxy.8.methyl.9.decadienoyl..beta.D.glucopyranose.1",FALSE,NA,"1-O-(hydroxy-8-methyl-9-decadienoyl)-beta-D-glucopyranose (conf: 7)"
"1-O-(hydroxy-hexadecyl)-sn-glycerol",5,332.292757,25.54538161,"C19H40O4",1,"X1.O..hydroxy.hexadecyl..sn.glycerol",FALSE,NA,"1-O-(hydroxy-hexadecyl)-sn-glycerol (conf: 5)"
"1-O-isobutyryl-beta-D-glucose",5,250.1050202,10.14927649,"C10H18O7",1,"X1.O.isobutyryl.beta.D.glucose",FALSE,NA,"1-O-isobutyryl-beta-D-glucose (conf: 5)"
"1-O-isobutyryl-beta-D-glucose",5,250.1053401,4.99927524,"C10H18O7",1,"X1.O.isobutyryl.beta.D.glucose.1",FALSE,NA,"1-O-isobutyryl-beta-D-glucose (conf: 5)"
"1-O-malyl-beta-D-glucose",5,296.0744078,11.05456027,"C10H16O10",1,"X1.O.malyl.beta.D.glucose",FALSE,NA,"1-O-malyl-beta-D-glucose (conf: 5)"
"1-O-methyl-beta-D-glucuronate",5,208.0582729,10.30300644,"C7H12O7",2,"X1.O.methyl.beta.D.glucuronate",FALSE,NA,"1-O-methyl-beta-D-glucuronate (conf: 5)"
"1-O-methyl-beta-D-glucuronate",5,208.0582776,8.320077941,"C7H12O7",2,"X1.O.methyl.beta.D.glucuronate.1",FALSE,NA,"1-O-methyl-beta-D-glucuronate (conf: 5)"
"1-O-Sinapoylglucose",5,386.1206759,4.924980988,"C17H22O10",14,"X1.O.Sinapoylglucose",FALSE,NA,"1-O-Sinapoylglucose (conf: 5)"
"1-Octen-3-yl glucoside",5,290.1729306,6.872447586,"C14H26O6",3,"X1.Octen.3.yl.glucoside",FALSE,NA,"1-Octen-3-yl glucoside (conf: 5)"
"1-Octen-3-yl glucoside",7,336.1784083,4.866284451,"C14H26O6",3,"X1.Octen.3.yl.glucoside.1",FALSE,NA,"1-Octen-3-yl glucoside (conf: 7)"
"1-palmitoyl-dihydroxyacetone-phosphate",5,408.2276809,2.938354632,"C19H37O7P",3,"X1.palmitoyl.dihydroxyacetone.phosphate",FALSE,NA,"1-palmitoyl-dihydroxyacetone-phosphate (conf: 5)"
"1-Palmitoylglycerophosphoinositol",7,572.2963734,2.719597117,"C25H49O12P",1,"X1.Palmitoylglycerophosphoinositol",FALSE,NA,"1-Palmitoylglycerophosphoinositol (conf: 7)"
"1-Phenyl-1-pentanone",5,162.1044667,4.438372589,"C11H14O",11,"X1.Phenyl.1.pentanone",FALSE,NA,"1-Phenyl-1-pentanone (conf: 5)"
"1-Piperideine-2-carboxylic acid",6,127.0632511,6.208346213,"C6H9NO2",11,"X1.Piperideine.2.carboxylic.acid",FALSE,NA,"1-Piperideine-2-carboxylic acid (conf: 6)"
"1-Pyrroline-2-carboxylic acid",6,113.0475428,6.824672543,"C5H7NO2",10,"X1.Pyrroline.2.carboxylic.acid",FALSE,NA,"1-Pyrroline-2-carboxylic acid (conf: 6)"
"1-Pyrroline-2-carboxylic acid",8,113.0476666,4.718929529,"C5H7NO2",10,"X1.Pyrroline.2.carboxylic.acid.1",FALSE,NA,"1-Pyrroline-2-carboxylic acid (conf: 8)"
"1-Pyrroline-5-carboxylic acid",6,113.0475938,9.222251679,"C5H7NO2",10,"X1.Pyrroline.5.carboxylic.acid",FALSE,NA,"1-Pyrroline-5-carboxylic acid (conf: 6)"
"1-Pyrroline-5-carboxylic acid",8,113.0476934,10.74049302,"C5H7NO2",10,"X1.Pyrroline.5.carboxylic.acid.1",FALSE,NA,"1-Pyrroline-5-carboxylic acid (conf: 8)"
"1-Salicylate glucuronide",5,314.0638718,8.362524133,"C13H14O9",7,"X1.Salicylate.glucuronide.1",FALSE,NA,"1-Salicylate glucuronide (conf: 5)"
"1-Salicylate glucuronide",7,314.0638715,13.48448507,"C13H14O9",7,"X1.Salicylate.glucuronide",FALSE,NA,"1-Salicylate glucuronide (conf: 7)"
"1-Sinapoyl-D-glucose",7,422.09729,10.35714364,"C17H22O10",14,"X1.Sinapoyl.D.glucose",FALSE,NA,"1-Sinapoyl-D-glucose (conf: 7)"
"1-Stearoylglycerophosphoinositol",7,600.3276172,7.824440248,"C27H53O12P",3,"X1.Stearoylglycerophosphoinositol",FALSE,NA,"1-Stearoylglycerophosphoinositol (conf: 7)"
"1-Stearoylglycerophosphoinositol",7,600.3276462,5.389593681,"C27H53O12P",3,"X1.Stearoylglycerophosphoinositol.1",FALSE,NA,"1-Stearoylglycerophosphoinositol (conf: 7)"
"1-Stearoylglycerophosphoinositol",7,600.3278072,2.652101723,"C27H53O12P",3,"X1.Stearoylglycerophosphoinositol.2",FALSE,NA,"1-Stearoylglycerophosphoinositol (conf: 7)"
"1-tetradecanyl-2-(8-[3]-ladderane-octanyl)-sn-glycerophosphocholine",5,725.5733117,3.908674157,"C42H80NO6P",1,"X1.tetradecanyl.2..8..3..ladderane.octanyl..sn.glycerophosphocholine.1",FALSE,NA,"1-tetradecanyl-2-(8-[3]-ladderane-octanyl)-sn-glycerophosphocholine (conf: 5)"
"1-tetradecanyl-2-(8-[3]-ladderane-octanyl)-sn-glycerophosphocholine",7,725.5725973,2.630132171,"C42H80NO6P",1,"X1.tetradecanyl.2..8..3..ladderane.octanyl..sn.glycerophosphocholine",FALSE,NA,"1-tetradecanyl-2-(8-[3]-ladderane-octanyl)-sn-glycerophosphocholine (conf: 7)"
"1-thio-beta-D-glucose",5,196.040653,5.036127603,"C6H12O5S",1,"X1.thio.beta.D.glucose",FALSE,NA,"1-thio-beta-D-glucose (conf: 5)"
"1-Tridecene-3,5,7,9,11-pentayne",7,179.0737386,4.417539223,"C13H6",1,"X1.Tridecene.3_5_7_9_11.pentayne",FALSE,NA,"1-Tridecene-3,5,7,9,11-pentayne (conf: 7)"
"1-Tridecene-3,5,7,9,11-pentayne",7,179.0737832,3.030074126,"C13H6",1,"X1.Tridecene.3_5_7_9_11.pentayne.1",FALSE,NA,"1-Tridecene-3,5,7,9,11-pentayne (conf: 7)"
"1,1'-(Tetrahydro-6a-hydroxy-2,3a,5-trimethylfuro[2,3-d]-1,3-dioxole-2,5-diyl)bis-ethanone",5,258.1103211,8.307868268,"C12H18O6",1,"X1_1...Tetrahydro.6a.hydroxy.2_3a_5.trimethylfuro.2_3.d..1_3.dioxole.2_5.diyl.bis.ethanone",FALSE,NA,"1,1'-(Tetrahydro-6a-hydroxy-2,3a,5-trimethylfuro[2,3-d]-1,3-dioxole-2,5-diyl)bis-ethanone (conf: 5)"
"1,1'-bis-valienamine",7,350.1689701,10.71703677,"C14H23NO8",1,"X1_1..bis.valienamine",FALSE,NA,"1,1'-bis-valienamine (conf: 7)"
"1,2-Dehydroreticuline",7,327.1472205,8.601140767,"C19H21NO4",17,"X1_2.Dehydroreticuline",FALSE,NA,"1,2-Dehydroreticuline (conf: 7)"
"1,2-Dehydrosalsolinol",7,177.0789339,6.385803223,"C10H11NO2",8,"X1_2.Dehydrosalsolinol",FALSE,NA,"1,2-Dehydrosalsolinol (conf: 7)"
"1,2-Diacylglycerol-LD-PI-pool",5,119.0370439,4.531988473,"C7H5NO",2,"X1_2.Diacylglycerol.LD.PI.pool",FALSE,NA,"1,2-Diacylglycerol-LD-PI-pool (conf: 5)"
"1,2-Diacylglycerol-LD-PI-pool",5,119.0371072,2.548452152,"C7H5NO",2,"X1_2.Diacylglycerol.LD.PI.pool.1",FALSE,NA,"1,2-Diacylglycerol-LD-PI-pool (conf: 5)"
"1,2-dibutyrin",5,232.1311099,7.760465052,"C11H20O5",1,"X1_2.dibutyrin",FALSE,NA,"1,2-dibutyrin (conf: 5)"
"1,2-dibutyrin",5,232.1311419,10.10823146,"C11H20O5",1,"X1_2.dibutyrin.1",FALSE,NA,"1,2-dibutyrin (conf: 5)"
"1,2-Dihydro-1,1,6-trimethylnaphthalene",5,172.1253839,25.50313438,"C13H16",1,"X1_2.Dihydro.1_1_6.trimethylnaphthalene",FALSE,NA,"1,2-Dihydro-1,1,6-trimethylnaphthalene (conf: 5)"
"1,2-Dihydrosantonin",5,248.1412928,2.882659674,"C15H20O3",59,"X1_2.Dihydrosantonin",FALSE,NA,"1,2-Dihydrosantonin (conf: 5)"
"1,2-Dihydroxymint lactone",7,198.0892242,2.807739241,"C10H14O4",12,"X1_2.Dihydroxymint.lactone",FALSE,NA,"1,2-Dihydroxymint lactone (conf: 7)"
"1,2,3-Tris(1-ethoxyethoxy)propane",5,308.2199893,4.372644568,"C15H32O6",1,"X1_2_3.Tris.1.ethoxyethoxy.propane",FALSE,NA,"1,2,3-Tris(1-ethoxyethoxy)propane (conf: 5)"
"1,2,3-Tris(1-ethoxyethoxy)propane",7,308.2199982,2.746141914,"C15H32O6",1,"X1_2_3.Tris.1.ethoxyethoxy.propane.1",FALSE,NA,"1,2,3-Tris(1-ethoxyethoxy)propane (conf: 7)"
"1,2,3,4-Tetrahydro-beta-carboline-3-carboxylic acid",5,216.0896356,6.527433301,"C12H12N2O2",1,"X1_2_3_4.Tetrahydro.beta.carboline.3.carboxylic.acid",FALSE,NA,"1,2,3,4-Tetrahydro-beta-carboline-3-carboxylic acid (conf: 5)"
"1,2,3,4-Tetrahydro-beta-carboline-3-carboxylic acid",7,252.0669261,2.404806671,"C12H12N2O2",1,"X1_2_3_4.Tetrahydro.beta.carboline.3.carboxylic.acid.1",FALSE,NA,"1,2,3,4-Tetrahydro-beta-carboline-3-carboxylic acid (conf: 7)"
"1,3-Octadiene",5,108.0938201,2.773586552,"C8H12",2,"X1_3.Octadiene.1",FALSE,NA,"1,3-Octadiene (conf: 5)"
"1,3-Octadiene",7,108.0938132,4.428032775,"C8H12",2,"X1_3.Octadiene",FALSE,NA,"1,3-Octadiene (conf: 7)"
"1,3,5-Trimethoxybenzene",5,168.0784862,3.518284402,"C9H12O3",17,"X1_3_5.Trimethoxybenzene",FALSE,NA,"1,3,5-Trimethoxybenzene (conf: 5)"
"1,3,5-Trimethoxybenzene",5,168.0786778,2.960626877,"C9H12O3",17,"X1_3_5.Trimethoxybenzene.1",FALSE,NA,"1,3,5-Trimethoxybenzene (conf: 5)"
"1,3,8-Trihydroxy-4-methyl-2,7-diprenylxanthone",7,394.1775444,10.06828973,"C24H26O5",1,"X1_3_8.Trihydroxy.4.methyl.2_7.diprenylxanthone",FALSE,NA,"1,3,8-Trihydroxy-4-methyl-2,7-diprenylxanthone (conf: 7)"
"1,4'-Bipiperidine-1'-carboxylic acid",5,212.1524689,25.81991393,"C11H20N2O2",1,"X1_4..Bipiperidine.1..carboxylic.acid",FALSE,NA,"1,4'-Bipiperidine-1'-carboxylic acid (conf: 5)"
"1,4-beta-D-Glucan",6,536.1594752,11.03971435,"C18H32O18",1,"X1_4.beta.D.Glucan",FALSE,NA,"1,4-beta-D-Glucan (conf: 6)"
"1,4-Dimethyl-7-ethylazulene",7,184.1251761,2.518956986,"C14H16",1,"X1_4.Dimethyl.7.ethylazulene",FALSE,NA,"1,4-Dimethyl-7-ethylazulene (conf: 7)"
"1,5-Dibutyl methyl hydroxycitrate",7,334.1629654,5.074752843,"C15H26O8",1,"X1_5.Dibutyl.methyl.hydroxycitrate",FALSE,NA,"1,5-Dibutyl methyl hydroxycitrate (conf: 7)"
"10-hydroxy-11-dodecenoic acid",7,214.1569389,4.207518235,"C12H22O3",14,"X10.hydroxy.11.dodecenoic.acid",FALSE,NA,"10-hydroxy-11-dodecenoic acid (conf: 7)"
"10-Hydroxy-8-nor-2-fenchanone glucoside",5,316.1525402,2.989892517,"C15H24O7",2,"X10.Hydroxy.8.nor.2.fenchanone.glucoside",FALSE,NA,"10-Hydroxy-8-nor-2-fenchanone glucoside (conf: 5)"
"10-Hydroxy-8-nor-2-fenchanone glucoside",7,333.1788961,7.939442783,"C15H24O7",2,"X10.Hydroxy.8.nor.2.fenchanone.glucoside.1",FALSE,NA,"10-Hydroxy-8-nor-2-fenchanone glucoside (conf: 7)"
"10-Hydroxy-8-nor-2-fenchanone glucoside",7,333.1789585,8.519644253,"C15H24O7",2,"X10.Hydroxy.8.nor.2.fenchanone.glucoside.2",FALSE,NA,"10-Hydroxy-8-nor-2-fenchanone glucoside (conf: 7)"
"10-Hydroxy-8-nor-2-fenchanone glucoside",7,362.1575227,7.406539476,"C15H24O7",2,"X10.Hydroxy.8.nor.2.fenchanone.glucoside.3",FALSE,NA,"10-Hydroxy-8-nor-2-fenchanone glucoside (conf: 7)"
"10-hydroxydecanoate",7,188.1412259,3.7649903,"C10H20O3",20,"X10.hydroxydecanoate",FALSE,NA,"10-hydroxydecanoate (conf: 7)"
"10,11-dihydro-20-dihydroxy-LTB4",5,370.2353699,2.879482253,"C20H34O6",19,"X10_11.dihydro.20.dihydroxy.LTB4",FALSE,NA,"10,11-dihydro-20-dihydroxy-LTB4 (conf: 5)"
"10,11-dihydro-20-trihydroxy-leukotriene B4",7,386.2302606,2.683541658,"C20H34O7",2,"X10_11.dihydro.20.trihydroxy.leukotriene.B4",FALSE,NA,"10,11-dihydro-20-trihydroxy-leukotriene B4 (conf: 7)"
"104-1",7,468.1425019,6.442894109,"C25H24O9",4,"X104.1",FALSE,NA,"104-1 (conf: 7)"
"11-dehydro-2,3-dinor-TXB2",7,357.2152566,4.68662718,"C18H28O6",1,"X11.dehydro.2_3.dinor.TXB2",FALSE,NA,"11-dehydro-2,3-dinor-TXB2 (conf: 7)"
"11-Dehydrocorticosterone",7,344.1986804,2.621596063,"C21H28O4",9,"X11.Dehydrocorticosterone",FALSE,NA,"11-Dehydrocorticosterone (conf: 7)"
"11-deoxy-16,16-dimethyl-PGE2",5,364.2610638,2.492463789,"C22H36O4",9,"X11.deoxy.16_16.dimethyl.PGE2",FALSE,NA,"11-deoxy-16,16-dimethyl-PGE2 (conf: 5)"
"11-hydroxy-9,10-dihydrojasmonic acid 11-beta-D-glucoside",5,390.1886972,4.48618548,"C18H30O9",3,"X11.hydroxy.9_10.dihydrojasmonic.acid.11.beta.D.glucoside",FALSE,NA,"11-hydroxy-9,10-dihydrojasmonic acid 11-beta-D-glucoside (conf: 5)"
"11-hydroxy-9,10-dihydrojasmonic acid 11-beta-D-glucoside",5,390.1887707,6.117116653,"C18H30O9",3,"X11.hydroxy.9_10.dihydrojasmonic.acid.11.beta.D.glucoside.1",FALSE,NA,"11-hydroxy-9,10-dihydrojasmonic acid 11-beta-D-glucoside (conf: 5)"
"11-O-Demethyl-7-methoxypradimicinone II",7,587.1034116,7.832993384,"C28H23NO12",2,"X11.O.Demethyl.7.methoxypradimicinone.II",FALSE,NA,"11-O-Demethyl-7-methoxypradimicinone II (conf: 7)"
"11-undecanolactone",7,184.1462561,4.442147286,"C11H20O2",45,"X11.undecanolactone",FALSE,NA,"11-undecanolactone (conf: 7)"
"11,12,13-TriHOME",8,330.2405873,2.787719341,"C18H34O5",13,"X11_12_13.TriHOME",FALSE,NA,"11,12,13-TriHOME (conf: 8)"
"11,12,15-trihydroxy palmitic acid",5,304.2251229,2.99293226,"C16H32O5",5,"X11_12_15.trihydroxy.palmitic.acid",FALSE,NA,"11,12,15-trihydroxy palmitic acid (conf: 5)"
"11beta-17-Dihydroxy-6alpha-methylpregn-4-ene-3,20-dione",5,360.2297307,2.475571819,"C22H32O4",21,"X11beta.17.Dihydroxy.6alpha.methylpregn.4.ene.3_20.dione",FALSE,NA,"11beta-17-Dihydroxy-6alpha-methylpregn-4-ene-3,20-dione (conf: 5)"
"12-(2-Cyclopenten-1-yl)-2-dodecanone",7,267.2562903,4.427109651,"C17H30O",6,"X12..2.Cyclopenten.1.yl..2.dodecanone",FALSE,NA,"12-(2-Cyclopenten-1-yl)-2-dodecanone (conf: 7)"
"12-(2-Cyclopenten-1-yl)-2-dodecanone",7,267.2563271,2.916831716,"C17H30O",6,"X12..2.Cyclopenten.1.yl..2.dodecanone.1",FALSE,NA,"12-(2-Cyclopenten-1-yl)-2-dodecanone (conf: 7)"
"12-ethyl-8-propyl-3-vinylbacteriochlorophyllide d",5,584.2638914,2.39493331,"C35H36MgN4O3",1,"X12.ethyl.8.propyl.3.vinylbacteriochlorophyllide.d",FALSE,NA,"12-ethyl-8-propyl-3-vinylbacteriochlorophyllide d (conf: 5)"
"12-ethyl-8-propylbacteriochlorophyllide e",5,630.2697887,2.69803736,"C36H38MgN4O5",1,"X12.ethyl.8.propylbacteriochlorophyllide.e",FALSE,NA,"12-ethyl-8-propylbacteriochlorophyllide e (conf: 5)"
"12-HETE",8,320.2350745,2.434405386,"C20H32O3",47,"X12.HETE",FALSE,NA,"12-HETE (conf: 8)"
"12-Hydroxy-12-octadecanoylcarnitine",5,443.360907,2.932919889,"C25H49NO5",2,"X12.Hydroxy.12.octadecanoylcarnitine",FALSE,NA,"12-Hydroxy-12-octadecanoylcarnitine (conf: 5)"
"12-oxo-10,11-dihydro-20-COOH-LTB4",7,366.2039383,4.525566117,"C20H30O6",13,"X12.oxo.10_11.dihydro.20.COOH.LTB4",FALSE,NA,"12-oxo-10,11-dihydro-20-COOH-LTB4 (conf: 7)"
"12-Oxo-20-carboxy-leukotriene B4",7,364.1882513,3.771249399,"C20H28O6",22,"X12.Oxo.20.carboxy.leukotriene.B4",FALSE,NA,"12-Oxo-20-carboxy-leukotriene B4 (conf: 7)"
"12-oxo-20-dihydroxy-leukotriene B4",5,366.2040376,3.103329897,"C20H30O6",13,"X12.oxo.20.dihydroxy.leukotriene.B4",FALSE,NA,"12-oxo-20-dihydroxy-leukotriene B4 (conf: 5)"
"12-Oxo-20-hydroxy-leukotriene B4",7,386.1856262,2.592525859,"C20H30O5",29,"X12.Oxo.20.hydroxy.leukotriene.B4",FALSE,NA,"12-Oxo-20-hydroxy-leukotriene B4 (conf: 7)"
"12-Oxo-20-trihydroxy-leukotriene B4",7,382.1985344,5.822734578,"C20H30O7",4,"X12.Oxo.20.trihydroxy.leukotriene.B4",FALSE,NA,"12-Oxo-20-trihydroxy-leukotriene B4 (conf: 7)"
"12(S)-Leukotriene B4",6,336.2299795,2.79951555,"C20H32O4",58,"X12.S..Leukotriene.B4",FALSE,NA,"12(S)-Leukotriene B4 (conf: 6)"
"12,14-Pentacosadiynoic acid",5,374.318203,2.394508046,"C25H42O2",8,"X12_14.Pentacosadiynoic.acid",FALSE,NA,"12,14-Pentacosadiynoic acid (conf: 5)"
"12a-Hydroxyerythynone",5,440.1479689,9.41641095,"C24H24O8",2,"X12a.Hydroxyerythynone",FALSE,NA,"12a-Hydroxyerythynone (conf: 5)"
"12beta-hydroxy-24-norcholesta-1,4,trien-3-one",7,382.2867899,2.570474979,"C26H38O2",2,"X12beta.hydroxy.24.norcholesta.1_4_trien.3.one",FALSE,NA,"12beta-hydroxy-24-norcholesta-1,4,trien-3-one (conf: 7)"
"13-chloro-5,14-dihydroxy-7,12-dimethyl-6-(3-methylbut-2-en-1-yl)-10-oxo-2,9-dioxatricyclo[9.4.0.0,]pentadeca-1(15),3(8),4,6,11,13-hexaene-15-carbaldehyde",5,402.0873962,3.762413904,"C21H19ClO6",1,"X13.chloro.5_14.dihydroxy.7_12.dimethyl.6..3.methylbut.2.en.1.yl..10.oxo.2_9.dioxatricyclo.9.4.0.0_.pentadeca.1.15._3.8._4_6_11_13.hexaene.15.carbaldehyde",FALSE,NA,"13-chloro-5,14-dihydroxy-7,12-dimethyl-6-(3-methylbut-2-en-1-yl)-10-oxo-2,9-dioxatricyclo[9.4.0.0,]pentadeca-1(15),3(8),4,6,11,13-hexaene-15-carbaldehyde (conf: 5)"
"13-dimethylarsinoyl-tridecanoic acid",5,334.1490983,12.78649763,"C15H31AsO3",1,"X13.dimethylarsinoyl.tridecanoic.acid",FALSE,NA,"13-dimethylarsinoyl-tridecanoic acid (conf: 5)"
"13-Hydroxy-5'-O-methylmelledonal",5,462.1886777,8.817453199,"C24H30O9",2,"X13.Hydroxy.5..O.methylmelledonal",FALSE,NA,"13-Hydroxy-5'-O-methylmelledonal (conf: 5)"
"13-Hydroxylupanine",7,264.1838073,5.918547742,"C15H24N2O2",5,"X13.Hydroxylupanine",FALSE,NA,"13-Hydroxylupanine (conf: 7)"
"13-tetradecen-2,4-diyn-1-ol",5,204.1515324,2.697547115,"C14H20O",7,"X13.tetradecen.2_4.diyn.1.ol",FALSE,NA,"13-tetradecen-2,4-diyn-1-ol (conf: 5)"
"13,14-Dihydro-15-oxo-lipoxin A4",7,352.2249601,4.712539112,"C20H32O5",100,"X13_14.Dihydro.15.oxo.lipoxin.A4",FALSE,NA,"13,14-Dihydro-15-oxo-lipoxin A4 (conf: 7)"
"14-hydroxy-10,13-dioxoheptadec-7-enoic acid",7,312.1936914,2.685929034,"C17H28O5",3,"X14.hydroxy.10_13.dioxoheptadec.7.enoic.acid",FALSE,NA,"14-hydroxy-10,13-dioxoheptadec-7-enoic acid (conf: 7)"
"14,19-Dihydroaspidospermatine",5,340.2151621,25.93165592,"C21H28N2O2",2,"X14_19.Dihydroaspidospermatine",FALSE,NA,"14,19-Dihydroaspidospermatine (conf: 5)"
"15-Epi-lipoxin A4",7,352.2247388,2.898873639,"C20H32O5",100,"X15.Epi.lipoxin.A4",FALSE,NA,"15-Epi-lipoxin A4 (conf: 7)"
"15-Epi-lipoxin B5",5,350.2091888,3.018503884,"C20H30O5",29,"X15.Epi.lipoxin.B5",FALSE,NA,"15-Epi-lipoxin B5 (conf: 5)"
"15-hydroxy-pentacosanoic acid",5,398.3758119,2.340209452,"C25H50O3",3,"X15.hydroxy.pentacosanoic.acid",FALSE,NA,"15-hydroxy-pentacosanoic acid (conf: 5)"
"15(S)-Hydroxyeicosatrienoic acid",6,322.2507571,2.417357521,"C20H34O3",20,"X15.S..Hydroxyeicosatrienoic.acid",FALSE,NA,"15(S)-Hydroxyeicosatrienoic acid (conf: 6)"
"15R,18R)-15-hydroxy-18-bromo-13,16,17-octadecatrienoic acid",7,408.1073577,10.578188,"C18H29BrO3",2,"X15R_18R..15.hydroxy.18.bromo.13_16_17.octadecatrienoic.acid",FALSE,NA,"15R,18R)-15-hydroxy-18-bromo-13,16,17-octadecatrienoic acid (conf: 7)"
"16-Acetylpriverogenin A",5,514.3653843,2.358951796,"C32H50O5",3,"X16.Acetylpriverogenin.A",FALSE,NA,"16-Acetylpriverogenin A (conf: 5)"
"16-bromo-hexadecadien-5,13-diynoic acid",5,322.0568631,8.823918976,"C16H19BrO2",1,"X16.bromo.hexadecadien.5_13.diynoic.acid",FALSE,NA,"16-bromo-hexadecadien-5,13-diynoic acid (conf: 5)"
"16-dimethylarsinoyl-hexadecenoic acid",5,374.180537,11.07318502,"C18H35AsO3",1,"X16.dimethylarsinoyl.hexadecenoic.acid",FALSE,NA,"16-dimethylarsinoyl-hexadecenoic acid (conf: 5)"
"16-dimethylarsinoyl-hexadecenoic acid",5,374.1807122,9.333432269,"C18H35AsO3",1,"X16.dimethylarsinoyl.hexadecenoic.acid.1",FALSE,NA,"16-dimethylarsinoyl-hexadecenoic acid (conf: 5)"
"16-heptadecadien-8-ynoic acid",7,262.1933439,2.630494624,"C17H26O2",15,"X16.heptadecadien.8.ynoic.acid",FALSE,NA,"16-heptadecadien-8-ynoic acid (conf: 7)"
"16a-Hydroxydehydroisoandrosterone",7,304.2039458,2.587749998,"C19H28O3",33,"X16a.Hydroxydehydroisoandrosterone",FALSE,NA,"16a-Hydroxydehydroisoandrosterone (conf: 7)"
"17-dimethylarsinoyl-heptadecenoic acid",5,388.1958678,7.583440986,"C19H37AsO3",1,"X17.dimethylarsinoyl.heptadecenoic.acid",FALSE,NA,"17-dimethylarsinoyl-heptadecenoic acid (conf: 5)"
"17a,21-Dihydroxy-5b-pregnane-3,11,20-trione",7,362.2091271,2.883810898,"C21H30O5",15,"X17a_21.Dihydroxy.5b.pregnane.3_11_20.trione",FALSE,NA,"17a,21-Dihydroxy-5b-pregnane-3,11,20-trione (conf: 7)"
"17beta-Hydroxy-6beta-methyl-5alpha-androstan-3-one propionate",5,360.2665619,2.509444075,"C23H36O3",4,"X17beta.Hydroxy.6beta.methyl.5alpha.androstan.3.one.propionate",FALSE,NA,"17beta-Hydroxy-6beta-methyl-5alpha-androstan-3-one propionate (conf: 5)"
"17beta-Nitro-5alpha-androstane",5,305.2356327,2.764466675,"C19H31NO2",1,"X17beta.Nitro.5alpha.androstane",FALSE,NA,"17beta-Nitro-5alpha-androstane (conf: 5)"
"18-Hydroxycortisol",7,378.2041507,4.233583341,"C21H30O6",9,"X18.Hydroxycortisol",FALSE,NA,"18-Hydroxycortisol (conf: 7)"
"18-oxo-nonadecanoic acid",7,312.2665542,2.45977419,"C19H36O3",4,"X18.oxo.nonadecanoic.acid",FALSE,NA,"18-oxo-nonadecanoic acid (conf: 7)"
"18,19-dehydro-9-methoxy-camptothecin",7,376.1053874,12.05424998,"C21H16N2O5",1,"X18_19.dehydro.9.methoxy.camptothecin",FALSE,NA,"18,19-dehydro-9-methoxy-camptothecin (conf: 7)"
"19-Oic-deoxycorticosterone",5,360.1934313,2.814941359,"C21H28O5",9,"X19.Oic.deoxycorticosterone",FALSE,NA,"19-Oic-deoxycorticosterone (conf: 5)"
"2'-Deoxy-5-hydroxymethylcytidine-5'-diphosphate",6,417.0339349,11.01203101,"C10H17N3O11P2",1,"X2..Deoxy.5.hydroxymethylcytidine.5..diphosphate",FALSE,NA,"2'-Deoxy-5-hydroxymethylcytidine-5'-diphosphate (conf: 6)"
"2'-hydroxypyridoxol",5,185.0687524,5.759771532,"C8H11NO4",1,"X2..hydroxypyridoxol",FALSE,NA,"2'-hydroxypyridoxol (conf: 5)"
"2'-hydroxypyridoxol",5,185.0687675,5.09477206,"C8H11NO4",1,"X2..hydroxypyridoxol.1",FALSE,NA,"2'-hydroxypyridoxol (conf: 5)"
"2'-N-acetylparomamine",5,365.1796827,11.59156555,"C14H27N3O8",1,"X2..N.acetylparomamine",FALSE,NA,"2'-N-acetylparomamine (conf: 5)"
"2'-N-acetylparomamine",5,365.1798492,11.00784828,"C14H27N3O8",1,"X2..N.acetylparomamine.1",FALSE,NA,"2'-N-acetylparomamine (conf: 5)"
"2',2'-Difluorodeoxyuridine",7,300.0324404,9.915714978,"C9H10F2N2O5",1,"X2._2..Difluorodeoxyuridine",FALSE,NA,"2',2'-Difluorodeoxyuridine (conf: 7)"
"2-(1,3-dioxoisoindolin-2-yl)ethanesulfonate",7,255.020183,2.818656771,"C10H9NO5S",1,"X2..1_3.dioxoisoindolin.2.yl.ethanesulfonate",FALSE,NA,"2-(1,3-dioxoisoindolin-2-yl)ethanesulfonate (conf: 7)"
"2-(2'-methylthio)ethylmalic-acid",5,208.0405863,7.942401176,"C7H12O5S",2,"X2..2..methylthio.ethylmalic.acid",FALSE,NA,"2-(2'-methylthio)ethylmalic-acid (conf: 5)"
"2-(2-Methylpropoxy)naphthalene",7,200.1200246,2.404838176,"C14H16O",2,"X2..2.Methylpropoxy.naphthalene",FALSE,NA,"2-(2-Methylpropoxy)naphthalene (conf: 7)"
"2-(2-Phenylacetoxy)propionylglycine",5,265.0947869,4.735991958,"C13H15NO5",2,"X2..2.Phenylacetoxy.propionylglycine",FALSE,NA,"2-(2-Phenylacetoxy)propionylglycine (conf: 5)"
"2-(2-Phenylacetoxy)propionylglycine",5,265.095357,6.738920698,"C13H15NO5",2,"X2..2.Phenylacetoxy.propionylglycine.1",FALSE,NA,"2-(2-Phenylacetoxy)propionylglycine (conf: 5)"
"2-(2-Thienylmethylene)-1,6-dioxaspiro[4.4]non-3-ene",5,220.0558068,9.261404068,"C12H12O2S",2,"X2..2.Thienylmethylene..1_6.dioxaspiro.4.4.non.3.ene",FALSE,NA,"2-(2-Thienylmethylene)-1,6-dioxaspiro[4.4]non-3-ene (conf: 5)"
"2-(2-Thienylmethylene)-1,6-dioxaspiro[4.4]non-3-ene",5,220.0558772,11.73794149,"C12H12O2S",2,"X2..2.Thienylmethylene..1_6.dioxaspiro.4.4.non.3.ene.1",FALSE,NA,"2-(2-Thienylmethylene)-1,6-dioxaspiro[4.4]non-3-ene (conf: 5)"
"2-(3'-methylthio)propylmalate",7,244.037743,9.414882591,"C8H14O5S",2,"X2..3..methylthio.propylmalate",FALSE,NA,"2-(3'-methylthio)propylmalate (conf: 7)"
"2-(3-Phenylpropyl)pyridine",5,197.1203852,26.95022025,"C14H15N",1,"X2..3.Phenylpropyl.pyridine",FALSE,NA,"2-(3-Phenylpropyl)pyridine (conf: 5)"
"2-(3,4-dihydroxyphenyl)-3-hydroxy-5-sulfino-3,4-dihydro-2H-1-benzopyran-7-olate",5,338.0458186,2.934080678,"C15H14O7S",15,"X2..3_4.dihydroxyphenyl..3.hydroxy.5.sulfino.3_4.dihydro.2H.1.benzopyran.7.olate",FALSE,NA,"2-(3,4-dihydroxyphenyl)-3-hydroxy-5-sulfino-3,4-dihydro-2H-1-benzopyran-7-olate (conf: 5)"
"2-(3,4-dihydroxyphenyl)-3-hydroxy-5-sulfino-3,4-dihydro-2H-1-benzopyran-7-olate",7,338.0459411,4.435101605,"C15H14O7S",15,"X2..3_4.dihydroxyphenyl..3.hydroxy.5.sulfino.3_4.dihydro.2H.1.benzopyran.7.olate.1",FALSE,NA,"2-(3,4-dihydroxyphenyl)-3-hydroxy-5-sulfino-3,4-dihydro-2H-1-benzopyran-7-olate (conf: 7)"
"2-(3,4-dihydroxyphenyl)-3,7-dihydroxy-5-{[3,4,5-trihydroxy-6-(hydroxymethyl)oxan-2-yl]oxy}-1-chromen-1-ylium",5,448.1004074,4.746033311,"C21H20O11",47,"X2..3_4.dihydroxyphenyl..3_7.dihydroxy.5...3_4_5.trihydroxy.6..hydroxymethyl.oxan.2.yl.oxy..1.chromen.1.ylium",FALSE,NA,"2-(3,4-dihydroxyphenyl)-3,7-dihydroxy-5-{[3,4,5-trihydroxy-6-(hydroxymethyl)oxan-2-yl]oxy}-1-chromen-1-ylium (conf: 5)"
"2-(3,4-dimethoxyphenyl)-5,7-dihydroxy-3,6,8-trimethoxy-4H-chromen-4-one",5,404.1102772,9.297369232,"C20H20O9",15,"X2..3_4.dimethoxyphenyl..5_7.dihydroxy.3_6_8.trimethoxy.4H.chromen.4.one",FALSE,NA,"2-(3,4-dimethoxyphenyl)-5,7-dihydroxy-3,6,8-trimethoxy-4H-chromen-4-one (conf: 5)"
"2-(3,5-Dichlorophenylcarbamoyl)-1,2-dimethylcyclopropane-1- carboxylic acid",7,301.0267908,4.894580095,"C13H13Cl2NO3",1,"X2..3_5.Dichlorophenylcarbamoyl..1_2.dimethylcyclopropane.1..carboxylic.acid",FALSE,NA,"2-(3,5-Dichlorophenylcarbamoyl)-1,2-dimethylcyclopropane-1- carboxylic acid (conf: 7)"
"2-(4'-methylthio)butylmalate",5,236.0718973,8.50747023,"C9H16O5S",2,"X2..4..methylthio.butylmalate",FALSE,NA,"2-(4'-methylthio)butylmalate (conf: 5)"
"2-(4'-methylthio)butylmalate",5,236.0720055,9.027579367,"C9H16O5S",2,"X2..4..methylthio.butylmalate.1",FALSE,NA,"2-(4'-methylthio)butylmalate (conf: 5)"
"2-(4-Hydroxyphenyl)naphthalic anhydride",7,290.0573514,7.995694812,"C18H10O4",1,"X2..4.Hydroxyphenyl.naphthalic.anhydride",FALSE,NA,"2-(4-Hydroxyphenyl)naphthalic anhydride (conf: 7)"
"2-(4-Hydroxyphenyl)naphthalic anhydride",7,290.0574019,8.538596493,"C18H10O4",1,"X2..4.Hydroxyphenyl.naphthalic.anhydride.1",FALSE,NA,"2-(4-Hydroxyphenyl)naphthalic anhydride (conf: 7)"
"2-(4-pyridyl)ethanesulfonate",7,187.0302834,5.458416678,"C7H9NO3S",1,"X2..4.pyridyl.ethanesulfonate",FALSE,NA,"2-(4-pyridyl)ethanesulfonate (conf: 7)"
"2-(4-pyridyl)ethanesulfonate",7,204.0568313,3.464651717,"C7H9NO3S",1,"X2..4.pyridyl.ethanesulfonate.1",FALSE,NA,"2-(4-pyridyl)ethanesulfonate (conf: 7)"
"2-(4-sulfophenyl)decane",5,298.1603177,2.330550549,"C16H26O3S",1,"X2..4.sulfophenyl.decane",FALSE,NA,"2-(4-sulfophenyl)decane (conf: 5)"
"2-(4-sulfophenyl)decane",5,298.1603663,11.71945332,"C16H26O3S",1,"X2..4.sulfophenyl.decane.2",FALSE,NA,"2-(4-sulfophenyl)decane (conf: 5)"
"2-(4-sulfophenyl)decane",7,298.1603573,10.95869088,"C16H26O3S",1,"X2..4.sulfophenyl.decane.1",FALSE,NA,"2-(4-sulfophenyl)decane (conf: 7)"
"2-(5'-methylthio)pentylmalate",7,286.0643692,9.002252934,"C10H18O5S",2,"X2..5..methylthio.pentylmalate",FALSE,NA,"2-(5'-methylthio)pentylmalate (conf: 7)"
"2-(6'-methylthio)hexylmalate",5,264.1033328,7.399959187,"C11H20O5S",2,"X2..6..methylthio.hexylmalate",FALSE,NA,"2-(6'-methylthio)hexylmalate (conf: 5)"
"2-(Acetamidomethylene)succinate",5,187.0480533,10.43755442,"C7H9NO5",4,"X2..Acetamidomethylene.succinate",FALSE,NA,"2-(Acetamidomethylene)succinate (conf: 5)"
"2-(Acetamidomethylene)succinate",5,187.0480667,9.222159504,"C7H9NO5",4,"X2..Acetamidomethylene.succinate.1",FALSE,NA,"2-(Acetamidomethylene)succinate (conf: 5)"
"2-(Acetamidomethylene)succinate",5,187.0480807,6.103552299,"C7H9NO5",4,"X2..Acetamidomethylene.succinate.2",FALSE,NA,"2-(Acetamidomethylene)succinate (conf: 5)"
"2-(acetylamino)-1,5-anhydro-2-deoxy-3-O-b-D-galactopyranosyl-D-arabino-Hex-1-enitol",5,365.1323408,9.039731677,"C14H23NO10",2,"X2..acetylamino..1_5.anhydro.2.deoxy.3.O.b.D.galactopyranosyl.D.arabino.Hex.1.enitol",FALSE,NA,"2-(acetylamino)-1,5-anhydro-2-deoxy-3-O-b-D-galactopyranosyl-D-arabino-Hex-1-enitol (conf: 5)"
"2-(acetylamino)-1,5-anhydro-2-deoxy-4-O-b-D-galactopyranosyl-D-arabino-Hex-1-enitol",5,365.1323174,10.06280055,"C14H23NO10",2,"X2..acetylamino..1_5.anhydro.2.deoxy.4.O.b.D.galactopyranosyl.D.arabino.Hex.1.enitol",FALSE,NA,"2-(acetylamino)-1,5-anhydro-2-deoxy-4-O-b-D-galactopyranosyl-D-arabino-Hex-1-enitol (conf: 5)"
"2-(alpha-D-Galactosyl)-sn-glycerol 3-phosphate",5,334.0665958,9.489249464,"C9H19O11P",5,"X2..alpha.D.Galactosyl..sn.glycerol.3.phosphate",FALSE,NA,"2-(alpha-D-Galactosyl)-sn-glycerol 3-phosphate (conf: 5)"
"2-(Ethylamino)-4,5-dihydroxybenzamide",5,196.0847227,4.476367155,"C9H12N2O3",2,"X2..Ethylamino..4_5.dihydroxybenzamide",FALSE,NA,"2-(Ethylamino)-4,5-dihydroxybenzamide (conf: 5)"
"2-(Ethylamino)-4,5-dihydroxybenzamide",5,196.0847721,3.125732791,"C9H12N2O3",2,"X2..Ethylamino..4_5.dihydroxybenzamide.1",FALSE,NA,"2-(Ethylamino)-4,5-dihydroxybenzamide (conf: 5)"
"2-(glutathion-S-yl)-2-methylbut-3-enoate",7,405.1207546,8.810112156,"C15H23N3O8S",1,"X2..glutathion.S.yl..2.methylbut.3.enoate",FALSE,NA,"2-(glutathion-S-yl)-2-methylbut-3-enoate (conf: 7)"
"2-(Hydroxymethyl)-3-(acetamidomethylene)succinate",5,217.058607,9.240591398,"C8H11NO6",2,"X2..Hydroxymethyl..3..acetamidomethylene.succinate",FALSE,NA,"2-(Hydroxymethyl)-3-(acetamidomethylene)succinate (conf: 5)"
"2-(Hydroxymethyl)-3-(acetamidomethylene)succinate",5,217.0588282,10.49116076,"C8H11NO6",2,"X2..Hydroxymethyl..3..acetamidomethylene.succinate.1",FALSE,NA,"2-(Hydroxymethyl)-3-(acetamidomethylene)succinate (conf: 5)"
"2-(Methylamino)benzoic acid",7,151.0633206,8.24292258,"C8H9NO2",19,"X2..Methylamino.benzoic.acid",FALSE,NA,"2-(Methylamino)benzoic acid (conf: 7)"
"2-(Methylthio)pyrazine",5,126.0251232,9.640469536,"C5H6N2S",2,"X2..Methylthio.pyrazine",FALSE,NA,"2-(Methylthio)pyrazine (conf: 5)"
"2-(sulfomethyl)thiazolidine-4-carboxylate",7,226.9922594,11.588781,"C5H9NO5S2",2,"X2..sulfomethyl.thiazolidine.4.carboxylate",FALSE,NA,"2-(sulfomethyl)thiazolidine-4-carboxylate (conf: 7)"
"2-[(2'-methylsulfanyl)ethyl]maleate",5,190.0298912,8.835708328,"C7H10O4S",1,"X2...2..methylsulfanyl.ethyl.maleate",FALSE,NA,"2-[(2'-methylsulfanyl)ethyl]maleate (conf: 5)"
"2-[(2'-methylsulfanyl)heptyl]maleate",7,277.1350412,7.764155579,"C12H20O4S",1,"X2...2..methylsulfanyl.heptyl.maleate",FALSE,NA,"2-[(2'-methylsulfanyl)heptyl]maleate (conf: 7)"
"2-[(6-carboxy-3,4,5-trihydroxyoxan-2-yl)oxy]-3-hydroxybutanedioic acid",5,326.0489208,7.017936198,"C10H14O12",2,"X2...6.carboxy.3_4_5.trihydroxyoxan.2.yl.oxy..3.hydroxybutanedioic.acid",FALSE,NA,"2-[(6-carboxy-3,4,5-trihydroxyoxan-2-yl)oxy]-3-hydroxybutanedioic acid (conf: 5)"
"2-[(sulfooxy)methyl]butanoic acid",5,198.0197878,7.178586798,"C5H10O6S",4,"X2...sulfooxy.methyl.butanoic.acid",FALSE,NA,"2-[(sulfooxy)methyl]butanoic acid (conf: 5)"
"2-[(sulfooxy)methyl]butanoic acid",5,198.0198498,11.75088452,"C5H10O6S",4,"X2...sulfooxy.methyl.butanoic.acid.1",FALSE,NA,"2-[(sulfooxy)methyl]butanoic acid (conf: 5)"
"2-[4,6-dihydroxy-3-(4-hydroxy-3-methylbut-2-en-1-yl)-2-methoxyphenyl]acetic acid",5,282.1101886,8.371920481,"C14H18O6",5,"X2..4_6.dihydroxy.3..4.hydroxy.3.methylbut.2.en.1.yl..2.methoxyphenyl.acetic.acid",FALSE,NA,"2-[4,6-dihydroxy-3-(4-hydroxy-3-methylbut-2-en-1-yl)-2-methoxyphenyl]acetic acid (conf: 5)"
"2-[4,6-dihydroxy-3-(4-hydroxy-3-methylbut-2-en-1-yl)-2-methoxyphenyl]acetic acid",7,299.1368385,4.439166129,"C14H18O6",5,"X2..4_6.dihydroxy.3..4.hydroxy.3.methylbut.2.en.1.yl..2.methoxyphenyl.acetic.acid.1",FALSE,NA,"2-[4,6-dihydroxy-3-(4-hydroxy-3-methylbut-2-en-1-yl)-2-methoxyphenyl]acetic acid (conf: 7)"
"2-[4,6-dihydroxy-3-(4-hydroxy-3-methylbut-2-en-1-yl)-2-methoxyphenyl]acetic acid",7,299.1369003,6.555090873,"C14H18O6",5,"X2..4_6.dihydroxy.3..4.hydroxy.3.methylbut.2.en.1.yl..2.methoxyphenyl.acetic.acid.2",FALSE,NA,"2-[4,6-dihydroxy-3-(4-hydroxy-3-methylbut-2-en-1-yl)-2-methoxyphenyl]acetic acid (conf: 7)"
"2-{[(3,5-dimethoxyphenyl)(hydroxy)methylidene]amino}acetic acid",5,239.0793164,9.400958041,"C11H13NO5",1,"X2....3_5.dimethoxyphenyl..hydroxy.methylidene.amino.acetic.acid",FALSE,NA,"2-{[(3,5-dimethoxyphenyl)(hydroxy)methylidene]amino}acetic acid (conf: 5)"
"2-{[(3,5-dimethoxyphenyl)(hydroxy)methylidene]amino}acetic acid",5,239.0794824,5.000260728,"C11H13NO5",1,"X2....3_5.dimethoxyphenyl..hydroxy.methylidene.amino.acetic.acid.1",FALSE,NA,"2-{[(3,5-dimethoxyphenyl)(hydroxy)methylidene]amino}acetic acid (conf: 5)"
"2-{[(3,5-dimethoxyphenyl)(hydroxy)methylidene]amino}acetic acid",7,239.0794858,2.391737095,"C11H13NO5",1,"X2....3_5.dimethoxyphenyl..hydroxy.methylidene.amino.acetic.acid.2",FALSE,NA,"2-{[(3,5-dimethoxyphenyl)(hydroxy)methylidene]amino}acetic acid (conf: 7)"
"2-{[(4-methoxybenzyl)(methyl)amino]methyl}-2-methylpropane-1,3-diol",5,253.1678062,2.926361822,"C14H23NO3",1,"X2....4.methoxybenzyl..methyl.amino.methyl..2.methylpropane.1_3.diol",FALSE,NA,"2-{[(4-methoxybenzyl)(methyl)amino]methyl}-2-methylpropane-1,3-diol (conf: 5)"
"2-{[(4-methoxybenzyl)(methyl)amino]methyl}-2-methylpropane-1,3-diol",5,253.1678194,4.435761302,"C14H23NO3",1,"X2....4.methoxybenzyl..methyl.amino.methyl..2.methylpropane.1_3.diol.1",FALSE,NA,"2-{[(4-methoxybenzyl)(methyl)amino]methyl}-2-methylpropane-1,3-diol (conf: 5)"
"2-{[1-(R)-Carboxyethyl]amino}pentanoate",5,189.1000303,5.943101108,"C8H15NO4",12,"X2...1..R..Carboxyethyl.amino.pentanoate",FALSE,NA,"2-{[1-(R)-Carboxyethyl]amino}pentanoate (conf: 5)"
"2-{[5,7-dihydroxy-2-(4-hydroxy-3-methoxyphenyl)-5H-chromen-3-yl]oxy}oxane-3,4,5-triol",7,433.1132768,5.753778146,"C21H21O10",1,"X2...5_7.dihydroxy.2..4.hydroxy.3.methoxyphenyl..5H.chromen.3.yl.oxy.oxane.3_4_5.triol",FALSE,NA,"2-{[5,7-dihydroxy-2-(4-hydroxy-3-methoxyphenyl)-5H-chromen-3-yl]oxy}oxane-3,4,5-triol (conf: 7)"
"2-{[5,7-dihydroxy-2-(4-hydroxy-3-methoxyphenyl)-5H-chromen-3-yl]oxy}oxane-3,4,5-triol",7,433.1133327,7.40897301,"C21H21O10",1,"X2...5_7.dihydroxy.2..4.hydroxy.3.methoxyphenyl..5H.chromen.3.yl.oxy.oxane.3_4_5.triol.1",FALSE,NA,"2-{[5,7-dihydroxy-2-(4-hydroxy-3-methoxyphenyl)-5H-chromen-3-yl]oxy}oxane-3,4,5-triol (conf: 7)"
"2-{[hydroxy(2,3,4-trimethoxyphenyl)methylidene]amino}acetic acid",7,269.0901222,5.49499082,"C12H15NO6",1,"X2...hydroxy.2_3_4.trimethoxyphenyl.methylidene.amino.acetic.acid",FALSE,NA,"2-{[hydroxy(2,3,4-trimethoxyphenyl)methylidene]amino}acetic acid (conf: 7)"
"2-{[hydroxy(2,3,4-trimethoxyphenyl)methylidene]amino}acetic acid",7,286.1165388,7.552206333,"C12H15NO6",1,"X2...hydroxy.2_3_4.trimethoxyphenyl.methylidene.amino.acetic.acid.1",FALSE,NA,"2-{[hydroxy(2,3,4-trimethoxyphenyl)methylidene]amino}acetic acid (conf: 7)"
"2-{4-[-1,2-diphenylbut-1-en-1-yl]phenoxy}acetic acid",5,358.15703,18.00798291,"C24H22O3",1,"X2..4...1_2.diphenylbut.1.en.1.yl.phenoxy.acetic.acid",FALSE,NA,"2-{4-[-1,2-diphenylbut-1-en-1-yl]phenoxy}acetic acid (conf: 5)"
"2-{4,6-dihydroxy-2-methoxy-3-[3-methyl-4-(sulfooxy)but-2-en-1-yl]phenyl}acetic acid",7,408.0727575,4.769317855,"C14H18O9S",2,"X2..4_6.dihydroxy.2.methoxy.3..3.methyl.4..sulfooxy.but.2.en.1.yl.phenyl.acetic.acid",FALSE,NA,"2-{4,6-dihydroxy-2-methoxy-3-[3-methyl-4-(sulfooxy)but-2-en-1-yl]phenyl}acetic acid (conf: 7)"
"2-{6-[2,4-dihydroxy-3-(3-methylbut-2-en-1-yl)benzoyl]-5-(2,4-dihydroxyphenyl)-3-(hydroxymethyl)cyclohex-2-en-1-yl}-5-[(E)-2-(2,4-dihydroxyphenyl)ethenyl]benzene-1,3-diol",5,666.2459409,5.767438481,"C39H38O10",11,"X2..6..2_4.dihydroxy.3..3.methylbut.2.en.1.yl.benzoyl..5..2_4.dihydroxyphenyl..3..hydroxymethyl.cyclohex.2.en.1.yl..5...E..2..2_4.dihydroxyphenyl.ethenyl.benzene.1_3.diol",FALSE,NA,"2-{6-[2,4-dihydroxy-3-(3-methylbut-2-en-1-yl)benzoyl]-5-(2,4-dihydroxyphenyl)-3-(hydroxymethyl)cyclohex-2-en-1-yl}-5-[(E)-2-(2,4-dihydroxyphenyl)ethenyl]benzene-1,3-diol (conf: 5)"
"2-acetamido-6-oxoheptanedioate",6,231.0745395,8.852027384,"C9H13NO6",2,"X2.acetamido.6.oxoheptanedioate",FALSE,NA,"2-acetamido-6-oxoheptanedioate (conf: 6)"
"2-acetamidoglucal",5,203.0793415,11.01981436,"C8H13NO5",2,"X2.acetamidoglucal",FALSE,NA,"2-acetamidoglucal (conf: 5)"
"2-acetamidoglucal",5,203.0795087,5.045061288,"C8H13NO5",2,"X2.acetamidoglucal.1",FALSE,NA,"2-acetamidoglucal (conf: 5)"
"2-Aceto-2-hydroxybutanoic acid",8,146.0579394,9.90759087,"C6H10O4",18,"X2.Aceto.2.hydroxybutanoic.acid",FALSE,NA,"2-Aceto-2-hydroxybutanoic acid (conf: 8)"
"2-Acetolactate",6,132.0422601,11.11273709,"C5H8O4",19,"X2.Acetolactate",FALSE,NA,"2-Acetolactate (conf: 6)"
"2-Acetyl-1,5,6,7-tetrahydro-6-hydroxy-7-(hydroxymethyl)-4H-azepine-4-one",5,199.084458,4.450436008,"C9H13NO4",1,"X2.Acetyl.1_5_6_7.tetrahydro.6.hydroxy.7..hydroxymethyl..4H.azepine.4.one.1",FALSE,NA,"2-Acetyl-1,5,6,7-tetrahydro-6-hydroxy-7-(hydroxymethyl)-4H-azepine-4-one (conf: 5)"
"2-Acetyl-1,5,6,7-tetrahydro-6-hydroxy-7-(hydroxymethyl)-4H-azepine-4-one",5,199.0844806,3.109240854,"C9H13NO4",1,"X2.Acetyl.1_5_6_7.tetrahydro.6.hydroxy.7..hydroxymethyl..4H.azepine.4.one.2",FALSE,NA,"2-Acetyl-1,5,6,7-tetrahydro-6-hydroxy-7-(hydroxymethyl)-4H-azepine-4-one (conf: 5)"
"2-Acetyl-1,5,6,7-tetrahydro-6-hydroxy-7-(hydroxymethyl)-4H-azepine-4-one",7,199.0843482,5.864534965,"C9H13NO4",1,"X2.Acetyl.1_5_6_7.tetrahydro.6.hydroxy.7..hydroxymethyl..4H.azepine.4.one",FALSE,NA,"2-Acetyl-1,5,6,7-tetrahydro-6-hydroxy-7-(hydroxymethyl)-4H-azepine-4-one (conf: 7)"
"2-amino-2-deoxy-D-mannitol",5,181.0950582,9.538738523,"C6H15NO5",1,"X2.amino.2.deoxy.D.mannitol",FALSE,NA,"2-amino-2-deoxy-D-mannitol (conf: 5)"
"2-Amino-2-methylbutanoate",7,117.0788823,8.989932349,"C5H11NO2",13,"X2.Amino.2.methylbutanoate",FALSE,NA,"2-Amino-2-methylbutanoate (conf: 7)"
"2-amino-2,4-penta-dienoate",5,113.0475641,7.575759707,"C5H7NO2",10,"X2.amino.2_4.penta.dienoate",FALSE,NA,"2-amino-2,4-penta-dienoate (conf: 5)"
"2-Amino-3-(1-pyrazolyl)propanoic acid",7,155.0695959,8.66439839,"C6H9N3O2",4,"X2.Amino.3..1.pyrazolyl.propanoic.acid",FALSE,NA,"2-Amino-3-(1-pyrazolyl)propanoic acid (conf: 7)"
"2-amino-3-(4-hydroxy-3-methoxyphenyl)-2-methylpropanoic acid",5,225.1000496,25.33895152,"C11H15NO4",1,"X2.amino.3..4.hydroxy.3.methoxyphenyl..2.methylpropanoic.acid",FALSE,NA,"2-amino-3-(4-hydroxy-3-methoxyphenyl)-2-methylpropanoic acid (conf: 5)"
"2-amino-3-(4-hydroxy-3-methoxyphenyl)-2-methylpropanoic acid",7,242.1266303,4.886398955,"C11H15NO4",1,"X2.amino.3..4.hydroxy.3.methoxyphenyl..2.methylpropanoic.acid.1",FALSE,NA,"2-amino-3-(4-hydroxy-3-methoxyphenyl)-2-methylpropanoic acid (conf: 7)"
"2-amino-3-[4-hydroxy-3-(sulfooxy)phenyl]-2-methylpropanoic acid",7,291.0411773,10.55353109,"C10H13NO7S",1,"X2.amino.3..4.hydroxy.3..sulfooxy.phenyl..2.methylpropanoic.acid",FALSE,NA,"2-amino-3-[4-hydroxy-3-(sulfooxy)phenyl]-2-methylpropanoic acid (conf: 7)"
"2-amino-3-[4-hydroxy-3-(sulfooxy)phenyl]-2-methylpropanoic acid",7,291.0413489,6.209462624,"C10H13NO7S",1,"X2.amino.3..4.hydroxy.3..sulfooxy.phenyl..2.methylpropanoic.acid.1",FALSE,NA,"2-amino-3-[4-hydroxy-3-(sulfooxy)phenyl]-2-methylpropanoic acid (conf: 7)"
"2-Amino-3-oxoadipate",7,175.0480684,12.2146656,"C6H9NO5",4,"X2.Amino.3.oxoadipate",FALSE,NA,"2-Amino-3-oxoadipate (conf: 7)"
"2-Amino-3-oxobutanoic acid",8,117.0426178,9.74707192,"C4H7NO3",6,"X2.Amino.3.oxobutanoic.acid",FALSE,NA,"2-Amino-3-oxobutanoic acid (conf: 8)"
"2-amino-3,7-dideoxy-D-threo-hept-6-ulosonate",7,191.0793544,8.540558404,"C7H13NO5",2,"X2.amino.3_7.dideoxy.D.threo.hept.6.ulosonate",FALSE,NA,"2-amino-3,7-dideoxy-D-threo-hept-6-ulosonate (conf: 7)"
"2-amino-4-({1-[(carboxymethyl)-C-hydroxycarbonimidoyl]-2-[(3-oxo-1-phenylpropyl)sulfanyl]ethyl}-C-hydroxycarbonimidoyl)butanoic acid",7,439.141296,5.433139599,"C19H25N3O7S",1,"X2.amino.4...1...carboxymethyl..C.hydroxycarbonimidoyl..2...3.oxo.1.phenylpropyl.sulfanyl.ethyl..C.hydroxycarbonimidoyl.butanoic.acid",FALSE,NA,"2-amino-4-({1-[(carboxymethyl)-C-hydroxycarbonimidoyl]-2-[(3-oxo-1-phenylpropyl)sulfanyl]ethyl}-C-hydroxycarbonimidoyl)butanoic acid (conf: 7)"
"2-amino-4-({1-[(carboxymethyl)-C-hydroxycarbonimidoyl]-2-{[1-(3,5-dihydroxyphenyl)-2-hydroxy-2-(3-hydroxy-4-methoxyphenyl)ethyl]sulfanyl}ethyl}-C-hydroxycarbonimidoyl)butanoic acid",5,581.1669885,4.986554586,"C25H31N3O11S",2,"X2.amino.4...1...carboxymethyl..C.hydroxycarbonimidoyl..2...1..3_5.dihydroxyphenyl..2.hydroxy.2..3.hydroxy.4.methoxyphenyl.ethyl.sulfanyl.ethyl..C.hydroxycarbonimidoyl.butanoic.acid",FALSE,NA,"2-amino-4-({1-[(carboxymethyl)-C-hydroxycarbonimidoyl]-2-{[1-(3,5-dihydroxyphenyl)-2-hydroxy-2-(3-hydroxy-4-methoxyphenyl)ethyl]sulfanyl}ethyl}-C-hydroxycarbonimidoyl)butanoic acid (conf: 5)"
"2-amino-4-({1-[(carboxymethyl)-C-hydroxycarbonimidoyl]-2-{[1-(6,7-dimethoxy-2H-1,3-benzodioxol-5-yl)-3-oxopropyl]sulfanyl}ethyl}-C-hydroxycarbonimidoyl)butanoic acid",5,543.1513478,6.627232712,"C22H29N3O11S",1,"X2.amino.4...1...carboxymethyl..C.hydroxycarbonimidoyl..2...1..6_7.dimethoxy.2H.1_3.benzodioxol.5.yl..3.oxopropyl.sulfanyl.ethyl..C.hydroxycarbonimidoyl.butanoic.acid",FALSE,NA,"2-amino-4-({1-[(carboxymethyl)-C-hydroxycarbonimidoyl]-2-{[1-(6,7-dimethoxy-2H-1,3-benzodioxol-5-yl)-3-oxopropyl]sulfanyl}ethyl}-C-hydroxycarbonimidoyl)butanoic acid (conf: 5)"
"2-amino-4-({1-[(carboxymethyl)-C-hydroxycarbonimidoyl]-2-{[2-hydroxy-1-(1-oxo-1H-isochromen-3-yl)butyl]sulfanyl}ethyl}-C-hydroxycarbonimidoyl)butanoic acid",7,559.1382737,13.83395859,"C23H29N3O9S",2,"X2.amino.4...1...carboxymethyl..C.hydroxycarbonimidoyl..2...2.hydroxy.1..1.oxo.1H.isochromen.3.yl.butyl.sulfanyl.ethyl..C.hydroxycarbonimidoyl.butanoic.acid",FALSE,NA,"2-amino-4-({1-[(carboxymethyl)-C-hydroxycarbonimidoyl]-2-{[2-hydroxy-1-(1-oxo-1H-isochromen-3-yl)butyl]sulfanyl}ethyl}-C-hydroxycarbonimidoyl)butanoic acid (conf: 7)"
"2-amino-4-({2-[(1-carboxy-1-hydroxy-2-methylpropan-2-yl)sulfanyl]-1-[(carboxymethyl)-C-hydroxycarbonimidoyl]ethyl}-C-hydroxycarbonimidoyl)butanoic acid",7,423.1311042,10.32481493,"C15H25N3O9S",2,"X2.amino.4...2...1.carboxy.1.hydroxy.2.methylpropan.2.yl.sulfanyl..1...carboxymethyl..C.hydroxycarbonimidoyl.ethyl..C.hydroxycarbonimidoyl.butanoic.acid",FALSE,NA,"2-amino-4-({2-[(1-carboxy-1-hydroxy-2-methylpropan-2-yl)sulfanyl]-1-[(carboxymethyl)-C-hydroxycarbonimidoyl]ethyl}-C-hydroxycarbonimidoyl)butanoic acid (conf: 7)"
"2-amino-4-({2-[(1-carboxy-1-hydroxy-2-methylpropan-2-yl)sulfanyl]-1-[(carboxymethyl)-C-hydroxycarbonimidoyl]ethyl}-C-hydroxycarbonimidoyl)butanoic acid",7,423.131236,11.64369658,"C15H25N3O9S",2,"X2.amino.4...2...1.carboxy.1.hydroxy.2.methylpropan.2.yl.sulfanyl..1...carboxymethyl..C.hydroxycarbonimidoyl.ethyl..C.hydroxycarbonimidoyl.butanoic.acid.1",FALSE,NA,"2-amino-4-({2-[(1-carboxy-1-hydroxy-2-methylpropan-2-yl)sulfanyl]-1-[(carboxymethyl)-C-hydroxycarbonimidoyl]ethyl}-C-hydroxycarbonimidoyl)butanoic acid (conf: 7)"
"2-amino-4-[(2-{[2-carboxy-2-hydroxy-1-(4-hydroxyphenyl)ethyl]sulfanyl}-1-[(carboxymethyl)-C-hydroxycarbonimidoyl]ethyl)-C-hydroxycarbonimidoyl]butanoic acid",7,509.1088204,10.94221149,"C19H25N3O10S",4,"X2.amino.4...2...2.carboxy.2.hydroxy.1..4.hydroxyphenyl.ethyl.sulfanyl..1...carboxymethyl..C.hydroxycarbonimidoyl.ethyl..C.hydroxycarbonimidoyl.butanoic.acid",FALSE,NA,"2-amino-4-[(2-{[2-carboxy-2-hydroxy-1-(4-hydroxyphenyl)ethyl]sulfanyl}-1-[(carboxymethyl)-C-hydroxycarbonimidoyl]ethyl)-C-hydroxycarbonimidoyl]butanoic acid (conf: 7)"
"2-amino-4-{[2-({4-[3-(carboxymethyl)-4,6-dihydroxy-2-methoxyphenyl]-3-hydroxy-2-methylbutan-2-yl}sulfanyl)-1-[(carboxymethyl)-C-hydroxycarbonimidoyl]ethyl]-C-hydroxycarbonimidoyl}butanoic acid",5,589.1935198,7.077698789,"C24H35N3O12S",1,"X2.amino.4...2...4..3..carboxymethyl..4_6.dihydroxy.2.methoxyphenyl..3.hydroxy.2.methylbutan.2.yl.sulfanyl..1...carboxymethyl..C.hydroxycarbonimidoyl.ethyl..C.hydroxycarbonimidoyl.butanoic.acid",FALSE,NA,"2-amino-4-{[2-({4-[3-(carboxymethyl)-4,6-dihydroxy-2-methoxyphenyl]-3-hydroxy-2-methylbutan-2-yl}sulfanyl)-1-[(carboxymethyl)-C-hydroxycarbonimidoyl]ethyl]-C-hydroxycarbonimidoyl}butanoic acid (conf: 5)"
"2-amino-4-cyano-butanoic acid",5,128.0584803,6.611165529,"C5H8N2O2",6,"X2.amino.4.cyano.butanoic.acid",FALSE,NA,"2-amino-4-cyano-butanoic acid (conf: 5)"
"2-amino-4-methyl-5-hydroxyethylthiazole",7,204.0567876,3.566115517,"C6H10N2OS",1,"X2.amino.4.methyl.5.hydroxyethylthiazole",FALSE,NA,"2-amino-4-methyl-5-hydroxyethylthiazole (conf: 7)"
"2-Amino-4-methylenepentanedioic acid",6,159.0531031,8.361334967,"C6H9NO4",5,"X2.Amino.4.methylenepentanedioic.acid",FALSE,NA,"2-Amino-4-methylenepentanedioic acid (conf: 6)"
"2-amino-4-methylphenol",7,123.0683995,4.485071473,"C7H9NO",10,"X2.amino.4.methylphenol",FALSE,NA,"2-amino-4-methylphenol (conf: 7)"
"2-amino-5-methyl-muconate semialdehyde",2.5,155.0582173,5.549622041,"C7H9NO3",4,"X2.amino.5.methyl.muconate.semialdehyde",FALSE,NA,"2-amino-5-methyl-muconate semialdehyde (conf: 2.5)"
"2-Amino-6-oxoheptanedioate",6,189.0637736,9.586324778,"C7H11NO5",5,"X2.Amino.6.oxoheptanedioate",FALSE,NA,"2-Amino-6-oxoheptanedioate (conf: 6)"
"2-Amino-9,10-epoxy-8-oxodecanoic acid",5,215.1155474,9.333490351,"C10H17NO4",51,"X2.Amino.9_10.epoxy.8.oxodecanoic.acid.1",FALSE,NA,"2-Amino-9,10-epoxy-8-oxodecanoic acid (conf: 5)"
"2-Amino-9,10-epoxy-8-oxodecanoic acid",5,215.1158845,5.159883331,"C10H17NO4",51,"X2.Amino.9_10.epoxy.8.oxodecanoic.acid.2",FALSE,NA,"2-Amino-9,10-epoxy-8-oxodecanoic acid (conf: 5)"
"2-Amino-9,10-epoxy-8-oxodecanoic acid",7,215.1155314,6.525161284,"C10H17NO4",51,"X2.Amino.9_10.epoxy.8.oxodecanoic.acid",FALSE,NA,"2-Amino-9,10-epoxy-8-oxodecanoic acid (conf: 7)"
"2-amino-m-cresol",5,123.0684341,6.156223125,"C7H9NO",10,"X2.amino.m.cresol",FALSE,NA,"2-amino-m-cresol (conf: 5)"
"2-Aminoacrylic acid",6,87.03193372,11.78110647,"C3H5NO2",4,"X2.Aminoacrylic.acid",FALSE,NA,"2-Aminoacrylic acid (conf: 6)"
"2-Aminoacrylic acid",6,87.03199768,7.284568905,"C3H5NO2",4,"X2.Aminoacrylic.acid.1",FALSE,NA,"2-Aminoacrylic acid (conf: 6)"
"2-Aminoheptanedioic acid",7,192.1109511,8.26963136,"C7H13NO4",6,"X2.Aminoheptanedioic.acid",FALSE,NA,"2-Aminoheptanedioic acid (conf: 7)"
"2-Aminoheptanoate",6,145.1103232,8.688248928,"C7H15NO2",4,"X2.Aminoheptanoate.1",FALSE,NA,"2-Aminoheptanoate (conf: 6)"
"2-Aminoheptanoate",8,145.1103132,5.988598403,"C7H15NO2",4,"X2.Aminoheptanoate",FALSE,NA,"2-Aminoheptanoate (conf: 8)"
"2-Aminomuconic acid",6,157.0375051,9.190289241,"C6H7NO4",4,"X2.Aminomuconic.acid.1",FALSE,NA,"2-Aminomuconic acid (conf: 6)"
"2-Aminomuconic acid",8,157.0375021,10.59006837,"C6H7NO4",4,"X2.Aminomuconic.acid",FALSE,NA,"2-Aminomuconic acid (conf: 8)"
"2-Aminomuconic acid semialdehyde",6,141.0425484,7.338518762,"C6H7NO3",4,"X2.Aminomuconic.acid.semialdehyde",FALSE,NA,"2-Aminomuconic acid semialdehyde (conf: 6)"
"2-Aminomuconic acid semialdehyde",6,141.0426296,8.391583367,"C6H7NO3",4,"X2.Aminomuconic.acid.semialdehyde.1",FALSE,NA,"2-Aminomuconic acid semialdehyde (conf: 6)"
"2-Aminophenol",6,109.0526853,5.887021514,"C6H7NO",10,"X2.Aminophenol",FALSE,NA,"2-Aminophenol (conf: 6)"
"2-Aminophenol",6,109.0527307,4.152420421,"C6H7NO",10,"X2.Aminophenol.1",FALSE,NA,"2-Aminophenol (conf: 6)"
"2-Arachidonylglycerol",5,378.2771189,2.383912347,"C23H38O4",12,"X2.Arachidonylglycerol",FALSE,NA,"2-Arachidonylglycerol (conf: 5)"
"2-benzyl-thiohydroximate-O-sulfate",7,264.0239307,6.304158317,"C8H9NO4S2",1,"X2.benzyl.thiohydroximate.O.sulfate",FALSE,NA,"2-benzyl-thiohydroximate-O-sulfate (conf: 7)"
"2-Butoxyethanol",5,118.0993092,2.772774972,"C6H14O2",6,"X2.Butoxyethanol",FALSE,NA,"2-Butoxyethanol (conf: 5)"
"2-C-methyl-D-erythritol-2,4-cyclodiphosphate",7,295.0223772,11.86226666,"C5H12O9P2",2,"X2.C.methyl.D.erythritol.2_4.cyclodiphosphate",FALSE,NA,"2-C-methyl-D-erythritol-2,4-cyclodiphosphate (conf: 7)"
"2-Caffeoylisocitrate",5,354.0586206,12.862734,"C15H14O10",5,"X2.Caffeoylisocitrate",FALSE,NA,"2-Caffeoylisocitrate (conf: 5)"
"2-Carboxy-1-[5-(2-carboxy-1-pyrrolidinyl)-2-hydroxy-2,4-pentadienylidene]pyrrolidinium",5,308.1373752,8.398208346,"C15H20N2O5",1,"X2.Carboxy.1..5..2.carboxy.1.pyrrolidinyl..2.hydroxy.2_4.pentadienylidene.pyrrolidinium.1",FALSE,NA,"2-Carboxy-1-[5-(2-carboxy-1-pyrrolidinyl)-2-hydroxy-2,4-pentadienylidene]pyrrolidinium (conf: 5)"
"2-Carboxy-1-[5-(2-carboxy-1-pyrrolidinyl)-2-hydroxy-2,4-pentadienylidene]pyrrolidinium",7,308.1372458,4.536959975,"C15H20N2O5",1,"X2.Carboxy.1..5..2.carboxy.1.pyrrolidinyl..2.hydroxy.2_4.pentadienylidene.pyrrolidinium",FALSE,NA,"2-Carboxy-1-[5-(2-carboxy-1-pyrrolidinyl)-2-hydroxy-2,4-pentadienylidene]pyrrolidinium (conf: 7)"
"2-Carboxy-1-[5-(2-carboxy-1-pyrrolidinyl)-2-hydroxy-2,4-pentadienylidene]pyrrolidinium",7,325.1638068,12.49721597,"C15H20N2O5",1,"X2.Carboxy.1..5..2.carboxy.1.pyrrolidinyl..2.hydroxy.2_4.pentadienylidene.pyrrolidinium.2",FALSE,NA,"2-Carboxy-1-[5-(2-carboxy-1-pyrrolidinyl)-2-hydroxy-2,4-pentadienylidene]pyrrolidinium (conf: 7)"
"2-decene-4,6,8-triyn-1-al",7,164.0238557,2.990742528,"C10H6O",1,"X2.decene.4_6_8.triyn.1.al",FALSE,NA,"2-decene-4,6,8-triyn-1-al (conf: 7)"
"2-Dehydro-3-deoxy-L-fuconate",6,162.052842,6.324695169,"C6H10O5",27,"X2.Dehydro.3.deoxy.L.fuconate",FALSE,NA,"2-Dehydro-3-deoxy-L-fuconate (conf: 6)"
"2-dehydro-3,6-dideoxy-6-sulfo-D-gluconate",5,242.0096786,12.70493627,"C6H10O8S",2,"X2.dehydro.3_6.dideoxy.6.sulfo.D.gluconate",FALSE,NA,"2-dehydro-3,6-dideoxy-6-sulfo-D-gluconate (conf: 5)"
"2-dehydro-3,6-dideoxy-6-sulfo-D-gluconate",5,242.0096837,13.252635,"C6H10O8S",2,"X2.dehydro.3_6.dideoxy.6.sulfo.D.gluconate.1",FALSE,NA,"2-dehydro-3,6-dideoxy-6-sulfo-D-gluconate (conf: 5)"
"2-Dehydro-D-glucose",6,178.047714,4.958744106,"C6H10O6",24,"X2.Dehydro.D.glucose",FALSE,NA,"2-Dehydro-D-glucose (conf: 6)"
"2-Dehydro-D-xylonate",7,164.032069,11.53035636,"C5H8O6",2,"X2.Dehydro.D.xylonate",FALSE,NA,"2-Dehydro-D-xylonate (conf: 7)"
"2-Dehydro-D-xylonate",7,164.0320742,5.980384958,"C5H8O6",2,"X2.Dehydro.D.xylonate.1",FALSE,NA,"2-Dehydro-D-xylonate (conf: 7)"
"2-Dehydropantoate",7,146.0578928,9.524884427,"C6H10O4",18,"X2.Dehydropantoate",FALSE,NA,"2-Dehydropantoate (conf: 7)"
"2-dehydropantolactone",5,128.0472673,5.085118917,"C6H8O3",21,"X2.dehydropantolactone",FALSE,NA,"2-dehydropantolactone (conf: 5)"
"2-Deoxy-2-dimethylamino-alpha-D-Glucose",5,207.1106305,6.086791361,"C8H17NO5",3,"X2.Deoxy.2.dimethylamino.alpha.D.Glucose",FALSE,NA,"2-Deoxy-2-dimethylamino-alpha-D-Glucose (conf: 5)"
"2-Deoxy-2,3-dehydro-N-acetylneuraminic acid",5,291.0954706,8.270482171,"C11H17NO8",4,"X2.Deoxy.2_3.dehydro.N.acetylneuraminic.acid",FALSE,NA,"2-Deoxy-2,3-dehydro-N-acetylneuraminic acid (conf: 5)"
"2-Deoxy-2,3-dehydro-N-acetylneuraminic acid",5,291.0954895,8.944634554,"C11H17NO8",4,"X2.Deoxy.2_3.dehydro.N.acetylneuraminic.acid.1",FALSE,NA,"2-Deoxy-2,3-dehydro-N-acetylneuraminic acid (conf: 5)"
"2-deoxy-20-hydroxy-5alpha-ecdysone 3-acetate",5,506.3243892,2.861878713,"C29H46O7",1,"X2.deoxy.20.hydroxy.5alpha.ecdysone.3.acetate",FALSE,NA,"2-deoxy-20-hydroxy-5alpha-ecdysone 3-acetate (conf: 5)"
"2-deoxy-D-ribopyranose",5,134.0578449,7.413413411,"C5H10O4",13,"X2.deoxy.D.ribopyranose",FALSE,NA,"2-deoxy-D-ribopyranose (conf: 5)"
"2-Deoxy-L-arabinose",5,134.0578361,6.703679042,"C5H10O4",13,"X2.Deoxy.L.arabinose",FALSE,NA,"2-Deoxy-L-arabinose (conf: 5)"
"2-Deoxy-L-ribono-1,4-lactone",5,132.0422589,8.424790905,"C5H8O4",19,"X2.Deoxy.L.ribono.1_4.lactone",FALSE,NA,"2-Deoxy-L-ribono-1,4-lactone (conf: 5)"
"2-deoxyglucose-6-phosphate",7,246.0505075,7.820835483,"C6H15O8P",3,"X2.deoxyglucose.6.phosphate",FALSE,NA,"2-deoxyglucose-6-phosphate (conf: 7)"
"2-Dimethylamino-5,6-dimethylpyrimidin-4-ol",5,167.1058124,5.151401085,"C8H13N3O",1,"X2.Dimethylamino.5_6.dimethylpyrimidin.4.ol",FALSE,NA,"2-Dimethylamino-5,6-dimethylpyrimidin-4-ol (conf: 5)"
"2-Dimethylamino-5,6-dimethylpyrimidin-4-ol",5,167.1058443,7.870953747,"C8H13N3O",1,"X2.Dimethylamino.5_6.dimethylpyrimidin.4.ol.1",FALSE,NA,"2-Dimethylamino-5,6-dimethylpyrimidin-4-ol (conf: 5)"
"2-Dimethylamino-5,6-dimethylpyrimidin-4-ol",5,167.1058647,6.175403193,"C8H13N3O",1,"X2.Dimethylamino.5_6.dimethylpyrimidin.4.ol.2",FALSE,NA,"2-Dimethylamino-5,6-dimethylpyrimidin-4-ol (conf: 5)"
"2-Dodecylbenzenesulfonic acid",5,326.1916601,11.73432148,"C18H30O3S",2,"X2.Dodecylbenzenesulfonic.acid.2",FALSE,NA,"2-Dodecylbenzenesulfonic acid (conf: 5)"
"2-Dodecylbenzenesulfonic acid",7,326.191595,2.305822024,"C18H30O3S",2,"X2.Dodecylbenzenesulfonic.acid",FALSE,NA,"2-Dodecylbenzenesulfonic acid (conf: 7)"
"2-Dodecylbenzenesulfonic acid",7,326.1916339,10.41105967,"C18H30O3S",2,"X2.Dodecylbenzenesulfonic.acid.1",FALSE,NA,"2-Dodecylbenzenesulfonic acid (conf: 7)"
"2-Dodecylbenzenesulfonic acid",7,326.1916871,9.233281224,"C18H30O3S",2,"X2.Dodecylbenzenesulfonic.acid.3",FALSE,NA,"2-Dodecylbenzenesulfonic acid (conf: 7)"
"2-Ethyl-1-hexanol sulfate",7,210.0924603,2.392461314,"C8H18O4S",2,"X2.Ethyl.1.hexanol.sulfate",FALSE,NA,"2-Ethyl-1-hexanol sulfate (conf: 7)"
"2-Ethyl-2,5-dihydro-4,5-dimethylthiazole",7,143.0768238,2.994865531,"C7H13NS",3,"X2.Ethyl.2_5.dihydro.4_5.dimethylthiazole",FALSE,NA,"2-Ethyl-2,5-dihydro-4,5-dimethylthiazole (conf: 7)"
"2-Ethyl-5-imino-1-cyclopenten-1-ol",5,125.0839841,4.541011819,"C7H11NO",12,"X2.Ethyl.5.imino.1.cyclopenten.1.ol.2",FALSE,NA,"2-Ethyl-5-imino-1-cyclopenten-1-ol (conf: 5)"
"2-Ethyl-5-imino-1-cyclopenten-1-ol",7,125.0839795,8.910884964,"C7H11NO",12,"X2.Ethyl.5.imino.1.cyclopenten.1.ol",FALSE,NA,"2-Ethyl-5-imino-1-cyclopenten-1-ol (conf: 7)"
"2-Ethyl-5-imino-1-cyclopenten-1-ol",7,125.0839807,11.68661663,"C7H11NO",12,"X2.Ethyl.5.imino.1.cyclopenten.1.ol.1",FALSE,NA,"2-Ethyl-5-imino-1-cyclopenten-1-ol (conf: 7)"
"2-Ethylhexanoic acid",6,144.1149873,4.436061277,"C8H16O2",43,"X2.Ethylhexanoic.acid",FALSE,NA,"2-Ethylhexanoic acid (conf: 6)"
"2-Formylglutarate",5,160.0371679,6.321227486,"C6H8O5",11,"X2.Formylglutarate",FALSE,NA,"2-Formylglutarate (conf: 5)"
"2-Furoic acid",5,112.0160381,4.44561825,"C5H4O3",6,"X2.Furoic.acid",FALSE,NA,"2-Furoic acid (conf: 5)"
"2-Galloyl-1,4-galactarolactone methyl ester",5,358.0532966,10.20864763,"C14H14O11",4,"X2.Galloyl.1_4.galactarolactone.methyl.ester",FALSE,NA,"2-Galloyl-1,4-galactarolactone methyl ester (conf: 5)"
"2-Hexenoylcarnitine",5,257.1627561,2.95233174,"C13H23NO4",1,"X2.Hexenoylcarnitine.1",FALSE,NA,"2-Hexenoylcarnitine (conf: 5)"
"2-Hexenoylcarnitine",7,257.1626853,4.565589248,"C13H23NO4",1,"X2.Hexenoylcarnitine",FALSE,NA,"2-Hexenoylcarnitine (conf: 7)"
"2-Hexenoylcholine",5,199.1572727,4.427139758,"C11H21NO2",2,"X2.Hexenoylcholine",FALSE,NA,"2-Hexenoylcholine (conf: 5)"
"2-hydrazinyl-3-(4-hydroxy-3-methoxyphenyl)-2-methylpropanoic acid",5,240.1110371,11.23980913,"C11H16N2O4",1,"X2.hydrazinyl.3..4.hydroxy.3.methoxyphenyl..2.methylpropanoic.acid",FALSE,NA,"2-hydrazinyl-3-(4-hydroxy-3-methoxyphenyl)-2-methylpropanoic acid (conf: 5)"
"2-hydrazinyl-3-(4-hydroxy-3-methoxyphenyl)-2-methylpropanoic acid",5,240.1110859,8.288672564,"C11H16N2O4",1,"X2.hydrazinyl.3..4.hydroxy.3.methoxyphenyl..2.methylpropanoic.acid.1",FALSE,NA,"2-hydrazinyl-3-(4-hydroxy-3-methoxyphenyl)-2-methylpropanoic acid (conf: 5)"
"2-Hydroxy-2-ethylsuccinic acid",6,162.0528483,10.49952475,"C6H10O5",27,"X2.Hydroxy.2.ethylsuccinic.acid",FALSE,NA,"2-Hydroxy-2-ethylsuccinic acid (conf: 6)"
"2-Hydroxy-2-methylbutanenitrile",7,99.06833739,4.400150037,"C5H9NO",8,"X2.Hydroxy.2.methylbutanenitrile",FALSE,NA,"2-Hydroxy-2-methylbutanenitrile (conf: 7)"
"2-Hydroxy-2,4-pentadienoate",6,114.0317383,9.25029182,"C5H6O3",9,"X2.Hydroxy.2_4.pentadienoate",FALSE,NA,"2-Hydroxy-2,4-pentadienoate (conf: 6)"
"2-Hydroxy-24-keto-octacosanolide",5,452.3865575,2.348795163,"C28H52O4",1,"X2.Hydroxy.24.keto.octacosanolide",FALSE,NA,"2-Hydroxy-24-keto-octacosanolide (conf: 5)"
"2-hydroxy-3-({3-[3-methoxy-4-(sulfooxy)phenyl]prop-2-enoyl}oxy)butanedioic acid",5,406.0212509,5.019209544,"C14H14O12S",2,"X2.hydroxy.3...3..3.methoxy.4..sulfooxy.phenyl.prop.2.enoyl.oxy.butanedioic.acid",FALSE,NA,"2-hydroxy-3-({3-[3-methoxy-4-(sulfooxy)phenyl]prop-2-enoyl}oxy)butanedioic acid (conf: 5)"
"2-hydroxy-3-(sulfooxy)butanedioic acid",7,265.9497934,13.46772243,"C4H6O9S",1,"X2.hydroxy.3..sulfooxy.butanedioic.acid",FALSE,NA,"2-hydroxy-3-(sulfooxy)butanedioic acid (conf: 7)"
"2-hydroxy-3-[4-hydroxy-3-(sulfooxy)phenyl]propanoic acid",5,278.0096432,12.86378735,"C9H10O8S",4,"X2.hydroxy.3..4.hydroxy.3..sulfooxy.phenyl.propanoic.acid",FALSE,NA,"2-hydroxy-3-[4-hydroxy-3-(sulfooxy)phenyl]propanoic acid (conf: 5)"
"2-hydroxy-3-[4-hydroxy-3-(sulfooxy)phenyl]propanoic acid",7,278.0097654,11.64323506,"C9H10O8S",4,"X2.hydroxy.3..4.hydroxy.3..sulfooxy.phenyl.propanoic.acid.1",FALSE,NA,"2-hydroxy-3-[4-hydroxy-3-(sulfooxy)phenyl]propanoic acid (conf: 7)"
"2-Hydroxy-3-oxoadipate",8,176.0320912,14.03286776,"C6H8O6",16,"X2.Hydroxy.3.oxoadipate",FALSE,NA,"2-Hydroxy-3-oxoadipate (conf: 8)"
"2-Hydroxy-4-(methylthio)butanoic acid",7,167.0616614,8.351869874,"C5H10O3S",1,"X2.Hydroxy.4..methylthio.butanoic.acid",FALSE,NA,"2-Hydroxy-4-(methylthio)butanoic acid (conf: 7)"
"2-hydroxy-5-methylquinone",2.5,138.0316388,7.689326854,"C7H6O3",12,"X2.hydroxy.5.methylquinone",FALSE,NA,"2-hydroxy-5-methylquinone (conf: 2.5)"
"2-Hydroxy-6-ketononatrienedioate",6,212.0321214,9.985215426,"C9H8O6",9,"X2.Hydroxy.6.ketononatrienedioate",FALSE,NA,"2-Hydroxy-6-ketononatrienedioate (conf: 6)"
"2-Hydroxy-7-methoxy-2H-1,4-benzoxazin-3(4H)-one",7,195.0531552,2.952914019,"C9H9NO4",17,"X2.Hydroxy.7.methoxy.2H.1_4.benzoxazin.3.4H..one",FALSE,NA,"2-Hydroxy-7-methoxy-2H-1,4-benzoxazin-3(4H)-one (conf: 7)"
"2-Hydroxyadenine",5,151.0494175,7.843377964,"C5H5N5O",4,"X2.Hydroxyadenine",FALSE,NA,"2-Hydroxyadenine (conf: 5)"
"2-Hydroxybenzaldehyde O-[xylosyl-(1->6)-glucoside]",5,416.1318831,11.75627594,"C18H24O11",9,"X2.Hydroxybenzaldehyde.O..xylosyl..1..6..glucoside.",FALSE,NA,"2-Hydroxybenzaldehyde O-[xylosyl-(1->6)-glucoside] (conf: 5)"
"2-Hydroxybutyric acid",8,104.0473422,6.319118262,"C4H8O3",11,"X2.Hydroxybutyric.acid",FALSE,NA,"2-Hydroxybutyric acid (conf: 8)"
"2-Hydroxycaproic acid",8,132.0785933,4.257489793,"C6H12O3",18,"X2.Hydroxycaproic.acid",FALSE,NA,"2-Hydroxycaproic acid (conf: 8)"
"2-Hydroxydecanedioic acid",5,218.1154138,8.292154767,"C10H18O5",3,"X2.Hydroxydecanedioic.acid",FALSE,NA,"2-Hydroxydecanedioic acid (conf: 5)"
"2-Hydroxydecanoate",6,188.1412252,3.044695159,"C10H20O3",20,"X2.Hydroxydecanoate",FALSE,NA,"2-Hydroxydecanoate (conf: 6)"
"2-Hydroxydecanoate",6,188.1412535,4.44044621,"C10H20O3",20,"X2.Hydroxydecanoate.1",FALSE,NA,"2-Hydroxydecanoate (conf: 6)"
"2-Hydroxyestrone sulfate",7,366.1139419,11.13752189,"C18H22O6S",2,"X2.Hydroxyestrone.sulfate",FALSE,NA,"2-Hydroxyestrone sulfate (conf: 7)"
"2-Hydroxyestrone sulfate",7,402.0900037,6.008369533,"C18H22O6S",2,"X2.Hydroxyestrone.sulfate.1",FALSE,NA,"2-Hydroxyestrone sulfate (conf: 7)"
"2-Hydroxyethanesulfonate",10,125.998687,6.604855363,"C2H6O4S",2,"X2.Hydroxyethanesulfonate",TRUE,"","2-Hydroxyethanesulfonate (conf: 10)"
"2-Hydroxyethylphosphonate",6,126.0081331,5.831096994,"C2H7O4P",4,"X2.Hydroxyethylphosphonate",FALSE,NA,"2-Hydroxyethylphosphonate (conf: 6)"
"2-Hydroxyethylphosphonate",8,126.0082879,8.903162069,"C2H7O4P",4,"X2.Hydroxyethylphosphonate.1",FALSE,NA,"2-Hydroxyethylphosphonate (conf: 8)"
"2-Hydroxyglutaric acid",10,148.0371633,10.85667961,"C5H8O5",15,"X2.Hydroxyglutaric.acid",TRUE,"","2-Hydroxyglutaric acid (conf: 10)"
"2-Hydroxyhepta-2,4-dienedioate",8,172.0371318,13.09970165,"C7H8O5",13,"X2.Hydroxyhepta.2_4.dienedioate",FALSE,NA,"2-Hydroxyhepta-2,4-dienedioate (conf: 8)"
"2-Hydroxyhexadecanoic acid",6,272.2351373,2.399633346,"C16H32O3",17,"X2.Hydroxyhexadecanoic.acid",FALSE,NA,"2-Hydroxyhexadecanoic acid (conf: 6)"
"2-hydroxymethanesulfonate",5,111.9830367,8.259313338,"CH4O4S",2,"X2.hydroxymethanesulfonate",FALSE,NA,"2-hydroxymethanesulfonate (conf: 5)"
"2-Hydroxymyristic acid",7,244.2037979,2.614963966,"C14H28O3",10,"X2.Hydroxymyristic.acid",FALSE,NA,"2-Hydroxymyristic acid (conf: 7)"
"2-hydroxynonanoic acid",6,174.1255967,4.441306969,"C9H18O3",11,"X2.hydroxynonanoic.acid",FALSE,NA,"2-hydroxynonanoic acid (conf: 6)"
"2-hydroxynonanoic acid",8,191.1521505,4.048875813,"C9H18O3",11,"X2.hydroxynonanoic.acid.1",FALSE,NA,"2-hydroxynonanoic acid (conf: 8)"
"2-Hydroxypropyl-CoM",7,200.0173546,6.402596428,"C5H12O4S2",1,"X2.Hydroxypropyl.CoM",FALSE,NA,"2-Hydroxypropyl-CoM (conf: 7)"
"2-Hydroxypyridine",5,95.03706002,4.8625,"C5H5NO",4,"X2.Hydroxypyridine.1",FALSE,NA,"2-Hydroxypyridine (conf: 5)"
"2-Hydroxypyridine",7,95.03703868,5.699648933,"C5H5NO",4,"X2.Hydroxypyridine",FALSE,NA,"2-Hydroxypyridine (conf: 7)"
"2-Hydroxystearic acid",6,300.2664837,2.417220446,"C18H36O3",21,"X2.Hydroxystearic.acid",FALSE,NA,"2-Hydroxystearic acid (conf: 6)"
"2-hydroxytricosanoate",5,370.3444402,2.354132747,"C23H46O3",1,"X2.hydroxytricosanoate",FALSE,NA,"2-hydroxytricosanoate (conf: 5)"
"2-hydroxytridecanoate",6,230.1881756,2.696151077,"C13H26O3",5,"X2.hydroxytridecanoate",FALSE,NA,"2-hydroxytridecanoate (conf: 6)"
"2-Hydroxyundecanoate",7,202.1569784,2.891142987,"C11H22O3",7,"X2.Hydroxyundecanoate",FALSE,NA,"2-Hydroxyundecanoate (conf: 7)"
"2-isocapryloyl-hydroxymethyl-gamma-butyrolactone",7,242.1519109,2.556767757,"C13H22O4",5,"X2.isocapryloyl.hydroxymethyl.gamma.butyrolactone",FALSE,NA,"2-isocapryloyl-hydroxymethyl-gamma-butyrolactone (conf: 7)"
"2-Isopropyl-3-oxosuccinate",6,174.0528415,8.453978541,"C7H10O5",10,"X2.Isopropyl.3.oxosuccinate",FALSE,NA,"2-Isopropyl-3-oxosuccinate (conf: 6)"
"2-Isopropylmalic acid",6,176.0685595,8.985716166,"C7H12O5",9,"X2.Isopropylmalic.acid",FALSE,NA,"2-Isopropylmalic acid (conf: 6)"
"2-Keto-3-deoxy-D-gluconic acid",8,178.0477424,10.9962801,"C6H10O6",24,"X2.Keto.3.deoxy.D.gluconic.acid",FALSE,NA,"2-Keto-3-deoxy-D-gluconic acid (conf: 8)"
"2-Keto-6-acetamidocaproate",6,187.0844834,3.331043006,"C8H13NO4",6,"X2.Keto.6.acetamidocaproate",FALSE,NA,"2-Keto-6-acetamidocaproate (conf: 6)"
"2-Keto-6-acetamidocaproate",6,187.0844901,6.250517749,"C8H13NO4",6,"X2.Keto.6.acetamidocaproate.1",FALSE,NA,"2-Keto-6-acetamidocaproate (conf: 6)"
"2-Keto-6-aminocaproate",8,145.073876,4.451658056,"C6H11NO3",13,"X2.Keto.6.aminocaproate",FALSE,NA,"2-Keto-6-aminocaproate (conf: 8)"
"2-Keto-glutaramic acid",6,145.0374646,9.205403252,"C5H7NO4",3,"X2.Keto.glutaramic.acid",FALSE,NA,"2-Keto-glutaramic acid (conf: 6)"
"2-Keto-glutaramic acid",6,145.0374819,6.527838709,"C5H7NO4",3,"X2.Keto.glutaramic.acid.1",FALSE,NA,"2-Keto-glutaramic acid (conf: 6)"
"2-Keto-glutaramic acid",8,145.0374867,5.31744621,"C5H7NO4",3,"X2.Keto.glutaramic.acid.2",FALSE,NA,"2-Keto-glutaramic acid (conf: 8)"
"2-Methacryloyloxyethyl phenyl phosphate",7,286.0600594,4.925150606,"C12H15O6P",1,"X2.Methacryloyloxyethyl.phenyl.phosphate",FALSE,NA,"2-Methacryloyloxyethyl phenyl phosphate (conf: 7)"
"2-Methoxyacetaminophen sulfate",5,261.0307439,11.70039555,"C9H11NO6S",1,"X2.Methoxyacetaminophen.sulfate",FALSE,NA,"2-Methoxyacetaminophen sulfate (conf: 5)"
"2-Methoxyacetaminophen sulfate",5,261.0307645,10.24292939,"C9H11NO6S",1,"X2.Methoxyacetaminophen.sulfate.1",FALSE,NA,"2-Methoxyacetaminophen sulfate (conf: 5)"
"2-methyl-3-(sulfooxy)propanoic acid",7,184.0041248,10.78224842,"C4H8O6S",4,"X2.methyl.3..sulfooxy.propanoic.acid",FALSE,NA,"2-methyl-3-(sulfooxy)propanoic acid (conf: 7)"
"2-methyl-3-(sulfooxy)propanoic acid",7,184.0041599,12.04803769,"C4H8O6S",4,"X2.methyl.3..sulfooxy.propanoic.acid.1",FALSE,NA,"2-methyl-3-(sulfooxy)propanoic acid (conf: 7)"
"2-Methyl-3-hydroxy-5-formylpyridine-4-carboxylate",5,181.0375454,4.442989243,"C8H7NO4",4,"X2.Methyl.3.hydroxy.5.formylpyridine.4.carboxylate",FALSE,NA,"2-Methyl-3-hydroxy-5-formylpyridine-4-carboxylate (conf: 5)"
"2-Methyl-4-propyl-1,3-oxathiane",5,160.0924275,3.041716679,"C8H16OS",2,"X2.Methyl.4.propyl.1_3.oxathiane",FALSE,NA,"2-Methyl-4-propyl-1,3-oxathiane (conf: 5)"
"2-methyl-tridecanedioic acid",8,258.1830724,3.006988181,"C14H26O4",10,"X2.methyl.tridecanedioic.acid",FALSE,NA,"2-methyl-tridecanedioic acid (conf: 8)"
"2-methyladenine ribotide phosphate",7,361.0786597,5.988073711,"C11H16N5O7P",1,"X2.methyladenine.ribotide.phosphate",FALSE,NA,"2-methyladenine ribotide phosphate (conf: 7)"
"2-Methylbutyroylcarnitine",5,245.1626832,2.755704285,"C12H23NO4",5,"X2.Methylbutyroylcarnitine",FALSE,NA,"2-Methylbutyroylcarnitine (conf: 5)"
"2-Methylcholine",7,117.1152844,10.57708333,"C6H15NO",4,"X2.Methylcholine",FALSE,NA,"2-Methylcholine (conf: 7)"
"2-Methylcitric acid",8,206.0426748,12.64102675,"C7H10O7",5,"X2.Methylcitric.acid",TRUE,"","2-Methylcitric acid (conf: 8)"
"2-Methylhexanoic acid",8,130.0993552,2.890336002,"C7H14O2",31,"X2.Methylhexanoic.acid",FALSE,NA,"2-Methylhexanoic acid (conf: 8)"
"2-methylhistamine",7,125.0952291,9.060752163,"C6H11N3",5,"X2.methylhistamine",FALSE,NA,"2-methylhistamine (conf: 7)"
"2-methylphosphinoyl-2-hydroxyacetate",5,166.0394835,6.078098902,"C5H11O4P",3,"X2.methylphosphinoyl.2.hydroxyacetate",FALSE,NA,"2-methylphosphinoyl-2-hydroxyacetate (conf: 5)"
"2-Methylpropanal oxime",5,87.06834719,6.712451137,"C4H9NO",11,"X2.Methylpropanal.oxime",FALSE,NA,"2-Methylpropanal oxime (conf: 5)"
"2-naphthylamine-1-sulfonate",7,223.0306394,5.537039079,"C10H9NO3S",3,"X2.naphthylamine.1.sulfonate",FALSE,NA,"2-naphthylamine-1-sulfonate (conf: 7)"
"2-nitro-1-propanol",5,105.0425693,6.730292486,"C3H7NO3",2,"X2.nitro.1.propanol",FALSE,NA,"2-nitro-1-propanol (conf: 5)"
"2-Nitroestra-1,3,5(10)-triene-3,17beta-diol",5,317.1627411,6.582010741,"C18H23NO4",15,"X2.Nitroestra.1_3_5.10..triene.3_17beta.diol",FALSE,NA,"2-Nitroestra-1,3,5(10)-triene-3,17beta-diol (conf: 5)"
"2-Nitrophenol",4.5,139.0269785,8.385612524,"C6H5NO3",10,"X2.Nitrophenol",FALSE,NA,"2-Nitrophenol (conf: 4.5)"
"2-Nonenal",8,157.1466685,2.709774715,"C9H16O",29,"X2.Nonenal",FALSE,NA,"2-Nonenal (conf: 8)"
"2-O-methyl cyclic 3-deoxy-D-arabino-heptulosonate 7-phosphate",5,302.0403679,12.05971659,"C8H15O10P",1,"X2.O.methyl.cyclic.3.deoxy.D.arabino.heptulosonate.7.phosphate",FALSE,NA,"2-O-methyl cyclic 3-deoxy-D-arabino-heptulosonate 7-phosphate (conf: 5)"
"2-octenal",8,126.1044157,4.440098424,"C8H14O",30,"X2.octenal",FALSE,NA,"2-octenal (conf: 8)"
"2-Octenedioic acid",5,172.0735196,5.170114497,"C8H12O4",7,"X2.Octenedioic.acid",FALSE,NA,"2-Octenedioic acid (conf: 5)"
"2-Octenedioic acid",7,172.0735563,7.121127401,"C8H12O4",7,"X2.Octenedioic.acid.1",FALSE,NA,"2-Octenedioic acid (conf: 7)"
"2-Octenoic acid",8,142.099388,2.769123135,"C8H14O2",52,"X2.Octenoic.acid",FALSE,NA,"2-Octenoic acid (conf: 8)"
"2-Octenoylcarnitine",5,285.1941007,2.645289243,"C15H27NO4",2,"X2.Octenoylcarnitine",FALSE,NA,"2-Octenoylcarnitine (conf: 5)"
"2-Octenoylcarnitine",7,285.1941308,3.044066664,"C15H27NO4",2,"X2.Octenoylcarnitine.1",FALSE,NA,"2-Octenoylcarnitine (conf: 7)"
"2-Oxazolidinone",5,87.03203192,5.694080131,"C3H5NO2",4,"X2.Oxazolidinone.1",FALSE,NA,"2-Oxazolidinone (conf: 5)"
"2-Oxazolidinone",7,87.03200862,4.464265557,"C3H5NO2",4,"X2.Oxazolidinone",FALSE,NA,"2-Oxazolidinone (conf: 7)"
"2-oxindole-3-acetyl-beta-D-glucose",7,385.1376574,5.256547842,"C16H19NO8",4,"X2.oxindole.3.acetyl.beta.D.glucose",FALSE,NA,"2-oxindole-3-acetyl-beta-D-glucose (conf: 7)"
"2-oxo-5-chloro-4-pentenoate",7,150.0082162,3.874410932,"C5H7ClO3",2,"X2.oxo.5.chloro.4.pentenoate",FALSE,NA,"2-oxo-5-chloro-4-pentenoate (conf: 7)"
"2-Oxo-delta3-4,5,5-trimethylcyclopentenylacetate",5,182.0942767,7.726892467,"C10H14O3",18,"X2.Oxo.delta3.4_5_5.trimethylcyclopentenylacetate",FALSE,NA,"2-Oxo-delta3-4,5,5-trimethylcyclopentenylacetate (conf: 5)"
"2-oxo-nonadecanoic acid",5,312.2666142,2.892488164,"C19H36O3",4,"X2.oxo.nonadecanoic.acid",FALSE,NA,"2-oxo-nonadecanoic acid (conf: 5)"
"2-oxo-nonanoic acid",8,172.1098962,4.442147286,"C9H16O3",22,"X2.oxo.nonanoic.acid",FALSE,NA,"2-oxo-nonanoic acid (conf: 8)"
"2-oxo-nonanoic acid",8,189.1364888,4.032179022,"C9H16O3",22,"X2.oxo.nonanoic.acid.1",FALSE,NA,"2-oxo-nonanoic acid (conf: 8)"
"2-oxo-tridecanoic acid",6,228.1724659,4.464372614,"C13H24O3",10,"X2.oxo.tridecanoic.acid",FALSE,NA,"2-oxo-tridecanoic acid (conf: 6)"
"2-oxo-tridecanoic acid",6,228.1725476,2.845080657,"C13H24O3",10,"X2.oxo.tridecanoic.acid.1",FALSE,NA,"2-oxo-tridecanoic acid (conf: 6)"
"2-Oxoarginine",8,173.080032,9.197297291,"C6H11N3O3",1,"X2.Oxoarginine",FALSE,NA,"2-Oxoarginine (conf: 8)"
"2-oxobut-3-enanoate",5,100.0160358,5.00878437,"C4H4O3",2,"X2.oxobut.3.enanoate",FALSE,NA,"2-oxobut-3-enanoate (conf: 5)"
"2-oxopenta-3,4-dienoate",7,112.0160706,8.662662317,"C5H4O3",6,"X2.oxopenta.3_4.dienoate",FALSE,NA,"2-oxopenta-3,4-dienoate (conf: 7)"
"2-oxopropane sulfonate",7,137.9986727,4.591102649,"C3H6O4S",3,"X2.oxopropane.sulfonate",FALSE,NA,"2-oxopropane sulfonate (conf: 7)"
"2-oxosuberate",5,188.0684688,10.48254083,"C8H12O5",3,"X2.oxosuberate",FALSE,NA,"2-oxosuberate (conf: 5)"
"2-oxosuberate",5,188.0685005,9.207689675,"C8H12O5",3,"X2.oxosuberate.1",FALSE,NA,"2-oxosuberate (conf: 5)"
"2-oxosuberate",5,188.0685415,5.082901132,"C8H12O5",3,"X2.oxosuberate.2",FALSE,NA,"2-oxosuberate (conf: 5)"
"2-Oxosuccinamate",6,131.0218953,8.355989671,"C4H5NO4",3,"X2.Oxosuccinamate",FALSE,NA,"2-Oxosuccinamate (conf: 6)"
"2-Phenylacetamide",8,135.0684083,3.921636561,"C8H9NO",16,"X2.Phenylacetamide",FALSE,NA,"2-Phenylacetamide (conf: 8)"
"2-phenylacetamidine",7,134.0843453,11.6984167,"C8H10N2",12,"X2.phenylacetamidine",FALSE,NA,"2-phenylacetamidine (conf: 7)"
"2-Phenylaminoadenosine",5,358.1384891,5.581775821,"C16H18N6O4",1,"X2.Phenylaminoadenosine",FALSE,NA,"2-Phenylaminoadenosine (conf: 5)"
"2-Phenylethanol",6,122.0730991,2.821001598,"C8H10O",18,"X2.Phenylethanol",FALSE,NA,"2-Phenylethanol (conf: 6)"
"2-Phenylethyl beta-D-glucopyranoside",5,284.1258128,4.407322562,"C14H20O6",3,"X2.Phenylethyl.beta.D.glucopyranoside",FALSE,NA,"2-Phenylethyl beta-D-glucopyranoside (conf: 5)"
"2-Phenylethyl beta-D-glucopyranoside",5,284.1259945,2.982939246,"C14H20O6",3,"X2.Phenylethyl.beta.D.glucopyranoside.1",FALSE,NA,"2-Phenylethyl beta-D-glucopyranoside (conf: 5)"
"2-Phenylethyl beta-D-glucopyranoside",7,301.1526497,7.938738193,"C14H20O6",3,"X2.Phenylethyl.beta.D.glucopyranoside.2",FALSE,NA,"2-Phenylethyl beta-D-glucopyranoside (conf: 7)"
"2-phosphono-3-sulfoproprionate",7,255.9207778,11.74425275,"C2H5O8PS",1,"X2.phosphono.3.sulfoproprionate",FALSE,NA,"2-phosphono-3-sulfoproprionate (conf: 7)"
"2-Piperidinone",7,99.06832941,5.049867741,"C5H9NO",8,"X2.Piperidinone",FALSE,NA,"2-Piperidinone (conf: 7)"
"2-Propene-1-thiol",5,74.01896448,4.570892879,"C3H6S",2,"X2.Propene.1.thiol",FALSE,NA,"2-Propene-1-thiol (conf: 5)"
"2-Propene-1-thiol",5,74.01906703,8.88492593,"C3H6S",2,"X2.Propene.1.thiol.1",FALSE,NA,"2-Propene-1-thiol (conf: 5)"
"2-Pyridyl hydroxymethane sulfonic acid",5,189.0095877,4.081940232,"C6H7NO4S",4,"X2.Pyridyl.hydroxymethane.sulfonic.acid",FALSE,NA,"2-Pyridyl hydroxymethane sulfonic acid (conf: 5)"
"2-Pyridyl hydroxymethane sulfonic acid",5,189.009624,3.003112661,"C6H7NO4S",4,"X2.Pyridyl.hydroxymethane.sulfonic.acid.1",FALSE,NA,"2-Pyridyl hydroxymethane sulfonic acid (conf: 5)"
"2-S-cysteinyl-DOPA",7,362.0781718,6.154657745,"C12H16N2O6S",2,"X2.S.cysteinyl.DOPA",FALSE,NA,"2-S-cysteinyl-DOPA (conf: 7)"
"2-Succinyl-5-enolpyruvyl-6-hydroxy-3-cyclohexene-1-carboxylate",7,328.0796161,10.40689105,"C14H16O9",11,"X2.Succinyl.5.enolpyruvyl.6.hydroxy.3.cyclohexene.1.carboxylate",FALSE,NA,"2-Succinyl-5-enolpyruvyl-6-hydroxy-3-cyclohexene-1-carboxylate (conf: 7)"
"2-Succinylbenzoate",5,222.0528754,8.358864918,"C11H10O5",14,"X2.Succinylbenzoate",FALSE,NA,"2-Succinylbenzoate (conf: 5)"
"2-thiouridine",7,260.0468654,8.075805734,"C9H12N2O5S",3,"X2.thiouridine",FALSE,NA,"2-thiouridine (conf: 7)"
"2-trans-Hydroxycyclohexyl glyburide",7,555.144037,12.66269949,"C23H28ClN3O6S",5,"X2.trans.Hydroxycyclohexyl.glyburide",FALSE,NA,"2-trans-Hydroxycyclohexyl glyburide (conf: 7)"
"2-trans,6-trans-Farnesal",5,220.1827059,2.661115052,"C15H24O",76,"X2.trans_6.trans.Farnesal",FALSE,NA,"2-trans,6-trans-Farnesal (conf: 5)"
"2-tridecenoic acid",6,212.1775995,2.806046213,"C13H24O2",33,"X2.tridecenoic.acid",FALSE,NA,"2-tridecenoic acid (conf: 6)"
"2-Undecenal",7,185.177977,2.687178336,"C11H20O",9,"X2.Undecenal",FALSE,NA,"2-Undecenal (conf: 7)"
"2(3H)-Benzothiazolethione",5,166.9863285,4.559200629,"C7H5NS2",1,"X2.3H..Benzothiazolethione",FALSE,NA,"2(3H)-Benzothiazolethione (conf: 5)"
"2(3H)-Benzothiazolethione",5,166.9863322,2.909418894,"C7H5NS2",1,"X2.3H..Benzothiazolethione.1",FALSE,NA,"2(3H)-Benzothiazolethione (conf: 5)"
"2(3H)-Benzothiazolethione",5,166.9863375,2.408556892,"C7H5NS2",1,"X2.3H..Benzothiazolethione.2",FALSE,NA,"2(3H)-Benzothiazolethione (conf: 5)"
"2(R)-hydroxydocosanoic acid",8,356.3288523,2.389052234,"C22H44O3",5,"X2.R..hydroxydocosanoic.acid",FALSE,NA,"2(R)-hydroxydocosanoic acid (conf: 8)"
"2,2'-azino-bis-(3-ethylbenzothiazoline-6-sulfonate)",7,514.0107639,8.036434267,"C18H18N4O6S4",2,"X2_2..azino.bis..3.ethylbenzothiazoline.6.sulfonate.",FALSE,NA,"2,2'-azino-bis-(3-ethylbenzothiazoline-6-sulfonate) (conf: 7)"
"2,2'-dideoxy-alpha,alpha-trehalose",5,310.1264497,7.120829861,"C12H22O9",1,"X2_2..dideoxy.alpha_alpha.trehalose",FALSE,NA,"2,2'-dideoxy-alpha,alpha-trehalose (conf: 5)"
"2,2'-dideoxy-alpha,alpha-trehalose",7,332.1085472,8.35451534,"C12H22O9",1,"X2_2..dideoxy.alpha_alpha.trehalose.1",FALSE,NA,"2,2'-dideoxy-alpha,alpha-trehalose (conf: 7)"
"2,2,4,4,-Tetramethyl-6-(1-oxopropyl)-1,3,5-cyclohexanetrione",5,238.1205847,2.805221484,"C13H18O4",3,"X2_2_4_4_.Tetramethyl.6..1.oxopropyl..1_3_5.cyclohexanetrione",FALSE,NA,"2,2,4,4,-Tetramethyl-6-(1-oxopropyl)-1,3,5-cyclohexanetrione (conf: 5)"
"2,3-Butanediol glucoside",5,252.1209925,4.474209135,"C10H20O7",1,"X2_3.Butanediol.glucoside",FALSE,NA,"2,3-Butanediol glucoside (conf: 5)"
"2,3-Butanediol glucoside",5,252.1210687,5.711471812,"C10H20O7",1,"X2_3.Butanediol.glucoside.2",FALSE,NA,"2,3-Butanediol glucoside (conf: 5)"
"2,3-Butanediol glucoside",7,252.1210096,3.161034402,"C10H20O7",1,"X2_3.Butanediol.glucoside.1",FALSE,NA,"2,3-Butanediol glucoside (conf: 7)"
"2,3-Diaminosalicylic acid",5,168.0534885,5.223812899,"C7H8N2O3",3,"X2_3.Diaminosalicylic.acid",FALSE,NA,"2,3-Diaminosalicylic acid (conf: 5)"
"2,3-dihydro-3-hydroxy-anthranilate",5,155.0582207,7.224501628,"C7H9NO3",4,"X2_3.dihydro.3.hydroxy.anthranilate",FALSE,NA,"2,3-dihydro-3-hydroxy-anthranilate (conf: 5)"
"2,3-Dihydro-5-(5-methyl-2-furanyl)-1H-pyrrolizine",5,187.099793,5.55358872,"C12H13NO",1,"X2_3.Dihydro.5..5.methyl.2.furanyl..1H.pyrrolizine",FALSE,NA,"2,3-Dihydro-5-(5-methyl-2-furanyl)-1H-pyrrolizine (conf: 5)"
"2,3-Dihydrodipicolinate",6,169.0374306,4.491604893,"C7H7NO4",7,"X2_3.Dihydrodipicolinate",FALSE,NA,"2,3-Dihydrodipicolinate (conf: 6)"
"2,3-Dihydroxy-isovalerate",6,134.0578242,11.38436428,"C5H10O4",13,"X2_3.Dihydroxy.isovalerate",FALSE,NA,"2,3-Dihydroxy-isovalerate (conf: 6)"
"2,3-Dihydroxy-isovalerate",6,134.0578309,6.238127399,"C5H10O4",13,"X2_3.Dihydroxy.isovalerate.1",FALSE,NA,"2,3-Dihydroxy-isovalerate (conf: 6)"
"2,3-Dihydroxycyclopentaneundecanoic acid",7,286.2144429,2.871015044,"C16H30O4",6,"X2_3.Dihydroxycyclopentaneundecanoic.acid",FALSE,NA,"2,3-Dihydroxycyclopentaneundecanoic acid (conf: 7)"
"2,3-Dihydroxyindole",6,149.0476297,6.045593557,"C8H7NO2",7,"X2_3.Dihydroxyindole",FALSE,NA,"2,3-Dihydroxyindole (conf: 6)"
"2,3-Dihydroxyindole",8,149.0476543,5.690170961,"C8H7NO2",7,"X2_3.Dihydroxyindole.1",FALSE,NA,"2,3-Dihydroxyindole (conf: 8)"
"2,3-Diketo 4-deoxy-epi-inositol",6,160.0371527,4.745437064,"C6H8O5",11,"X2_3.Diketo.4.deoxy.epi.inositol",FALSE,NA,"2,3-Diketo 4-deoxy-epi-inositol (conf: 6)"
"2,3-dioctanoylglyceramide",7,357.2516482,3.447824097,"C19H35NO5",2,"X2_3.dioctanoylglyceramide",FALSE,NA,"2,3-dioctanoylglyceramide (conf: 7)"
"2,3,4,4-tetrahydroxy-pentanoic acid",7,166.0478354,7.684876899,"C5H10O6",3,"X2_3_4_4.tetrahydroxy.pentanoic.acid",FALSE,NA,"2,3,4,4-tetrahydroxy-pentanoic acid (conf: 7)"
"2,3,4,5-Tetrahydropiperidine-2-carboxylate",6,127.0633088,9.378998886,"C6H9NO2",11,"X2_3_4_5.Tetrahydropiperidine.2.carboxylate.1",FALSE,NA,"2,3,4,5-Tetrahydropiperidine-2-carboxylate (conf: 6)"
"2,3,4,5-Tetrahydropiperidine-2-carboxylate",8,127.063244,5.491024222,"C6H9NO2",11,"X2_3_4_5.Tetrahydropiperidine.2.carboxylate",FALSE,NA,"2,3,4,5-Tetrahydropiperidine-2-carboxylate (conf: 8)"
"2,3,4,5,6,7-Hexahydroxyheptanoic acid",7,226.0688868,10.42754569,"C7H14O8",1,"X2_3_4_5_6_7.Hexahydroxyheptanoic.acid",FALSE,NA,"2,3,4,5,6,7-Hexahydroxyheptanoic acid (conf: 7)"
"2,3,5-Trihydroxytoluene",5,140.0473318,5.20037151,"C7H8O3",18,"X2_3_5.Trihydroxytoluene",FALSE,NA,"2,3,5-Trihydroxytoluene (conf: 5)"
"2,3,6-Trihydroxypyridine",5,127.0269366,9.238418284,"C5H5NO3",3,"X2_3_6.Trihydroxypyridine",FALSE,NA,"2,3,6-Trihydroxypyridine (conf: 5)"
"2,3,6-Trihydroxypyridine",7,127.0269464,6.527886553,"C5H5NO3",3,"X2_3_6.Trihydroxypyridine.1",FALSE,NA,"2,3,6-Trihydroxypyridine (conf: 7)"
"2,3,6-Trihydroxypyridine",7,173.0324617,11.20381516,"C5H5NO3",3,"X2_3_6.Trihydroxypyridine.2",FALSE,NA,"2,3,6-Trihydroxypyridine (conf: 7)"
"2,4-diacetamido-2,4,6-trideoxy-beta-L-altropyranose",5,246.1215919,5.92842879,"C10H18N2O5",9,"X2_4.diacetamido.2_4_6.trideoxy.beta.L.altropyranose",FALSE,NA,"2,4-diacetamido-2,4,6-trideoxy-beta-L-altropyranose (conf: 5)"
"2,4-diamino-6-ethyl-5,3'-(2-trifluoromethylphenoxy)prop-1'-yloxypyrimidine",7,356.1455689,4.343772185,"C16H19F3N4O2",1,"X2_4.diamino.6.ethyl.5_3...2.trifluoromethylphenoxy.prop.1..yloxypyrimidine",FALSE,NA,"2,4-diamino-6-ethyl-5,3'-(2-trifluoromethylphenoxy)prop-1'-yloxypyrimidine (conf: 7)"
"2,4-Dihydroxyacetophenone 5-sulfate",5,232.0041728,3.850001719,"C8H8O6S",5,"X2_4.Dihydroxyacetophenone.5.sulfate.2",FALSE,NA,"2,4-Dihydroxyacetophenone 5-sulfate (conf: 5)"
"2,4-Dihydroxyacetophenone 5-sulfate",7,232.0040867,2.715926431,"C8H8O6S",5,"X2_4.Dihydroxyacetophenone.5.sulfate",FALSE,NA,"2,4-Dihydroxyacetophenone 5-sulfate (conf: 7)"
"2,4-Dihydroxyacetophenone 5-sulfate",7,232.0041632,3.395848855,"C8H8O6S",5,"X2_4.Dihydroxyacetophenone.5.sulfate.1",FALSE,NA,"2,4-Dihydroxyacetophenone 5-sulfate (conf: 7)"
"2,4-Dihydroxyacetophenone 5-sulfate",7,232.0041819,12.24184883,"C8H8O6S",5,"X2_4.Dihydroxyacetophenone.5.sulfate.3",FALSE,NA,"2,4-Dihydroxyacetophenone 5-sulfate (conf: 7)"
"2,4-Dihydroxyacetophenone 5-sulfate",7,232.0042038,11.43413619,"C8H8O6S",5,"X2_4.Dihydroxyacetophenone.5.sulfate.4",FALSE,NA,"2,4-Dihydroxyacetophenone 5-sulfate (conf: 7)"
"2,4-dihydroxyhept-2-enedioate",8,190.0477361,13.86871348,"C7H10O6",9,"X2_4.dihydroxyhept.2.enedioate",FALSE,NA,"2,4-dihydroxyhept-2-enedioate (conf: 8)"
"2,4-Dimethyl-1H-indole",5,145.0891414,5.59521726,"C10H11N",1,"X2_4.Dimethyl.1H.indole",FALSE,NA,"2,4-Dimethyl-1H-indole (conf: 5)"
"2,4-heptadienal",7,110.0730748,2.821439788,"C7H10O",8,"X2_4.heptadienal",FALSE,NA,"2,4-heptadienal (conf: 7)"
"2,4-Nonadienal",6,138.1044649,2.964933326,"C9H14O",18,"X2_4.Nonadienal",FALSE,NA,"2,4-Nonadienal (conf: 6)"
"2,4-pentadienoic acid",5,98.03669554,8.923265634,"C5H6O2",7,"X2_4.pentadienoic.acid",FALSE,NA,"2,4-pentadienoic acid (conf: 5)"
"2,4-pentadienoic acid",5,98.0367098,7.338889272,"C5H6O2",7,"X2_4.pentadienoic.acid.1",FALSE,NA,"2,4-pentadienoic acid (conf: 5)"
"2,4-pentadienoic acid",5,98.03672622,4.694529051,"C5H6O2",7,"X2_4.pentadienoic.acid.2",FALSE,NA,"2,4-pentadienoic acid (conf: 5)"
"2,4,6,8-Tridecatetrayne",7,168.0938742,2.392861832,"C13H12",3,"X2_4_6_8.Tridecatetrayne",FALSE,NA,"2,4,6,8-Tridecatetrayne (conf: 7)"
"2,5-Dihydro-4,5-dimethyl-2-(2-methylpropyl)thiazole",5,171.1083541,25.80015068,"C9H17NS",3,"X2_5.Dihydro.4_5.dimethyl.2..2.methylpropyl.thiazole",FALSE,NA,"2,5-Dihydro-4,5-dimethyl-2-(2-methylpropyl)thiazole (conf: 5)"
"2,5-Dihydroxypyridine",5,111.0320412,5.844854818,"C5H5NO2",8,"X2_5.Dihydroxypyridine",FALSE,NA,"2,5-Dihydroxypyridine (conf: 5)"
"2,5-Dimethyl-1H-pyrrole",5,95.07345727,2.53797012,"C6H9N",1,"X2_5.Dimethyl.1H.pyrrole",FALSE,NA,"2,5-Dimethyl-1H-pyrrole (conf: 5)"
"2,5-Dimethyl-3-(methyldithio)furan",5,174.0171477,10.6716069,"C7H10OS2",1,"X2_5.Dimethyl.3..methyldithio.furan",FALSE,NA,"2,5-Dimethyl-3-(methyldithio)furan (conf: 5)"
"2,5-Dimethyl-3-furanthiol acetate",7,187.0666899,4.426425259,"C8H10O2S",2,"X2_5.Dimethyl.3.furanthiol.acetate",FALSE,NA,"2,5-Dimethyl-3-furanthiol acetate (conf: 7)"
"2,5-Dimethyl-3-furanthiol acetate",7,187.066701,2.985332752,"C8H10O2S",2,"X2_5.Dimethyl.3.furanthiol.acetate.1",FALSE,NA,"2,5-Dimethyl-3-furanthiol acetate (conf: 7)"
"2,5-Dimethyl-3-furanyl 3-methylbutanethioate",5,212.087524,13.29195051,"C11H16O2S",1,"X2_5.Dimethyl.3.furanyl.3.methylbutanethioate.2",FALSE,NA,"2,5-Dimethyl-3-furanyl 3-methylbutanethioate (conf: 5)"
"2,5-Dimethyl-3-furanyl 3-methylbutanethioate",7,212.0874308,6.749672034,"C11H16O2S",1,"X2_5.Dimethyl.3.furanyl.3.methylbutanethioate",FALSE,NA,"2,5-Dimethyl-3-furanyl 3-methylbutanethioate (conf: 7)"
"2,5-Dimethyl-3-furanyl 3-methylbutanethioate",7,212.0875135,10.54606714,"C11H16O2S",1,"X2_5.Dimethyl.3.furanyl.3.methylbutanethioate.1",FALSE,NA,"2,5-Dimethyl-3-furanyl 3-methylbutanethioate (conf: 7)"
"2,5-Dimethyl-3-furanyl 3-methylbutanethioate",7,234.069258,5.28995701,"C11H16O2S",1,"X2_5.Dimethyl.3.furanyl.3.methylbutanethioate.3",FALSE,NA,"2,5-Dimethyl-3-furanyl 3-methylbutanethioate (conf: 7)"
"2,5-Dimethyl-3-furanyl 3-methylbutanethioate",7,234.0693587,8.71214575,"C11H16O2S",1,"X2_5.Dimethyl.3.furanyl.3.methylbutanethioate.4",FALSE,NA,"2,5-Dimethyl-3-furanyl 3-methylbutanethioate (conf: 7)"
"2,5-Dimethyl-3-propylpyrazine",7,167.1422022,5.64822368,"C9H14N2",7,"X2_5.Dimethyl.3.propylpyrazine",FALSE,NA,"2,5-Dimethyl-3-propylpyrazine (conf: 7)"
"2,5-Dioxopentanoate",6,130.026645,5.145176385,"C5H6O4",10,"X2_5.Dioxopentanoate",FALSE,NA,"2,5-Dioxopentanoate (conf: 6)"
"2,5-Dioxopiperazine",5,114.0429308,6.939642974,"C4H6N2O2",6,"X2_5.Dioxopiperazine",FALSE,NA,"2,5-Dioxopiperazine (conf: 5)"
"2,6-Dihydroxynicotinate",7,155.0218106,12.73103861,"C6H5NO4",5,"X2_6.Dihydroxynicotinate",FALSE,NA,"2,6-Dihydroxynicotinate (conf: 7)"
"2,6-Dihydroxyphenylacetate",6,168.0421118,3.59541827,"C8H8O4",29,"X2_6.Dihydroxyphenylacetate",FALSE,NA,"2,6-Dihydroxyphenylacetate (conf: 6)"
"2,6-Dimethoxy-4-propylphenol",7,242.1154437,6.397120962,"C11H16O3",7,"X2_6.Dimethoxy.4.propylphenol",FALSE,NA,"2,6-Dimethoxy-4-propylphenol (conf: 7)"
"2,6 Dimethylheptanoyl carnitine",7,301.2254075,3.610159971,"C16H31NO4",2,"X2_6.Dimethylheptanoyl.carnitine",FALSE,NA,"2,6 Dimethylheptanoyl carnitine (conf: 7)"
"2,7-Anhydro-alpha-N-acetylneuraminic acid",7,291.0955103,5.834129895,"C11H17NO8",4,"X2_7.Anhydro.alpha.N.acetylneuraminic.acid",FALSE,NA,"2,7-Anhydro-alpha-N-acetylneuraminic acid (conf: 7)"
"2,7-Anhydro-alpha-N-acetylneuraminic acid",7,291.0955234,10.38614993,"C11H17NO8",4,"X2_7.Anhydro.alpha.N.acetylneuraminic.acid.1",FALSE,NA,"2,7-Anhydro-alpha-N-acetylneuraminic acid (conf: 7)"
"2,7-Anhydro-alpha-N-acetylneuraminic acid",7,308.1220664,9.500663775,"C11H17NO8",4,"X2_7.Anhydro.alpha.N.acetylneuraminic.acid.2",FALSE,NA,"2,7-Anhydro-alpha-N-acetylneuraminic acid (conf: 7)"
"2,7-Dideoxypancratistatin",7,329.0661719,7.929830096,"C14H15NO6",1,"X2_7.Dideoxypancratistatin",FALSE,NA,"2,7-Dideoxypancratistatin (conf: 7)"
"2,8-Dihydroxyquinoline-beta-D-glucuronide",5,337.0797788,5.964277,"C15H15NO8",2,"X2_8.Dihydroxyquinoline.beta.D.glucuronide",FALSE,NA,"2,8-Dihydroxyquinoline-beta-D-glucuronide (conf: 5)"
"20-acetoxy-clavulone I",5,504.2357774,5.741901706,"C27H36O9",4,"X20.acetoxy.clavulone.I",FALSE,NA,"20-acetoxy-clavulone I (conf: 5)"
"20-COOH-10,11-dihydro-LTB4",7,368.2198264,5.421052195,"C20H32O6",24,"X20.COOH.10_11.dihydro.LTB4",FALSE,NA,"20-COOH-10,11-dihydro-LTB4 (conf: 7)"
"20-hydroxy-fusarin",7,425.1817157,8.967818311,"C22H29NO6",3,"X20.hydroxy.fusarin",FALSE,NA,"20-hydroxy-fusarin (conf: 7)"
"20-oxo-heneicosanoic acid",5,340.297934,2.798796787,"C21H40O3",5,"X20.oxo.heneicosanoic.acid",FALSE,NA,"20-oxo-heneicosanoic acid (conf: 5)"
"20-Trihydroxy-leukotriene-B4",7,430.2202954,2.976685614,"C20H32O7",2,"X20.Trihydroxy.leukotriene.B4",FALSE,NA,"20-Trihydroxy-leukotriene-B4 (conf: 7)"
"202-791",7,358.127104,5.153801096,"C17H18N4O5",1,"X202.791",FALSE,NA,"202-791 (conf: 7)"
"21-dimethylarsinoyl- -heneicosapentaenoic acid",5,436.1959998,11.59800252,"C23H37AsO3",1,"X21.dimethylarsinoyl...heneicosapentaenoic.acid",FALSE,NA,"21-dimethylarsinoyl- -heneicosapentaenoic acid (conf: 5)"
"22-Acetylpriverogenin B",5,516.3815723,2.36843763,"C32H52O5",1,"X22.Acetylpriverogenin.B",FALSE,NA,"22-Acetylpriverogenin B (conf: 5)"
"24-Nor-5beta-chol-22-ene-3alpha,7alpha,12alpha-triol",7,362.2822017,2.452249457,"C23H38O3",5,"X24.Nor.5beta.chol.22.ene.3alpha_7alpha_12alpha.triol",FALSE,NA,"24-Nor-5beta-chol-22-ene-3alpha,7alpha,12alpha-triol (conf: 7)"
"25-acetoxy-ergosta-3beta,5alpha,6beta-triol",7,492.3816969,2.403368271,"C30H52O5",2,"X25.acetoxy.ergosta.3beta_5alpha_6beta.triol",FALSE,NA,"25-acetoxy-ergosta-3beta,5alpha,6beta-triol (conf: 7)"
"27-nor-hydroxy-5alpha-cholestan-3,6-dione",5,402.3132085,2.674547224,"C26H42O3",9,"X27.nor.hydroxy.5alpha.cholestan.3_6.dione",FALSE,NA,"27-nor-hydroxy-5alpha-cholestan-3,6-dione (conf: 5)"
"27HCHOL3S",5,482.3066121,2.310008682,"C27H46O5S",1,"X27HCHOL3S",FALSE,NA,"27HCHOL3S (conf: 5)"
"2alpha-(3-Hydroxypropyl)-1alpha,25-dihydroxy-19-norvitamin D3",5,462.3710481,2.35536221,"C29H50O4",3,"X2alpha..3.Hydroxypropyl..1alpha_25.dihydroxy.19.norvitamin.D3",FALSE,NA,"2alpha-(3-Hydroxypropyl)-1alpha,25-dihydroxy-19-norvitamin D3 (conf: 5)"
"2alpha-(Hydroxymethyl)-17-methyl-5alpha-androstane-3beta,17beta-diol",7,336.2666205,2.796249447,"C21H36O3",12,"X2alpha..Hydroxymethyl..17.methyl.5alpha.androstane.3beta_17beta.diol",FALSE,NA,"2alpha-(Hydroxymethyl)-17-methyl-5alpha-androstane-3beta,17beta-diol (conf: 7)"
"2beta-deoxy Kdo",5,222.0739489,10.98159544,"C8H14O7",3,"X2beta.deoxy.Kdo",FALSE,NA,"2beta-deoxy Kdo (conf: 5)"
"3''-hydroxy-geranylhydroquinone",5,262.1569281,2.939449429,"C16H22O3",4,"X3...hydroxy.geranylhydroquinone",FALSE,NA,"3''-hydroxy-geranylhydroquinone (conf: 5)"
"3'-AMP",8,347.0631966,12.49392337,"C10H14N5O7P",10,"X3..AMP",FALSE,NA,"3'-AMP (conf: 8)"
"3'-CMP",8,345.0338976,11.89341497,"C9H14N3O8P",3,"X3..CMP",FALSE,NA,"3'-CMP (conf: 8)"
"3'-Deaminofusarochromanone",7,277.1313472,2.524304289,"C15H19NO4",1,"X3..Deaminofusarochromanone",FALSE,NA,"3'-Deaminofusarochromanone (conf: 7)"
"3'-demethyletoposide",7,596.1496807,6.074828989,"C28H30O13",1,"X3..demethyletoposide",FALSE,NA,"3'-demethyletoposide (conf: 7)"
"3'-Glucosyl-2',4',6'-trihydroxyacetophenone",5,330.0951007,7.922272991,"C14H18O9",4,"X3..Glucosyl.2._4._6..trihydroxyacetophenone",FALSE,NA,"3'-Glucosyl-2',4',6'-trihydroxyacetophenone (conf: 5)"
"3'-Glucosyl-2',4',6'-trihydroxyacetophenone",7,330.0951205,6.760099424,"C14H18O9",4,"X3..Glucosyl.2._4._6..trihydroxyacetophenone.1",FALSE,NA,"3'-Glucosyl-2',4',6'-trihydroxyacetophenone (conf: 7)"
"3'-Hydroxy-T2 Toxin",7,482.215684,4.937490481,"C24H34O10",1,"X3..Hydroxy.T2.Toxin",FALSE,NA,"3'-Hydroxy-T2 Toxin (conf: 7)"
"3'-Ketolactose",7,340.1007902,8.888950438,"C12H20O11",11,"X3..Ketolactose",FALSE,NA,"3'-Ketolactose (conf: 7)"
"3'-Methoxyfukiic acid",7,286.0689668,8.447765534,"C12H14O8",6,"X3..Methoxyfukiic.acid",FALSE,NA,"3'-Methoxyfukiic acid (conf: 7)"
"3'-Monoiodo-L-thyronine 4'-O-sulfate",5,478.9542767,13.59295745,"C15H14INO7S",1,"X3..Monoiodo.L.thyronine.4..O.sulfate",FALSE,NA,"3'-Monoiodo-L-thyronine 4'-O-sulfate (conf: 5)"
"3'-Sialyllactose",5,633.212257,10.17291439,"C23H39NO19",2,"X3..Sialyllactose",FALSE,NA,"3'-Sialyllactose (conf: 5)"
"3',4',5'-Trimethoxycinnamyl alcohol acetate",7,283.1421303,5.975621509,"C14H18O5",8,"X3._4._5..Trimethoxycinnamyl.alcohol.acetate",FALSE,NA,"3',4',5'-Trimethoxycinnamyl alcohol acetate (conf: 7)"
"3-((R)-3-Hydroxybutanoyloxy)butanoate",6,190.0843347,9.461896211,"C8H14O5",5,"X3...R..3.Hydroxybutanoyloxy.butanoate.1",FALSE,NA,"3-((R)-3-Hydroxybutanoyloxy)butanoate (conf: 6)"
"3-((R)-3-Hydroxybutanoyloxy)butanoate",8,190.0841522,6.554252132,"C8H14O5",5,"X3...R..3.Hydroxybutanoyloxy.butanoate",FALSE,NA,"3-((R)-3-Hydroxybutanoyloxy)butanoate (conf: 8)"
"3-(1,1-Dimethyl-2-propenyl)-8-(3-methyl-2-butenyl)xanthyletin",7,386.185959,2.593552293,"C24H28O3",1,"X3..1_1.Dimethyl.2.propenyl..8..3.methyl.2.butenyl.xanthyletin",FALSE,NA,"3-(1,1-Dimethyl-2-propenyl)-8-(3-methyl-2-butenyl)xanthyletin (conf: 7)"
"3-(2-Hydroxyphenyl)propanoic acid",6,166.0630055,3.023945125,"C9H10O3",46,"X3..2.Hydroxyphenyl.propanoic.acid",FALSE,NA,"3-(2-Hydroxyphenyl)propanoic acid (conf: 6)"
"3-(2-Hydroxyphenyl)propanoic acid",6,166.0630517,4.930045146,"C9H10O3",46,"X3..2.Hydroxyphenyl.propanoic.acid.1",FALSE,NA,"3-(2-Hydroxyphenyl)propanoic acid (conf: 6)"
"3-(2-propenoic acid)-4,6-hydroxy cyclohexa-2,5-dienone",5,196.0371949,9.981231514,"C9H8O5",17,"X3..2.propenoic.acid..4_6.hydroxy.cyclohexa.2_5.dienone",FALSE,NA,"3-(2-propenoic acid)-4,6-hydroxy cyclohexa-2,5-dienone (conf: 5)"
"3-(3,4-Dihydroxy-5-methoxy)-2-propenoic acid",5,210.0527475,3.103847299,"C10H10O5",17,"X3..3_4.Dihydroxy.5.methoxy..2.propenoic.acid",FALSE,NA,"3-(3,4-Dihydroxy-5-methoxy)-2-propenoic acid (conf: 5)"
"3-(3,4-dihydroxyphenyl)-2-oxopropanoic acid",6,196.0372142,8.941048949,"C9H8O5",17,"X3..3_4.dihydroxyphenyl..2.oxopropanoic.acid",FALSE,NA,"3-(3,4-dihydroxyphenyl)-2-oxopropanoic acid (conf: 6)"
"3-(3,4-Dihydroxyphenyl)lactic acid",8,198.052802,6.678806986,"C9H10O5",18,"X3..3_4.Dihydroxyphenyl.lactic.acid",FALSE,NA,"3-(3,4-Dihydroxyphenyl)lactic acid (conf: 8)"
"3-(3,4-dimethoxyphenyl)-N-[2-(1-hydroxy-3-methoxy-4-oxocyclohexa-2,5-dien-1-yl)ethyl]propanimidic acid",7,375.1687957,10.14761163,"C20H25NO6",3,"X3..3_4.dimethoxyphenyl..N..2..1.hydroxy.3.methoxy.4.oxocyclohexa.2_5.dien.1.yl.ethyl.propanimidic.acid",FALSE,NA,"3-(3,4-dimethoxyphenyl)-N-[2-(1-hydroxy-3-methoxy-4-oxocyclohexa-2,5-dien-1-yl)ethyl]propanimidic acid (conf: 7)"
"3-(3,4-dimethoxyphenyl)-N-[2-(3,4-dimethoxyphenyl)-2-hydroxyethyl]prop-2-enimidic acid",5,387.167581,7.36908964,"C21H25NO6",7,"X3..3_4.dimethoxyphenyl..N..2..3_4.dimethoxyphenyl..2.hydroxyethyl.prop.2.enimidic.acid",FALSE,NA,"3-(3,4-dimethoxyphenyl)-N-[2-(3,4-dimethoxyphenyl)-2-hydroxyethyl]prop-2-enimidic acid (conf: 5)"
"3-(3,4-dimethoxyphenyl)-N-[2-(3,4-dimethoxyphenyl)ethyl]-3-(sulfooxy)propanimidic acid",5,469.1413049,8.858617341,"C21H27NO9S",3,"X3..3_4.dimethoxyphenyl..N..2..3_4.dimethoxyphenyl.ethyl..3..sulfooxy.propanimidic.acid",FALSE,NA,"3-(3,4-dimethoxyphenyl)-N-[2-(3,4-dimethoxyphenyl)ethyl]-3-(sulfooxy)propanimidic acid (conf: 5)"
"3-(3,7-dihydroxy-5-sulfino-3,4-dihydro-2H-1-benzopyran-2-yl)benzen-1-olate",5,322.0507279,5.205923023,"C15H14O6S",10,"X3..3_7.dihydroxy.5.sulfino.3_4.dihydro.2H.1.benzopyran.2.yl.benzen.1.olate",FALSE,NA,"3-(3,7-dihydroxy-5-sulfino-3,4-dihydro-2H-1-benzopyran-2-yl)benzen-1-olate (conf: 5)"
"3-(3,7-dihydroxy-5-sulfino-3,4-dihydro-2H-1-benzopyran-2-yl)benzen-1-olate",7,322.0511206,2.80723043,"C15H14O6S",10,"X3..3_7.dihydroxy.5.sulfino.3_4.dihydro.2H.1.benzopyran.2.yl.benzen.1.olate.1",FALSE,NA,"3-(3,7-dihydroxy-5-sulfino-3,4-dihydro-2H-1-benzopyran-2-yl)benzen-1-olate (conf: 7)"
"3-(4-Hydroxyphenyl)pyruvate",6,180.0422365,4.64641343,"C9H8O4",18,"X3..4.Hydroxyphenyl.pyruvate",FALSE,NA,"3-(4-Hydroxyphenyl)pyruvate (conf: 6)"
"3-(5'-methylthio)pentylmalate",5,250.0877527,4.816052367,"C10H18O5S",2,"X3..5..methylthio.pentylmalate",FALSE,NA,"3-(5'-methylthio)pentylmalate (conf: 5)"
"3-(6'-methylthio)hexylmalate",5,264.1032525,7.87671493,"C11H20O5S",2,"X3..6..methylthio.hexylmalate",FALSE,NA,"3-(6'-methylthio)hexylmalate (conf: 5)"
"3-(Acetylthio)-2-methylfuran",7,173.0510559,4.425397141,"C7H8O2S",3,"X3..Acetylthio..2.methylfuran",FALSE,NA,"3-(Acetylthio)-2-methylfuran (conf: 7)"
"3-(Cystein-S-yl)acetaminophen",7,270.0674683,4.583402331,"C11H14N2O4S",1,"X3..Cystein.S.yl.acetaminophen",FALSE,NA,"3-(Cystein-S-yl)acetaminophen (conf: 7)"
"3-(Methoxycarbonyl)pent-2-enedioate",5,188.0321096,5.901029319,"C7H8O6",6,"X3..Methoxycarbonyl.pent.2.enedioate",FALSE,NA,"3-(Methoxycarbonyl)pent-2-enedioate (conf: 5)"
"3-[-5-carbamoyl-3-(dimethylamino)-4-hydroxypenta-2,4-dien-1-yl]-1,8-dihydroxy-4-methylnaphthalene-2-carboxylate",5,386.147229,10.87792821,"C20H22N2O6",2,"X3...5.carbamoyl.3..dimethylamino..4.hydroxypenta.2_4.dien.1.yl..1_8.dihydroxy.4.methylnaphthalene.2.carboxylate",FALSE,NA,"3-[-5-carbamoyl-3-(dimethylamino)-4-hydroxypenta-2,4-dien-1-yl]-1,8-dihydroxy-4-methylnaphthalene-2-carboxylate (conf: 5)"
"3-[(Cyanophenylmethyl)amino]-3-oxopropanoic acid",5,218.0691374,4.589056344,"C11H10N2O3",2,"X3...Cyanophenylmethyl.amino..3.oxopropanoic.acid.1",FALSE,NA,"3-[(Cyanophenylmethyl)amino]-3-oxopropanoic acid (conf: 5)"
"3-[(Cyanophenylmethyl)amino]-3-oxopropanoic acid",7,218.0689837,7.14692239,"C11H10N2O3",2,"X3...Cyanophenylmethyl.amino..3.oxopropanoic.acid",FALSE,NA,"3-[(Cyanophenylmethyl)amino]-3-oxopropanoic acid (conf: 7)"
"3-[3-(sulfooxy)phenyl]prop-2-enoic acid",5,244.0042466,9.73714386,"C9H8O6S",3,"X3..3..sulfooxy.phenyl.prop.2.enoic.acid",FALSE,NA,"3-[3-(sulfooxy)phenyl]prop-2-enoic acid (conf: 5)"
"3-[3-methoxy-4-(sulfooxy)phenyl]-2-oxopropanoic acid",5,290.0094869,10.00264693,"C10H10O8S",3,"X3..3.methoxy.4..sulfooxy.phenyl..2.oxopropanoic.acid",FALSE,NA,"3-[3-methoxy-4-(sulfooxy)phenyl]-2-oxopropanoic acid (conf: 5)"
"3-[3,5-dihydroxy-4-(sulfooxy)phenyl]-2-oxopropanoic acid",5,291.9887832,11.64696893,"C9H8O9S",1,"X3..3_5.dihydroxy.4..sulfooxy.phenyl..2.oxopropanoic.acid",FALSE,NA,"3-[3,5-dihydroxy-4-(sulfooxy)phenyl]-2-oxopropanoic acid (conf: 5)"
"3-[4-amino-3-hydroxybutyl]-hydroxy-carbamoyl-propanoate",7,220.1058815,11.57229951,"C8H16N2O5",3,"X3..4.amino.3.hydroxybutyl..hydroxy.carbamoyl.propanoate",FALSE,NA,"3-[4-amino-3-hydroxybutyl]-hydroxy-carbamoyl-propanoate (conf: 7)"
"3-[4-hydroxy-3-(sulfooxy)phenyl]-2-oxopropanoic acid",7,275.9941049,10.21183764,"C9H8O8S",2,"X3..4.hydroxy.3..sulfooxy.phenyl..2.oxopropanoic.acid",FALSE,NA,"3-[4-hydroxy-3-(sulfooxy)phenyl]-2-oxopropanoic acid (conf: 7)"
"3-Amino-1-methyl-5H-pyrido[4,3-b]indole",7,233.0722799,7.875295424,"C12H11N3",1,"X3.Amino.1.methyl.5H.pyrido.4_3.b.indole",FALSE,NA,"3-Amino-1-methyl-5H-pyrido[4,3-b]indole (conf: 7)"
"3-Amino-2-piperidone",5,114.0792419,6.183890312,"C5H10N2O",3,"X3.Amino.2.piperidone",FALSE,NA,"3-Amino-2-piperidone (conf: 5)"
"3-Aminobenzenesulfonate",5,173.0146662,6.08628968,"C6H7NO3S",4,"X3.Aminobenzenesulfonate",FALSE,NA,"3-Aminobenzenesulfonate (conf: 5)"
"3-Aminobenzenesulfonate",7,190.0411949,5.030307134,"C6H7NO3S",4,"X3.Aminobenzenesulfonate.1",FALSE,NA,"3-Aminobenzenesulfonate (conf: 7)"
"3-Aminopropane-1,2-diol",5,91.06326783,11.74897687,"C3H9NO2",2,"X3.Aminopropane.1_2.diol",FALSE,NA,"3-Aminopropane-1,2-diol (conf: 5)"
"3-benzoyloxypropyl-glucosinolate",7,527.0759172,10.34374253,"C17H23NO11S2",2,"X3.benzoyloxypropyl.glucosinolate",FALSE,NA,"3-benzoyloxypropyl-glucosinolate (conf: 7)"
"3-benzyl-3,6 -disulfide-6-(hydroxymethyl)-diketopiperazine",5,296.0290232,4.387686967,"C12H12N2O3S2",1,"X3.benzyl.3_6..disulfide.6..hydroxymethyl..diketopiperazine",FALSE,NA,"3-benzyl-3,6 -disulfide-6-(hydroxymethyl)-diketopiperazine (conf: 5)"
"3-benzyl-3,6 -dithio-6-(hydroxymethyl)-diketopiperazine",5,298.0441786,12.78789102,"C12H14N2O3S2",1,"X3.benzyl.3_6..dithio.6..hydroxymethyl..diketopiperazine",FALSE,NA,"3-benzyl-3,6 -dithio-6-(hydroxymethyl)-diketopiperazine (conf: 5)"
"3-Buten-1-amine",7,71.07354567,7.894205877,"C4H9N",2,"X3.Buten.1.amine",FALSE,NA,"3-Buten-1-amine (conf: 7)"
"3-Buten-1-amine",7,71.07354887,7.046473645,"C4H9N",2,"X3.Buten.1.amine.1",FALSE,NA,"3-Buten-1-amine (conf: 7)"
"3-Buten-2-one",7,70.04193304,4.448719911,"C4H6O",5,"X3.Buten.2.one",FALSE,NA,"3-Buten-2-one (conf: 7)"
"3-Butynoate",6,84.02102876,6.817715044,"C4H4O2",4,"X3.Butynoate",FALSE,NA,"3-Butynoate (conf: 6)"
"3-Butynoate",6,84.02110733,5.164162896,"C4H4O2",4,"X3.Butynoate.1",FALSE,NA,"3-Butynoate (conf: 6)"
"3-Butynoate",6,84.02111158,9.23360599,"C4H4O2",4,"X3.Butynoate.2",FALSE,NA,"3-Butynoate (conf: 6)"
"3-Butynoate",8,84.0211336,4.445304862,"C4H4O2",4,"X3.Butynoate.3",FALSE,NA,"3-Butynoate (conf: 8)"
"3-Carboxy-1-hydroxypropylthiamine diphosphate",6,526.0678081,12.00945129,"C16H24N4O10P2S",3,"X3.Carboxy.1.hydroxypropylthiamine.diphosphate",FALSE,NA,"3-Carboxy-1-hydroxypropylthiamine diphosphate (conf: 6)"
"3-Carboxy-4-methoxy-N-methyl-2-pyridone",5,183.0531126,7.663731612,"C8H9NO4",7,"X3.Carboxy.4.methoxy.N.methyl.2.pyridone",FALSE,NA,"3-Carboxy-4-methoxy-N-methyl-2-pyridone (conf: 5)"
"3-Carboxy-4-methyl-5-propyl-2-furanpropionic acid",5,240.0998339,4.504500506,"C12H16O5",15,"X3.Carboxy.4.methyl.5.propyl.2.furanpropionic.acid",FALSE,NA,"3-Carboxy-4-methyl-5-propyl-2-furanpropionic acid (conf: 5)"
"3-Carboxy-4-methyl-5-propyl-2-furanpropionic acid",5,240.0999005,7.454119364,"C12H16O5",15,"X3.Carboxy.4.methyl.5.propyl.2.furanpropionic.acid.1",FALSE,NA,"3-Carboxy-4-methyl-5-propyl-2-furanpropionic acid (conf: 5)"
"3-Carboxy-4-methyl-5-propyl-2-furanpropionic acid",5,240.0999187,5.551492982,"C12H16O5",15,"X3.Carboxy.4.methyl.5.propyl.2.furanpropionic.acid.2",FALSE,NA,"3-Carboxy-4-methyl-5-propyl-2-furanpropionic acid (conf: 5)"
"3-carboxy-6-(methylsulfanyl)-2-oxohexanoate",7,237.0670453,7.332747694,"C8H12O5S",1,"X3.carboxy.6..methylsulfanyl..2.oxohexanoate",FALSE,NA,"3-carboxy-6-(methylsulfanyl)-2-oxohexanoate (conf: 7)"
"3-carboxy-8-(methylsulfanyl)-2-oxooctanoate",7,265.0986213,8.211254028,"C10H16O5S",1,"X3.carboxy.8..methylsulfanyl..2.oxooctanoate",FALSE,NA,"3-carboxy-8-(methylsulfanyl)-2-oxooctanoate (conf: 7)"
"3-carboxy-9-(methylsulfanyl)-2-oxononanoate",5,262.0874201,7.891384467,"C11H18O5S",1,"X3.carboxy.9..methylsulfanyl..2.oxononanoate",FALSE,NA,"3-carboxy-9-(methylsulfanyl)-2-oxononanoate (conf: 5)"
"3-carboxy-9-(methylsulfanyl)-2-oxononanoate",7,279.114061,21.06146805,"C11H18O5S",1,"X3.carboxy.9..methylsulfanyl..2.oxononanoate.1",FALSE,NA,"3-carboxy-9-(methylsulfanyl)-2-oxononanoate (conf: 7)"
"3-carboxy-9-(methylsulfanyl)-2-oxononanoate",7,279.1142624,25.31765045,"C11H18O5S",1,"X3.carboxy.9..methylsulfanyl..2.oxononanoate.2",FALSE,NA,"3-carboxy-9-(methylsulfanyl)-2-oxononanoate (conf: 7)"
"3-carboxy-9-(methylsulfanyl)-2-oxononanoate",7,279.1142779,8.053406992,"C11H18O5S",1,"X3.carboxy.9..methylsulfanyl..2.oxononanoate.3",FALSE,NA,"3-carboxy-9-(methylsulfanyl)-2-oxononanoate (conf: 7)"
"3-chloro-4-(3-chloro-2-nitrosophenyl)-1H-pyrrole",7,275.9624133,11.66345688,"C10H6Cl2N2O",1,"X3.chloro.4..3.chloro.2.nitrosophenyl..1H.pyrrole",FALSE,NA,"3-chloro-4-(3-chloro-2-nitrosophenyl)-1H-pyrrole (conf: 7)"
"3-Cyanoalanine",6,114.0429341,11.86646604,"C4H6N2O2",6,"X3.Cyanoalanine",FALSE,NA,"3-Cyanoalanine (conf: 6)"
"3-Dehydro-2-deoxyecdysone",7,446.3032641,2.778673545,"C27H42O5",16,"X3.Dehydro.2.deoxyecdysone",FALSE,NA,"3-Dehydro-2-deoxyecdysone (conf: 7)"
"3-Dehydro-L-gulonate",8,194.0427128,9.754453269,"C6H10O7",8,"X3.Dehydro.L.gulonate",FALSE,NA,"3-Dehydro-L-gulonate (conf: 8)"
"3-Dehydro-L-threonate",8,180.0269835,12.22150058,"C4H6O5",5,"X3.Dehydro.L.threonate",FALSE,NA,"3-Dehydro-L-threonate (conf: 8)"
"3-Dehydrocarnitine",5,159.0895329,7.636932307,"C7H13NO3",15,"X3.Dehydrocarnitine",FALSE,NA,"3-Dehydrocarnitine (conf: 5)"
"3-Dehydroquinate",6,190.0478371,9.789211281,"C7H10O6",9,"X3.Dehydroquinate.1",FALSE,NA,"3-Dehydroquinate (conf: 6)"
"3-Dehydroquinate",8,190.0477413,6.73614835,"C7H10O6",9,"X3.Dehydroquinate",FALSE,NA,"3-Dehydroquinate (conf: 8)"
"3-demethylubiquinol-7",5,646.4964341,2.443176445,"C43H66O4",1,"X3.demethylubiquinol.7",FALSE,NA,"3-demethylubiquinol-7 (conf: 5)"
"3-deoxy-D-galactose",7,166.0841301,7.869837952,"C6H14O5",3,"X3.deoxy.D.galactose",FALSE,NA,"3-deoxy-D-galactose (conf: 7)"
"3-Deoxy-D-glycero-D-galacto-2-nonulosonic acid",7,268.0794723,10.12019138,"C9H16O9",3,"X3.Deoxy.D.glycero.D.galacto.2.nonulosonic.acid",FALSE,NA,"3-Deoxy-D-glycero-D-galacto-2-nonulosonic acid (conf: 7)"
"3-deoxy-D-lyxo-heptulosarate",7,222.0376392,5.098605171,"C7H10O8",1,"X3.deoxy.D.lyxo.heptulosarate",FALSE,NA,"3-deoxy-D-lyxo-heptulosarate (conf: 7)"
"3-Deoxy-D-manno-octulosonate",5,238.0688799,9.2022489,"C8H14O8",3,"X3.Deoxy.D.manno.octulosonate",FALSE,NA,"3-Deoxy-D-manno-octulosonate (conf: 5)"
"3-Deoxy-D-manno-octulosonate 8-phosphate",5,318.0346102,11.74260656,"C8H15O11P",1,"X3.Deoxy.D.manno.octulosonate.8.phosphate",FALSE,NA,"3-Deoxy-D-manno-octulosonate 8-phosphate (conf: 5)"
"3-Deoxyvitamin D3",5,368.3444954,8.392362486,"C27H44",1,"X3.Deoxyvitamin.D3.1",FALSE,NA,"3-Deoxyvitamin D3 (conf: 5)"
"3-Deoxyvitamin D3",7,368.3444713,3.330403341,"C27H44",1,"X3.Deoxyvitamin.D3",FALSE,NA,"3-Deoxyvitamin D3 (conf: 7)"
"3-dimethylsulfoniopropionaldehyde",7,118.0453736,4.522458036,"C5H10OS",14,"X3.dimethylsulfoniopropionaldehyde",FALSE,NA,"3-dimethylsulfoniopropionaldehyde (conf: 7)"
"3-Ethylmalate",8,162.0528885,9.898340795,"C6H10O5",27,"X3.Ethylmalate",FALSE,NA,"3-Ethylmalate (conf: 8)"
"3-Feruloyl-1,5-quinolactone",7,350.0996251,5.631402264,"C17H18O8",13,"X3.Feruloyl.1_5.quinolactone",FALSE,NA,"3-Feruloyl-1,5-quinolactone (conf: 7)"
"3-Furanmethanol glucoside",7,260.0896138,8.350837133,"C11H16O7",1,"X3.Furanmethanol.glucoside",FALSE,NA,"3-Furanmethanol glucoside (conf: 7)"
"3-hydroxy-2-(3-methoxyphenyl)-5-sulfino-3,4-dihydro-2H-1-benzopyran-7-olate",5,336.0667215,2.373696785,"C16H16O6S",8,"X3.hydroxy.2..3.methoxyphenyl..5.sulfino.3_4.dihydro.2H.1.benzopyran.7.olate",FALSE,NA,"3-hydroxy-2-(3-methoxyphenyl)-5-sulfino-3,4-dihydro-2H-1-benzopyran-7-olate (conf: 5)"
"3-hydroxy-2-(3-methoxyphenyl)-7-(sulfinooxy)-3,4-dihydro-2H-1-benzopyran-5-olate",5,352.0614901,2.755124682,"C16H16O7S",7,"X3.hydroxy.2..3.methoxyphenyl..7..sulfinooxy..3_4.dihydro.2H.1.benzopyran.5.olate",FALSE,NA,"3-hydroxy-2-(3-methoxyphenyl)-7-(sulfinooxy)-3,4-dihydro-2H-1-benzopyran-5-olate (conf: 5)"
"3-hydroxy-2-(hydroxymethyl)-2-[(sulfooxy)methyl]propanoic acid",5,230.0097112,5.497338704,"C5H10O8S",1,"X3.hydroxy.2..hydroxymethyl..2...sulfooxy.methyl.propanoic.acid",FALSE,NA,"3-hydroxy-2-(hydroxymethyl)-2-[(sulfooxy)methyl]propanoic acid (conf: 5)"
"3-hydroxy-2-[4-hydroxy-3-(sulfooxy)phenyl]-5-sulfino-3,4-dihydro-2H-1-benzopyran-7-olate",5,209.0014975,5.107827566,"C15H14O10S2",2,"X3.hydroxy.2..4.hydroxy.3..sulfooxy.phenyl..5.sulfino.3_4.dihydro.2H.1.benzopyran.7.olate",FALSE,NA,"3-hydroxy-2-[4-hydroxy-3-(sulfooxy)phenyl]-5-sulfino-3,4-dihydro-2H-1-benzopyran-7-olate (conf: 5)"
"3-Hydroxy-2-methyl-[R-(R,S)]-butanoic acid",7,118.0630028,5.537260749,"C5H10O3",16,"X3.Hydroxy.2.methyl..R..R_S...butanoic.acid",FALSE,NA,"3-Hydroxy-2-methyl-[R-(R,S)]-butanoic acid (conf: 7)"
"3-hydroxy-2-methyl-2-[(sulfooxy)methyl]propanoic acid",5,214.0147565,12.12939134,"C5H10O7S",1,"X3.hydroxy.2.methyl.2...sulfooxy.methyl.propanoic.acid.1",FALSE,NA,"3-hydroxy-2-methyl-2-[(sulfooxy)methyl]propanoic acid (conf: 5)"
"3-hydroxy-2-methyl-2-[(sulfooxy)methyl]propanoic acid",7,214.0144889,7.793671812,"C5H10O7S",1,"X3.hydroxy.2.methyl.2...sulfooxy.methyl.propanoic.acid",FALSE,NA,"3-hydroxy-2-methyl-2-[(sulfooxy)methyl]propanoic acid (conf: 7)"
"3-hydroxy-2-methyl-2-[(sulfooxy)methyl]propanoic acid",7,214.0147645,8.613835583,"C5H10O7S",1,"X3.hydroxy.2.methyl.2...sulfooxy.methyl.propanoic.acid.2",FALSE,NA,"3-hydroxy-2-methyl-2-[(sulfooxy)methyl]propanoic acid (conf: 7)"
"3-Hydroxy-2-methylpyridine-5-carboxylate",5,153.0426093,7.177614503,"C7H7NO3",20,"X3.Hydroxy.2.methylpyridine.5.carboxylate",FALSE,NA,"3-Hydroxy-2-methylpyridine-5-carboxylate (conf: 5)"
"3-hydroxy-3-methyl-2-oxobutanoate",8,132.0422112,6.501522007,"C5H8O4",19,"X3.hydroxy.3.methyl.2.oxobutanoate",FALSE,NA,"3-hydroxy-3-methyl-2-oxobutanoate (conf: 8)"
"3-Hydroxy-3-methyl-2-oxopentanoate",8,146.0578912,5.32788547,"C6H10O4",18,"X3.Hydroxy.3.methyl.2.oxopentanoate",FALSE,NA,"3-Hydroxy-3-methyl-2-oxopentanoate (conf: 8)"
"3-Hydroxy-4-aminopyridine sulfate",7,236.0105433,10.77096977,"C5H6N2O4S",1,"X3.Hydroxy.4.aminopyridine.sulfate",FALSE,NA,"3-Hydroxy-4-aminopyridine sulfate (conf: 7)"
"3-Hydroxy-4-methylanthranilate",5,167.0582484,7.08463924,"C8H9NO3",10,"X3.Hydroxy.4.methylanthranilate",FALSE,NA,"3-Hydroxy-4-methylanthranilate (conf: 5)"
"3-hydroxy-4-methylanthranilyl-adenylate",5,496.1111859,5.801129308,"C18H21N6O9P",1,"X3.hydroxy.4.methylanthranilyl.adenylate",FALSE,NA,"3-hydroxy-4-methylanthranilyl-adenylate (conf: 5)"
"3-hydroxy-5-sulfino-2-[3-(sulfooxy)phenyl]-3,4-dihydro-2H-1-benzopyran-7-olate",7,402.0078322,4.445917341,"C15H14O9S2",2,"X3.hydroxy.5.sulfino.2..3..sulfooxy.phenyl..3_4.dihydro.2H.1.benzopyran.7.olate",FALSE,NA,"3-hydroxy-5-sulfino-2-[3-(sulfooxy)phenyl]-3,4-dihydro-2H-1-benzopyran-7-olate (conf: 7)"
"3-Hydroxy-9-hexadecenoylcarnitine",5,413.3143499,2.976835476,"C23H43NO5",2,"X3.Hydroxy.9.hexadecenoylcarnitine",FALSE,NA,"3-Hydroxy-9-hexadecenoylcarnitine (conf: 5)"
"3-hydroxy-cis-5-octenoylcarnitine",5,301.189009,6.109765576,"C15H27NO5",1,"X3.hydroxy.cis.5.octenoylcarnitine.1",FALSE,NA,"3-hydroxy-cis-5-octenoylcarnitine (conf: 5)"
"3-hydroxy-cis-5-octenoylcarnitine",7,301.1890075,4.711878541,"C15H27NO5",1,"X3.hydroxy.cis.5.octenoylcarnitine",FALSE,NA,"3-hydroxy-cis-5-octenoylcarnitine (conf: 7)"
"3-Hydroxy-octadecenoylcarnitine",7,441.3458037,2.930437092,"C25H47NO5",2,"X3.Hydroxy.octadecenoylcarnitine",FALSE,NA,"3-Hydroxy-octadecenoylcarnitine (conf: 7)"
"3-Hydroxyanthranilic acid",6,153.0425814,5.844752699,"C7H7NO3",20,"X3.Hydroxyanthranilic.acid",FALSE,NA,"3-Hydroxyanthranilic acid (conf: 6)"
"3-Hydroxyanthranilic acid",6,153.0426048,4.484327993,"C7H7NO3",20,"X3.Hydroxyanthranilic.acid.1",FALSE,NA,"3-Hydroxyanthranilic acid (conf: 6)"
"3-hydroxyarachidonoylcarnitine",7,463.3306212,2.926629757,"C27H45NO5",1,"X3.hydroxyarachidonoylcarnitine",FALSE,NA,"3-hydroxyarachidonoylcarnitine (conf: 7)"
"3-Hydroxybutyric acid",10,104.0473661,5.583293529,"C4H8O3",11,"X3.Hydroxybutyric.acid",TRUE,"","3-Hydroxybutyric acid (conf: 10)"
"3-hydroxydecanoyl carnitine",5,331.2359613,3.559955158,"C17H33NO5",1,"X3.hydroxydecanoyl.carnitine",FALSE,NA,"3-hydroxydecanoyl carnitine (conf: 5)"
"3-Hydroxyhexadecadienoylcarnitine",5,411.2986544,3.008829305,"C23H41NO5",2,"X3.Hydroxyhexadecadienoylcarnitine",FALSE,NA,"3-Hydroxyhexadecadienoylcarnitine (conf: 5)"
"3-Hydroxyhexadecanoylcarnitine",5,415.3298478,2.992891381,"C23H45NO5",2,"X3.Hydroxyhexadecanoylcarnitine",FALSE,NA,"3-Hydroxyhexadecanoylcarnitine (conf: 5)"
"3-hydroxyhexanoyl carnitine",7,289.1889603,4.940312598,"C14H27NO5",1,"X3.hydroxyhexanoyl.carnitine",FALSE,NA,"3-hydroxyhexanoyl carnitine (conf: 7)"
"3-Hydroxyisovalerylcarnitine",5,261.1574799,6.567698398,"C12H23NO5",2,"X3.Hydroxyisovalerylcarnitine",FALSE,NA,"3-Hydroxyisovalerylcarnitine (conf: 5)"
"3-Hydroxyisovalerylcarnitine",5,261.1576014,4.448868359,"C12H23NO5",2,"X3.Hydroxyisovalerylcarnitine.1",FALSE,NA,"3-Hydroxyisovalerylcarnitine (conf: 5)"
"3-hydroxylinoleoylcarnitine",5,439.329926,2.974520102,"C25H45NO5",1,"X3.hydroxylinoleoylcarnitine",FALSE,NA,"3-hydroxylinoleoylcarnitine (conf: 5)"
"3-Hydroxynonanoic acid",7,191.1521461,3.383005917,"C9H18O3",11,"X3.Hydroxynonanoic.acid",FALSE,NA,"3-Hydroxynonanoic acid (conf: 7)"
"3-hydroxynonanoyl carnitine",7,317.2203449,3.096706662,"C16H31NO5",1,"X3.hydroxynonanoyl.carnitine",FALSE,NA,"3-hydroxynonanoyl carnitine (conf: 7)"
"3-hydroxyoctanoyl carnitine",7,303.2046699,4.581607477,"C15H29NO5",1,"X3.hydroxyoctanoyl.carnitine",FALSE,NA,"3-hydroxyoctanoyl carnitine (conf: 7)"
"3-hydroxyoctanoyl carnitine",7,320.2312956,8.647997139,"C15H29NO5",1,"X3.hydroxyoctanoyl.carnitine.1",FALSE,NA,"3-hydroxyoctanoyl carnitine (conf: 7)"
"3-Hydroxyphenylacetic acid",8,152.0473188,4.614913391,"C8H8O3",40,"X3.Hydroxyphenylacetic.acid",FALSE,NA,"3-Hydroxyphenylacetic acid (conf: 8)"
"3-Hydroxypropanal",8,74.03676738,5.173819921,"C3H6O2",7,"X3.Hydroxypropanal",FALSE,NA,"3-Hydroxypropanal (conf: 8)"
"3-Hydroxypropenoate",5,88.01606564,5.822750018,"C3H4O3",5,"X3.Hydroxypropenoate",FALSE,NA,"3-Hydroxypropenoate (conf: 5)"
"3-hydroxypyridine",5,95.03703497,7.256324735,"C5H5NO",4,"X3.hydroxypyridine",FALSE,NA,"3-hydroxypyridine (conf: 5)"
"3-Hydroxysebacic acid",7,218.1154349,7.038394641,"C10H18O5",3,"X3.Hydroxysebacic.acid",FALSE,NA,"3-Hydroxysebacic acid (conf: 7)"
"3-Hydroxysuberic acid",5,190.0842758,9.000182187,"C8H14O5",5,"X3.Hydroxysuberic.acid",FALSE,NA,"3-Hydroxysuberic acid (conf: 5)"
"3-Hydroxytetradecanedioic acid",5,274.1780694,3.024464523,"C14H26O5",1,"X3.Hydroxytetradecanedioic.acid",FALSE,NA,"3-Hydroxytetradecanedioic acid (conf: 5)"
"3-Indole carboxylic acid glucuronide",5,337.0798864,5.041186923,"C15H15NO8",2,"X3.Indole.carboxylic.acid.glucuronide",FALSE,NA,"3-Indole carboxylic acid glucuronide (conf: 5)"
"3-Isopropenyl-6-oxoheptanoate",7,184.109925,2.998396236,"C10H16O3",21,"X3.Isopropenyl.6.oxoheptanoate",FALSE,NA,"3-Isopropenyl-6-oxoheptanoate (conf: 7)"
"3-Isopropenyl-6-oxoheptanoate",7,184.1099472,2.571810757,"C10H16O3",21,"X3.Isopropenyl.6.oxoheptanoate.1",FALSE,NA,"3-Isopropenyl-6-oxoheptanoate (conf: 7)"
"3-Isopropylcatechol",5,152.0836808,4.43190913,"C9H12O2",18,"X3.Isopropylcatechol",FALSE,NA,"3-Isopropylcatechol (conf: 5)"
"3-Ketosphingosine",7,297.2668476,2.59205054,"C18H35NO2",5,"X3.Ketosphingosine",FALSE,NA,"3-Ketosphingosine (conf: 7)"
"3-Ketosucrose",6,340.1006545,10.38059299,"C12H20O11",11,"X3.Ketosucrose",FALSE,NA,"3-Ketosucrose (conf: 6)"
"3-Mercaptolactate-cysteine disulfide",7,241.007892,10.30025315,"C6H11NO5S2",1,"X3.Mercaptolactate.cysteine.disulfide",FALSE,NA,"3-Mercaptolactate-cysteine disulfide (conf: 7)"
"3-Mercaptolactic acid",8,143.9856848,9.095561858,"C3H6O3S",1,"X3.Mercaptolactic.acid",FALSE,NA,"3-Mercaptolactic acid (conf: 8)"
"3-Mercaptolactic acid",8,143.9857316,8.647373191,"C3H6O3S",1,"X3.Mercaptolactic.acid.1",FALSE,NA,"3-Mercaptolactic acid (conf: 8)"
"3-Mercaptopyruvic acid",6,119.9879028,9.262858003,"C3H4O3S",1,"X3.Mercaptopyruvic.acid",FALSE,NA,"3-Mercaptopyruvic acid (conf: 6)"
"3-Methoxy-4-hydroxyphenylethyleneglycol sulfate",7,264.030484,5.499859759,"C9H12O7S",2,"X3.Methoxy.4.hydroxyphenylethyleneglycol.sulfate",FALSE,NA,"3-Methoxy-4-hydroxyphenylethyleneglycol sulfate (conf: 7)"
"3-Methoxy-4-hydroxyphenylglycol glucuronide",7,360.105522,8.311081564,"C15H20O10",2,"X3.Methoxy.4.hydroxyphenylglycol.glucuronide",FALSE,NA,"3-Methoxy-4-hydroxyphenylglycol glucuronide (conf: 7)"
"3-Methoxyanthranilate",6,167.0582589,6.251991945,"C8H9NO3",10,"X3.Methoxyanthranilate",FALSE,NA,"3-Methoxyanthranilate (conf: 6)"
"3-Methoxytyramine",8,167.0946154,5.216999472,"C9H13NO2",14,"X3.Methoxytyramine",FALSE,NA,"3-Methoxytyramine (conf: 8)"
"3-Methoxytyrosine",5,211.0845201,4.433611782,"C10H13NO4",3,"X3.Methoxytyrosine",FALSE,NA,"3-Methoxytyrosine (conf: 5)"
"3-Methyl-2-butene-1-thiol",7,138.0271803,3.752075862,"C5H10S",4,"X3.Methyl.2.butene.1.thiol",FALSE,NA,"3-Methyl-2-butene-1-thiol (conf: 7)"
"3-Methyl-3-butenyl apiosyl-(1->6)-glucoside",5,380.1686799,6.196238878,"C16H28O10",3,"X3.Methyl.3.butenyl.apiosyl..1..6..glucoside",FALSE,NA,"3-Methyl-3-butenyl apiosyl-(1->6)-glucoside (conf: 5)"
"3-methyl-4-(sulfooxy)but-2-enoic acid",5,196.0039033,8.287128177,"C5H8O6S",3,"X3.methyl.4..sulfooxy.but.2.enoic.acid",FALSE,NA,"3-methyl-4-(sulfooxy)but-2-enoic acid (conf: 5)"
"3-methyl-4-(sulfooxy)but-2-enoic acid",5,196.0041363,4.075290785,"C5H8O6S",3,"X3.methyl.4..sulfooxy.but.2.enoic.acid.1",FALSE,NA,"3-methyl-4-(sulfooxy)but-2-enoic acid (conf: 5)"
"3-methyl-4-(sulfooxy)but-2-enoic acid",5,196.0041633,11.59757813,"C5H8O6S",3,"X3.methyl.4..sulfooxy.but.2.enoic.acid.2",FALSE,NA,"3-methyl-4-(sulfooxy)but-2-enoic acid (conf: 5)"
"3-methyl-4-(sulfooxy)but-2-enoic acid",5,196.0042334,5.455970712,"C5H8O6S",3,"X3.methyl.4..sulfooxy.but.2.enoic.acid.3",FALSE,NA,"3-methyl-4-(sulfooxy)but-2-enoic acid (conf: 5)"
"3-Methyladenine",7,149.0701469,5.295739558,"C6H7N5",6,"X3.Methyladenine",FALSE,NA,"3-Methyladenine (conf: 7)"
"3-Methylcrotonylglycine",7,157.0738426,9.928919245,"C7H11NO3",4,"X3.Methylcrotonylglycine",FALSE,NA,"3-Methylcrotonylglycine (conf: 7)"
"3-Methyldioxyindole",6,163.0633763,3.795923114,"C9H9NO2",6,"X3.Methyldioxyindole",FALSE,NA,"3-Methyldioxyindole (conf: 6)"
"3-Methyleneoxindole",7,145.052718,4.297439263,"C9H7NO",9,"X3.Methyleneoxindole",FALSE,NA,"3-Methyleneoxindole (conf: 7)"
"3-Methylglutarylcarnitine",7,289.1526043,8.198328742,"C13H23NO6",2,"X3.Methylglutarylcarnitine",FALSE,NA,"3-Methylglutarylcarnitine (conf: 7)"
"3-Methylglutarylcarnitine",7,289.1526122,4.770989826,"C13H23NO6",2,"X3.Methylglutarylcarnitine.1",FALSE,NA,"3-Methylglutarylcarnitine (conf: 7)"
"3-Methylguanine",5,165.0650499,5.84936507,"C6H7N5O",7,"X3.Methylguanine",FALSE,NA,"3-Methylguanine (conf: 5)"
"3-Methyloxindole",5,147.0683712,4.556311679,"C9H9NO",8,"X3.Methyloxindole",FALSE,NA,"3-Methyloxindole (conf: 5)"
"3-methylthiopropyl-desulfoglucosinolate",5,327.081161,6.629969489,"C11H21NO6S2",2,"X3.methylthiopropyl.desulfoglucosinolate",FALSE,NA,"3-methylthiopropyl-desulfoglucosinolate (conf: 5)"
"3-Methyluridine",5,258.0851909,5.335444308,"C10H14N2O6",4,"X3.Methyluridine",FALSE,NA,"3-Methyluridine (conf: 5)"
"3-nitro-2-pentanol",5,133.0738553,6.558760235,"C5H11NO3",7,"X3.nitro.2.pentanol",FALSE,NA,"3-nitro-2-pentanol (conf: 5)"
"3-nitro-2-pentanol",5,133.0738884,7.343333927,"C5H11NO3",7,"X3.nitro.2.pentanol.1",FALSE,NA,"3-nitro-2-pentanol (conf: 5)"
"3-Nitroacrylate",5,117.0062232,8.357839124,"C3H3NO4",1,"X3.Nitroacrylate",FALSE,NA,"3-Nitroacrylate (conf: 5)"
"3-Nitrotyrosine",5,226.0593262,10.45272694,"C9H10N2O5",1,"X3.Nitrotyrosine",FALSE,NA,"3-Nitrotyrosine (conf: 5)"
"3-O-(3,6-Anhydro-alpha-D-galactopyranosyl)-D-galactose 4-O-sulfate",5,404.0617474,10.85073635,"C12H20O13S",2,"X3.O..3_6.Anhydro.alpha.D.galactopyranosyl..D.galactose.4.O.sulfate",FALSE,NA,"3-O-(3,6-Anhydro-alpha-D-galactopyranosyl)-D-galactose 4-O-sulfate (conf: 5)"
"3-O-alpha-D-Glucopyranuronosyl-D-xylose",5,326.0849213,10.92328561,"C11H18O11",5,"X3.O.alpha.D.Glucopyranuronosyl.D.xylose",FALSE,NA,"3-O-alpha-D-Glucopyranuronosyl-D-xylose (conf: 5)"
"3-O-alpha-D-Glucopyranuronosyl-D-xylose",5,326.0849408,11.59240681,"C11H18O11",5,"X3.O.alpha.D.Glucopyranuronosyl.D.xylose.1",FALSE,NA,"3-O-alpha-D-Glucopyranuronosyl-D-xylose (conf: 5)"
"3-O-alpha-D-Glucopyranuronosyl-D-xylose",5,326.0851003,9.840144787,"C11H18O11",5,"X3.O.alpha.D.Glucopyranuronosyl.D.xylose.2",FALSE,NA,"3-O-alpha-D-Glucopyranuronosyl-D-xylose (conf: 5)"
"3-O-alpha-D-Glucopyranuronosyl-D-xylose",7,372.090072,9.400143941,"C11H18O11",5,"X3.O.alpha.D.Glucopyranuronosyl.D.xylose.3",FALSE,NA,"3-O-alpha-D-Glucopyranuronosyl-D-xylose (conf: 7)"
"3-O-L-lysyl-1-O-phosphatidylglycerol",5,430.1351849,10.73801322,"C14H27N2O11P",1,"X3.O.L.lysyl.1.O.phosphatidylglycerol",FALSE,NA,"3-O-L-lysyl-1-O-phosphatidylglycerol (conf: 5)"
"3-O-L-lysyl-1-O-phosphatidylglycerol",7,452.1178502,12.17171965,"C14H27N2O11P",1,"X3.O.L.lysyl.1.O.phosphatidylglycerol.1",FALSE,NA,"3-O-L-lysyl-1-O-phosphatidylglycerol (conf: 7)"
"3-Oxalomalate",6,206.0065593,11.68985634,"C6H6O8",1,"X3.Oxalomalate",FALSE,NA,"3-Oxalomalate (conf: 6)"
"3-oxo-4-pentenoic acid",5,114.0316922,7.351989779,"C5H6O3",9,"X3.oxo.4.pentenoic.acid",FALSE,NA,"3-oxo-4-pentenoic acid (conf: 5)"
"3-Oxoadipic acid",4.5,160.0371742,5.334013449,"C6H8O5",11,"X3.Oxoadipic.acid",FALSE,NA,"3-Oxoadipic acid (conf: 4.5)"
"3-Oxoalanine",5,103.0269259,10.49315373,"C3H5NO3",5,"X3.Oxoalanine",FALSE,NA,"3-Oxoalanine (conf: 5)"
"3-oxobrimonidine",5,309.0226459,11.23769942,"C11H12BrN5O",1,"X3.oxobrimonidine",FALSE,NA,"3-oxobrimonidine (conf: 5)"
"3-Oxodecanoic acid",6,186.1255949,3.026468256,"C10H18O3",31,"X3.Oxodecanoic.acid.1",FALSE,NA,"3-Oxodecanoic acid (conf: 6)"
"3-Oxodecanoic acid",8,186.1255313,2.645798394,"C10H18O3",31,"X3.Oxodecanoic.acid",FALSE,NA,"3-Oxodecanoic acid (conf: 8)"
"3-oxodecanoyl cysteamine",7,245.1449766,2.508849414,"C12H23NO2S",1,"X3.oxodecanoyl.cysteamine",FALSE,NA,"3-oxodecanoyl cysteamine (conf: 7)"
"3-Oxododecanoic acid",5,214.156899,2.905720963,"C12H22O3",14,"X3.Oxododecanoic.acid",FALSE,NA,"3-Oxododecanoic acid (conf: 5)"
"3-Oxododecanoic acid",5,214.1569051,2.571065595,"C12H22O3",14,"X3.Oxododecanoic.acid.1",FALSE,NA,"3-Oxododecanoic acid (conf: 5)"
"3-Oxohexobarbital",5,250.0953115,4.645993009,"C12H14N2O4",2,"X3.Oxohexobarbital",FALSE,NA,"3-Oxohexobarbital (conf: 5)"
"3-Oxooctadecanoic acid",6,298.2508323,2.423969343,"C18H34O3",38,"X3.Oxooctadecanoic.acid",FALSE,NA,"3-Oxooctadecanoic acid (conf: 6)"
"3-Oxotetradecanoic acid",5,242.188148,2.478899457,"C14H26O3",12,"X3.Oxotetradecanoic.acid",FALSE,NA,"3-Oxotetradecanoic acid (conf: 5)"
"3-Phenylpropionylglycine",7,207.089425,9.368737662,"C11H13NO3",7,"X3.Phenylpropionylglycine",FALSE,NA,"3-Phenylpropionylglycine (conf: 7)"
"3-Phosphoglyceric acid",10,185.9929529,12.91670447,"C3H7O7P",2,"X3.Phosphoglyceric.acid",TRUE,"","3-Phosphoglyceric acid (conf: 10)"
"3-Phosphoglycerol-glutathione",7,461.0870093,9.973968736,"C13H24N3O11PS",1,"X3.Phosphoglycerol.glutathione",FALSE,NA,"3-Phosphoglycerol-glutathione (conf: 7)"
"3-Propylmalate",8,176.0684824,7.833383359,"C7H12O5",9,"X3.Propylmalate",FALSE,NA,"3-Propylmalate (conf: 8)"
"3-Pyridinebutanoic acid",7,165.07897,7.420415046,"C9H11NO2",12,"X3.Pyridinebutanoic.acid",FALSE,NA,"3-Pyridinebutanoic acid (conf: 7)"
"3-pyridinesulfonate",7,205.0045079,3.938228756,"C5H5NO3S",1,"X3.pyridinesulfonate",FALSE,NA,"3-pyridinesulfonate (conf: 7)"
"3-Sulfinoalanine",7,153.0095744,9.965103395,"C3H7NO4S",2,"X3.Sulfinoalanine",FALSE,NA,"3-Sulfinoalanine (conf: 7)"
"3-Sulfonatolactate",7,169.9885042,12.7375338,"C3H6O6S",3,"X3.Sulfonatolactate",FALSE,NA,"3-Sulfonatolactate (conf: 7)"
"3-sulfopropanediol",5,156.0092871,4.995029776,"C3H8O5S",1,"X3.sulfopropanediol",FALSE,NA,"3-sulfopropanediol (conf: 5)"
"3-sulfopropanoate",7,153.9935844,11.93505856,"C3H6O5S",3,"X3.sulfopropanoate",FALSE,NA,"3-sulfopropanoate (conf: 7)"
"3-ureidoacrylate",5,130.0377695,10.87611961,"C4H6N2O3",2,"X3.ureidoacrylate",FALSE,NA,"3-ureidoacrylate (conf: 5)"
"3-ureidoacrylate",5,130.0378717,5.698401076,"C4H6N2O3",2,"X3.ureidoacrylate.1",FALSE,NA,"3-ureidoacrylate (conf: 5)"
"3,3'-Bisjuglone",5,346.0471173,8.787029293,"C20H10O6",1,"X3_3..Bisjuglone",FALSE,NA,"3,3'-Bisjuglone (conf: 5)"
"3,3'-Thiobispropanoic acid",5,178.0299594,4.515459837,"C6H10O4S",1,"X3_3..Thiobispropanoic.acid",FALSE,NA,"3,3'-Thiobispropanoic acid (conf: 5)"
"3,3'-Thiobispropanoic acid",7,224.0356665,2.558926351,"C6H10O4S",1,"X3_3..Thiobispropanoic.acid.1",FALSE,NA,"3,3'-Thiobispropanoic acid (conf: 7)"
"3,4-Dehydrothiomorpholine-3-carboxylate",7,145.0197502,4.567409671,"C5H7NO2S",2,"X3_4.Dehydrothiomorpholine.3.carboxylate",FALSE,NA,"3,4-Dehydrothiomorpholine-3-carboxylate (conf: 7)"
"3,4-dichloro-tridecanoic acid",5,282.1150448,12.47184606,"C13H24Cl2O2",1,"X3_4.dichloro.tridecanoic.acid",FALSE,NA,"3,4-dichloro-tridecanoic acid (conf: 5)"
"3,4-dichloro-tridecanoic acid",7,282.1151141,4.491109212,"C13H24Cl2O2",1,"X3_4.dichloro.tridecanoic.acid.1",FALSE,NA,"3,4-dichloro-tridecanoic acid (conf: 7)"
"3,4-Dihydro-7-methoxy-2-methylene-3-oxo-2H-1,4-benzoxazine-5- carboxylic acid",5,235.0485362,3.715038702,"C11H9NO5",1,"X3_4.Dihydro.7.methoxy.2.methylene.3.oxo.2H.1_4.benzoxazine.5..carboxylic.acid.1",FALSE,NA,"3,4-Dihydro-7-methoxy-2-methylene-3-oxo-2H-1,4-benzoxazine-5- carboxylic acid (conf: 5)"
"3,4-Dihydro-7-methoxy-2-methylene-3-oxo-2H-1,4-benzoxazine-5- carboxylic acid",7,235.0479722,5.918358032,"C11H9NO5",1,"X3_4.Dihydro.7.methoxy.2.methylene.3.oxo.2H.1_4.benzoxazine.5..carboxylic.acid",FALSE,NA,"3,4-Dihydro-7-methoxy-2-methylene-3-oxo-2H-1,4-benzoxazine-5- carboxylic acid (conf: 7)"
"3,4-dihydroxy-5-(sulfooxy)cyclohex-1-ene-1-carboxylic acid",5,254.0094582,9.413407959,"C7H10O8S",3,"X3_4.dihydroxy.5..sulfooxy.cyclohex.1.ene.1.carboxylic.acid",FALSE,NA,"3,4-dihydroxy-5-(sulfooxy)cyclohex-1-ene-1-carboxylic acid (conf: 5)"
"3,4-Dihydroxy-tamoxifen",7,449.2196056,4.598818297,"C26H29NO3",3,"X3_4.Dihydroxy.tamoxifen",FALSE,NA,"3,4-Dihydroxy-tamoxifen (conf: 7)"
"3,4-Dihydroxybenzeneacetic acid",6,168.0421788,6.645169904,"C8H8O4",29,"X3_4.Dihydroxybenzeneacetic.acid",FALSE,NA,"3,4-Dihydroxybenzeneacetic acid (conf: 6)"
"3,4-Dihydroxybenzylamine",5,139.0632995,5.360484937,"C7H9NO2",5,"X3_4.Dihydroxybenzylamine",FALSE,NA,"3,4-Dihydroxybenzylamine (conf: 5)"
"3,4-Dihydroxybutyric acid",5,120.0422821,11.64215318,"C4H8O4",8,"X3_4.Dihydroxybutyric.acid",FALSE,NA,"3,4-Dihydroxybutyric acid (conf: 5)"
"3,4-Dihydroxymandelaldehyde",6,168.0420564,7.971280104,"C8H8O4",29,"X3_4.Dihydroxymandelaldehyde",FALSE,NA,"3,4-Dihydroxymandelaldehyde (conf: 6)"
"3,4-Dihydroxymandelic acid",6,184.037165,6.154339111,"C8H8O5",14,"X3_4.Dihydroxymandelic.acid",FALSE,NA,"3,4-Dihydroxymandelic acid (conf: 6)"
"3,4-Dihydroxyphenylacetaldehyde",8,152.0473535,3.749889776,"C8H8O3",40,"X3_4.Dihydroxyphenylacetaldehyde",FALSE,NA,"3,4-Dihydroxyphenylacetaldehyde (conf: 8)"
"3,4-Dihydroxyphenylglycol",6,170.0579117,9.345963261,"C8H10O4",15,"X3_4.Dihydroxyphenylglycol",FALSE,NA,"3,4-Dihydroxyphenylglycol (conf: 6)"
"3,4-Dihydroxyphenylglycol",6,170.057931,7.088069891,"C8H10O4",15,"X3_4.Dihydroxyphenylglycol.1",FALSE,NA,"3,4-Dihydroxyphenylglycol (conf: 6)"
"3,4-Dihydroxyphenylglycol O-sulfate",5,250.0147745,7.150297757,"C8H10O7S",2,"X3_4.Dihydroxyphenylglycol.O.sulfate.1",FALSE,NA,"3,4-Dihydroxyphenylglycol O-sulfate (conf: 5)"
"3,4-Dihydroxyphenylglycol O-sulfate",7,250.0147615,6.385793664,"C8H10O7S",2,"X3_4.Dihydroxyphenylglycol.O.sulfate",FALSE,NA,"3,4-Dihydroxyphenylglycol O-sulfate (conf: 7)"
"3,4-Dihydroxyphenylglycol O-sulfate",7,250.0147837,4.069948253,"C8H10O7S",2,"X3_4.Dihydroxyphenylglycol.O.sulfate.2",FALSE,NA,"3,4-Dihydroxyphenylglycol O-sulfate (conf: 7)"
"3,4-dihydroxypyridin",5,111.0320181,7.362932759,"C5H5NO2",8,"X3_4.dihydroxypyridin",FALSE,NA,"3,4-dihydroxypyridin (conf: 5)"
"3,4-Dihydroxyrottlerin",5,548.1680176,5.986370692,"C30H28O10",3,"X3_4.Dihydroxyrottlerin",FALSE,NA,"3,4-Dihydroxyrottlerin (conf: 5)"
"3,4-Methyleneazelaic acid",5,212.104893,3.001137075,"C11H16O4",3,"X3_4.Methyleneazelaic.acid",FALSE,NA,"3,4-Methyleneazelaic acid (conf: 5)"
"3,4,5-trihydroxy-6-(2-{5-hydroxy-8,8-dimethyl-2-oxo-2H,8H-pyrano[2,3-f]chromen-4-yl}phenoxy)oxane-2-carboxylic acid",7,512.1318879,10.4228364,"C26H24O11",12,"X3_4_5.trihydroxy.6..2..5.hydroxy.8_8.dimethyl.2.oxo.2H_8H.pyrano.2_3.f.chromen.4.yl.phenoxy.oxane.2.carboxylic.acid",FALSE,NA,"3,4,5-trihydroxy-6-(2-{5-hydroxy-8,8-dimethyl-2-oxo-2H,8H-pyrano[2,3-f]chromen-4-yl}phenoxy)oxane-2-carboxylic acid (conf: 7)"
"3,4,5-trihydroxy-6-(2-hydroxy-3-methoxyphenoxy)oxane-2-carboxylic acid",5,316.0795551,7.269662651,"C13H16O9",4,"X3_4_5.trihydroxy.6..2.hydroxy.3.methoxyphenoxy.oxane.2.carboxylic.acid",FALSE,NA,"3,4,5-trihydroxy-6-(2-hydroxy-3-methoxyphenoxy)oxane-2-carboxylic acid (conf: 5)"
"3,4,5-trihydroxy-6-(2,4,6-trihydroxyphenoxy)oxane-2-carboxylic acid",5,318.0588006,7.852395981,"C12H14O10",3,"X3_4_5.trihydroxy.6..2_4_6.trihydroxyphenoxy.oxane.2.carboxylic.acid",FALSE,NA,"3,4,5-trihydroxy-6-(2,4,6-trihydroxyphenoxy)oxane-2-carboxylic acid (conf: 5)"
"3,4,5-trihydroxy-6-(2,4,6-trihydroxyphenoxy)oxane-2-carboxylic acid",7,318.0588622,5.771915532,"C12H14O10",3,"X3_4_5.trihydroxy.6..2_4_6.trihydroxyphenoxy.oxane.2.carboxylic.acid.1",FALSE,NA,"3,4,5-trihydroxy-6-(2,4,6-trihydroxyphenoxy)oxane-2-carboxylic acid (conf: 7)"
"3,4,5-trihydroxy-6-[(3-methoxy-3-oxopropanoyl)oxy]oxane-2-carboxylic acid",5,294.0590383,6.095336791,"C10H14O10",2,"X3_4_5.trihydroxy.6...3.methoxy.3.oxopropanoyl.oxy.oxane.2.carboxylic.acid",FALSE,NA,"3,4,5-trihydroxy-6-[(3-methoxy-3-oxopropanoyl)oxy]oxane-2-carboxylic acid (conf: 5)"
"3,4,5-trihydroxy-6-[(4-methyl-2-oxo-2H-chromen-7-yl)oxy]oxane-2-carboxylic acid",7,352.07969,9.051162593,"C16H16O9",9,"X3_4_5.trihydroxy.6...4.methyl.2.oxo.2H.chromen.7.yl.oxy.oxane.2.carboxylic.acid",FALSE,NA,"3,4,5-trihydroxy-6-[(4-methyl-2-oxo-2H-chromen-7-yl)oxy]oxane-2-carboxylic acid (conf: 7)"
"3,4,5-trihydroxy-6-[(5-hydroxy-6-methoxy-4-oxo-2-phenyl-4H-chromen-7-yl)oxy]oxane-2-carboxylic acid",5,460.1007632,4.5244862,"C22H20O11",12,"X3_4_5.trihydroxy.6...5.hydroxy.6.methoxy.4.oxo.2.phenyl.4H.chromen.7.yl.oxy.oxane.2.carboxylic.acid",FALSE,NA,"3,4,5-trihydroxy-6-[(5-hydroxy-6-methoxy-4-oxo-2-phenyl-4H-chromen-7-yl)oxy]oxane-2-carboxylic acid (conf: 5)"
"3,4,5-trihydroxy-6-[2-hydroxy-4-(2-hydroxy-3-methoxy-3-oxopropyl)phenoxy]oxane-2-carboxylic acid",5,388.1005529,7.252989681,"C16H20O11",20,"X3_4_5.trihydroxy.6..2.hydroxy.4..2.hydroxy.3.methoxy.3.oxopropyl.phenoxy.oxane.2.carboxylic.acid",FALSE,NA,"3,4,5-trihydroxy-6-[2-hydroxy-4-(2-hydroxy-3-methoxy-3-oxopropyl)phenoxy]oxane-2-carboxylic acid (conf: 5)"
"3,4,5-trihydroxy-6-[3-(3,5,7-trihydroxy-5H-chromen-2-yl)phenoxy]oxane-2-carboxylic acid",5,447.0926739,7.458078178,"C21H19O11",3,"X3_4_5.trihydroxy.6..3..3_5_7.trihydroxy.5H.chromen.2.yl.phenoxy.oxane.2.carboxylic.acid",FALSE,NA,"3,4,5-trihydroxy-6-[3-(3,5,7-trihydroxy-5H-chromen-2-yl)phenoxy]oxane-2-carboxylic acid (conf: 5)"
"3,4,5-trihydroxy-6-[3-hydroxy-1-(7-methoxy-2-oxo-2H-chromen-6-yl)-3-methylbutoxy]oxane-2-carboxylic acid",5,454.1467031,7.214349418,"C21H26O11",6,"X3_4_5.trihydroxy.6..3.hydroxy.1..7.methoxy.2.oxo.2H.chromen.6.yl..3.methylbutoxy.oxane.2.carboxylic.acid",FALSE,NA,"3,4,5-trihydroxy-6-[3-hydroxy-1-(7-methoxy-2-oxo-2H-chromen-6-yl)-3-methylbutoxy]oxane-2-carboxylic acid (conf: 5)"
"3,4,5-trihydroxy-6-[3-hydroxy-1-(7-methoxy-2-oxo-2H-chromen-6-yl)-3-methylbutoxy]oxane-2-carboxylic acid",7,490.1245146,4.697823044,"C21H26O11",6,"X3_4_5.trihydroxy.6..3.hydroxy.1..7.methoxy.2.oxo.2H.chromen.6.yl..3.methylbutoxy.oxane.2.carboxylic.acid.1",FALSE,NA,"3,4,5-trihydroxy-6-[3-hydroxy-1-(7-methoxy-2-oxo-2H-chromen-6-yl)-3-methylbutoxy]oxane-2-carboxylic acid (conf: 7)"
"3,4,5-trihydroxy-6-[4-(5,6,7,8-tetrahydroxy-4-oxo-4H-chromen-2-yl)phenoxy]oxane-2-carboxylic acid",7,478.0740664,7.393659711,"C21H18O13",49,"X3_4_5.trihydroxy.6..4..5_6_7_8.tetrahydroxy.4.oxo.4H.chromen.2.yl.phenoxy.oxane.2.carboxylic.acid",FALSE,NA,"3,4,5-trihydroxy-6-[4-(5,6,7,8-tetrahydroxy-4-oxo-4H-chromen-2-yl)phenoxy]oxane-2-carboxylic acid (conf: 7)"
"3,4,5-trihydroxy-6-[4-(5,6,7,8-tetrahydroxy-4-oxo-4H-chromen-2-yl)phenoxy]oxane-2-carboxylic acid",7,500.0562722,5.850815521,"C21H18O13",49,"X3_4_5.trihydroxy.6..4..5_6_7_8.tetrahydroxy.4.oxo.4H.chromen.2.yl.phenoxy.oxane.2.carboxylic.acid.1",FALSE,NA,"3,4,5-trihydroxy-6-[4-(5,6,7,8-tetrahydroxy-4-oxo-4H-chromen-2-yl)phenoxy]oxane-2-carboxylic acid (conf: 7)"
"3,4,5-trihydroxy-6-{[1-(4-methoxyphenyl)-4-methylpentan-3-yl]oxy}oxane-2-carboxylic acid",5,384.1783528,3.021386789,"C19H28O8",2,"X3_4_5.trihydroxy.6...1..4.methoxyphenyl..4.methylpentan.3.yl.oxy.oxane.2.carboxylic.acid",FALSE,NA,"3,4,5-trihydroxy-6-{[1-(4-methoxyphenyl)-4-methylpentan-3-yl]oxy}oxane-2-carboxylic acid (conf: 5)"
"3,4,5-trihydroxy-6-{[1-(4-methoxyphenyl)pentan-3-yl]oxy}oxane-2-carboxylic acid",7,370.1626273,2.807415025,"C18H26O8",1,"X3_4_5.trihydroxy.6...1..4.methoxyphenyl.pentan.3.yl.oxy.oxane.2.carboxylic.acid",FALSE,NA,"3,4,5-trihydroxy-6-{[1-(4-methoxyphenyl)pentan-3-yl]oxy}oxane-2-carboxylic acid (conf: 7)"
"3,4,5-trihydroxy-6-{[2-(4-methoxy-1-benzofuran-5-yl)-2-oxoacetyl]oxy}oxane-2-carboxylic acid",7,413.0960404,8.644028076,"C17H16O11",1,"X3_4_5.trihydroxy.6...2..4.methoxy.1.benzofuran.5.yl..2.oxoacetyl.oxy.oxane.2.carboxylic.acid",FALSE,NA,"3,4,5-trihydroxy-6-{[2-(4-methoxy-1-benzofuran-5-yl)-2-oxoacetyl]oxy}oxane-2-carboxylic acid (conf: 7)"
"3,4,5-trihydroxy-6-{[3,5,7-trihydroxy-4-oxo-2-(3,4,5-trihydroxyphenyl)-4H-chromen-6-yl]oxy}oxane-2-carboxylic acid",7,527.0912431,4.014223119,"C21H18O15",27,"X3_4_5.trihydroxy.6...3_5_7.trihydroxy.4.oxo.2..3_4_5.trihydroxyphenyl..4H.chromen.6.yl.oxy.oxane.2.carboxylic.acid",FALSE,NA,"3,4,5-trihydroxy-6-{[3,5,7-trihydroxy-4-oxo-2-(3,4,5-trihydroxyphenyl)-4H-chromen-6-yl]oxy}oxane-2-carboxylic acid (conf: 7)"
"3,4,5-trihydroxy-6-{[3,6,7-trihydroxy-2-(4-hydroxy-3-methoxyphenyl)-4-oxo-3,4-dihydro-2H-1-benzopyran-5-yl]oxy}oxane-2-carboxylic acid",5,510.0999459,5.982560905,"C22H22O14",21,"X3_4_5.trihydroxy.6...3_6_7.trihydroxy.2..4.hydroxy.3.methoxyphenyl..4.oxo.3_4.dihydro.2H.1.benzopyran.5.yl.oxy.oxane.2.carboxylic.acid",FALSE,NA,"3,4,5-trihydroxy-6-{[3,6,7-trihydroxy-2-(4-hydroxy-3-methoxyphenyl)-4-oxo-3,4-dihydro-2H-1-benzopyran-5-yl]oxy}oxane-2-carboxylic acid (conf: 5)"
"3,4,5-trihydroxy-6-{[5-(4-methoxyphenyl)-3-oxopentan-2-yl]oxy}oxane-2-carboxylic acid",5,384.1425309,9.249546025,"C18H24O9",4,"X3_4_5.trihydroxy.6...5..4.methoxyphenyl..3.oxopentan.2.yl.oxy.oxane.2.carboxylic.acid",FALSE,NA,"3,4,5-trihydroxy-6-{[5-(4-methoxyphenyl)-3-oxopentan-2-yl]oxy}oxane-2-carboxylic acid (conf: 5)"
"3,4,5-trihydroxy-6-{4-[-3-oxo-3-[(3,4,5,6-tetrahydroxyoxan-2-yl)methoxy]prop-1-en-1-yl]phenoxy}oxane-2-carboxylic acid",5,502.1315285,11.53237808,"C21H26O14",1,"X3_4_5.trihydroxy.6..4...3.oxo.3...3_4_5_6.tetrahydroxyoxan.2.yl.methoxy.prop.1.en.1.yl.phenoxy.oxane.2.carboxylic.acid",FALSE,NA,"3,4,5-trihydroxy-6-{4-[-3-oxo-3-[(3,4,5,6-tetrahydroxyoxan-2-yl)methoxy]prop-1-en-1-yl]phenoxy}oxane-2-carboxylic acid (conf: 5)"
"3,5-Di-O-galloyl-1,4-galactarolactone",5,496.0493451,10.78879618,"C20H16O15",7,"X3_5.Di.O.galloyl.1_4.galactarolactone",FALSE,NA,"3,5-Di-O-galloyl-1,4-galactarolactone (conf: 5)"
"3,5-dihydro-5-methylidene-4H-imidazol-4-one",7,213.1225789,8.867392564,"C8H12N4O2",1,"X3_5.dihydro.5.methylidene.4H.imidazol.4.one",FALSE,NA,"3,5-dihydro-5-methylidene-4H-imidazol-4-one (conf: 7)"
"3,5,6-Trihydroxy-5-(hydroxymethyl)-2-methoxy-2-cyclohexen-1-one",5,204.063398,10.2399882,"C8H12O6",2,"X3_5_6.Trihydroxy.5..hydroxymethyl..2.methoxy.2.cyclohexen.1.one.1",FALSE,NA,"3,5,6-Trihydroxy-5-(hydroxymethyl)-2-methoxy-2-cyclohexen-1-one (conf: 5)"
"3,5,6-Trihydroxy-5-(hydroxymethyl)-2-methoxy-2-cyclohexen-1-one",5,204.0634168,5.970592441,"C8H12O6",2,"X3_5_6.Trihydroxy.5..hydroxymethyl..2.methoxy.2.cyclohexen.1.one.2",FALSE,NA,"3,5,6-Trihydroxy-5-(hydroxymethyl)-2-methoxy-2-cyclohexen-1-one (conf: 5)"
"3,5,6-Trihydroxy-5-(hydroxymethyl)-2-methoxy-2-cyclohexen-1-one",5,204.0634967,5.059015582,"C8H12O6",2,"X3_5_6.Trihydroxy.5..hydroxymethyl..2.methoxy.2.cyclohexen.1.one.3",FALSE,NA,"3,5,6-Trihydroxy-5-(hydroxymethyl)-2-methoxy-2-cyclohexen-1-one (conf: 5)"
"3,5,6-Trihydroxy-5-(hydroxymethyl)-2-methoxy-2-cyclohexen-1-one",7,204.0633721,12.69591931,"C8H12O6",2,"X3_5_6.Trihydroxy.5..hydroxymethyl..2.methoxy.2.cyclohexen.1.one",FALSE,NA,"3,5,6-Trihydroxy-5-(hydroxymethyl)-2-methoxy-2-cyclohexen-1-one (conf: 7)"
"3,5,7-trihydroxy-2-(3-hydroxyphenyl)-5H-chromen-5-yl",5,271.0602748,7.067823546,"C15H11O5",1,"X3_5_7.trihydroxy.2..3.hydroxyphenyl..5H.chromen.5.yl",FALSE,NA,"3,5,7-trihydroxy-2-(3-hydroxyphenyl)-5H-chromen-5-yl (conf: 5)"
"3,5,7-trihydroxy-2-(4-hydroxy-3-methoxyphenyl)-5H-chromen-5-yl",5,301.0710826,5.058559472,"C16H13O6",3,"X3_5_7.trihydroxy.2..4.hydroxy.3.methoxyphenyl..5H.chromen.5.yl",FALSE,NA,"3,5,7-trihydroxy-2-(4-hydroxy-3-methoxyphenyl)-5H-chromen-5-yl (conf: 5)"
"3,5,7-Trimethyl-decatetraene",7,176.1565055,2.777717221,"C13H20",4,"X3_5_7.Trimethyl.decatetraene",FALSE,NA,"3,5,7-Trimethyl-decatetraene (conf: 7)"
"3,5,7-Trimethyl-undecatetraene",7,190.1721546,2.587655935,"C14H22",8,"X3_5_7.Trimethyl.undecatetraene",FALSE,NA,"3,5,7-Trimethyl-undecatetraene (conf: 7)"
"3,5/4-Trihydroxycyclohexa-1,2-dione",6,160.0372179,9.804425311,"C6H8O5",11,"X3_5.4.Trihydroxycyclohexa.1_2.dione",FALSE,NA,"3,5/4-Trihydroxycyclohexa-1,2-dione (conf: 6)"
"3,6,8-Trimethylallantoin",7,217.11717,5.748118942,"C7H12N4O3",1,"X3_6_8.Trimethylallantoin",FALSE,NA,"3,6,8-Trimethylallantoin (conf: 7)"
"3,7-Dimethyl-8,11-dioxo-dodecatrienal",5,234.1256386,3.013312875,"C14H18O3",12,"X3_7.Dimethyl.8_11.dioxo.dodecatrienal",FALSE,NA,"3,7-Dimethyl-8,11-dioxo-dodecatrienal (conf: 5)"
"3,7-Dimethyl-8,11-dioxo-dodecatrienal",5,234.1256514,4.434846234,"C14H18O3",12,"X3_7.Dimethyl.8_11.dioxo.dodecatrienal.1",FALSE,NA,"3,7-Dimethyl-8,11-dioxo-dodecatrienal (conf: 5)"
"3,7-Dimethyl-decadien-1,10-dioic acid",5,226.1204996,25.40752695,"C12H18O4",6,"X3_7.Dimethyl.decadien.1_10.dioic.acid",FALSE,NA,"3,7-Dimethyl-decadien-1,10-dioic acid (conf: 5)"
"3,7-Dimethyl-decadien-1,10-dioic acid",5,226.1205276,2.650200013,"C12H18O4",6,"X3_7.Dimethyl.decadien.1_10.dioic.acid.1",FALSE,NA,"3,7-Dimethyl-decadien-1,10-dioic acid (conf: 5)"
"34-carboxy-(tritriacont-enyl) oleate",7,822.7238255,19.17241939,"C52H98O4",1,"X34.carboxy..tritriacont.enyl..oleate",FALSE,NA,"34-carboxy-(tritriacont-enyl) oleate (conf: 7)"
"3a,20b-Pregnanediol",5,320.2716491,2.490380351,"C21H36O2",14,"X3a_20b.Pregnanediol",FALSE,NA,"3a,20b-Pregnanediol (conf: 5)"
"3alpha-hydroxy-3,5-dihydromonacolin L acid",5,340.2247842,3.000876355,"C19H32O5",1,"X3alpha.hydroxy.3_5.dihydromonacolin.L.acid",FALSE,NA,"3alpha-hydroxy-3,5-dihydromonacolin L acid (conf: 5)"
"3alpha,7alpha,12alpha-trihydroxy-27-carboxymethyl-5beta-cholestan-26-oic acid",5,508.3406038,2.83980862,"C29H48O7",1,"X3alpha_7alpha_12alpha.trihydroxy.27.carboxymethyl.5beta.cholestan.26.oic.acid",FALSE,NA,"3alpha,7alpha,12alpha-trihydroxy-27-carboxymethyl-5beta-cholestan-26-oic acid (conf: 5)"
"3DHSK",8,218.0427023,11.14471391,"C7H8O5",13,"X3DHSK",FALSE,NA,"3DHSK (conf: 8)"
"4'-methoxycyclopeptine",7,310.1323287,4.942639062,"C18H18N2O3",2,"X4..methoxycyclopeptine",FALSE,NA,"4'-methoxycyclopeptine (conf: 7)"
"4'-Phosphopantothenate",6,299.077118,11.19259482,"C9H18NO8P",1,"X4..Phosphopantothenate",FALSE,NA,"4'-Phosphopantothenate (conf: 6)"
"4',6-Dihydroxyaurone",5,254.0579486,2.851772387,"C15H10O4",31,"X4._6.Dihydroxyaurone",FALSE,NA,"4',6-Dihydroxyaurone (conf: 5)"
"4',6-Dihydroxyaurone 6-glucoside",5,416.1103177,11.96064667,"C21H20O9",18,"X4._6.Dihydroxyaurone.6.glucoside",FALSE,NA,"4',6-Dihydroxyaurone 6-glucoside (conf: 5)"
"4-(2-amino-3-hydroxyphenyl)-4-oxobutanoic acid O-glucoside",5,371.1215869,12.23908277,"C16H21NO9",1,"X4..2.amino.3.hydroxyphenyl..4.oxobutanoic.acid.O.glucoside",FALSE,NA,"4-(2-amino-3-hydroxyphenyl)-4-oxobutanoic acid O-glucoside (conf: 5)"
"4-(2-Aminophenyl)-2,4-dioxobutanoic acid",6,207.053151,8.160762551,"C10H9NO4",6,"X4..2.Aminophenyl..2_4.dioxobutanoic.acid",FALSE,NA,"4-(2-Aminophenyl)-2,4-dioxobutanoic acid (conf: 6)"
"4-(2,6,6-Trimethyl-1-cyclohexen-1-yl)-2-butanone",7,194.1670313,2.468554294,"C13H22O",13,"X4..2_6_6.Trimethyl.1.cyclohexen.1.yl..2.butanone",FALSE,NA,"4-(2,6,6-Trimethyl-1-cyclohexen-1-yl)-2-butanone (conf: 7)"
"4-(3-Pyridyl)-3-butenoic acid",5,163.0634074,5.147767229,"C9H9NO2",6,"X4..3.Pyridyl..3.butenoic.acid",FALSE,NA,"4-(3-Pyridyl)-3-butenoic acid (conf: 5)"
"4-(4-Hydroxyphenyl)-2-butanone O-[2,6-digalloylglucoside]",7,652.1400393,10.99952929,"C30H30O15",1,"X4..4.Hydroxyphenyl..2.butanone.O..2_6.digalloylglucoside.",FALSE,NA,"4-(4-Hydroxyphenyl)-2-butanone O-[2,6-digalloylglucoside] (conf: 7)"
"4-(6-carboxy-2,3,4-trihydroxyphenoxy)-4',5,5',6,6'-pentahydroxy-[1,1'-biphenyl]-2,2'-dicarboxylic acid",7,523.0603062,13.98897642,"C21H14O15",1,"X4..6.carboxy.2_3_4.trihydroxyphenoxy..4._5_5._6_6..pentahydroxy..1_1..biphenyl..2_2..dicarboxylic.acid",FALSE,NA,"4-(6-carboxy-2,3,4-trihydroxyphenoxy)-4',5,5',6,6'-pentahydroxy-[1,1'-biphenyl]-2,2'-dicarboxylic acid (conf: 7)"
"4-(beta-D-Glucosyloxy)benzoate",5,300.0845283,7.738395691,"C13H16O8",9,"X4..beta.D.Glucosyloxy.benzoate",FALSE,NA,"4-(beta-D-Glucosyloxy)benzoate (conf: 5)"
"4-(beta-D-Glucosyloxy)benzoate",5,300.0846945,4.887660726,"C13H16O8",9,"X4..beta.D.Glucosyloxy.benzoate.1",FALSE,NA,"4-(beta-D-Glucosyloxy)benzoate (conf: 5)"
"4-(beta-D-Glucosyloxy)benzoate",5,300.0847725,9.3296828,"C13H16O8",9,"X4..beta.D.Glucosyloxy.benzoate.2",FALSE,NA,"4-(beta-D-Glucosyloxy)benzoate (conf: 5)"
"4-(Dimethylamino)azobenzene",7,261.1036504,2.58410976,"C14H15N3",2,"X4..Dimethylamino.azobenzene",FALSE,NA,"4-(Dimethylamino)azobenzene (conf: 7)"
"4-(Glutamylamino) butanoate",6,232.1058645,11.78625815,"C9H16N2O5",8,"X4..Glutamylamino..butanoate",FALSE,NA,"4-(Glutamylamino) butanoate (conf: 6)"
"4-(L-Alanin-3-yl)-2-hydroxy-cis,cis-muconate 6-semialdehyde",6,229.0585929,10.68059525,"C9H11NO6",4,"X4..L.Alanin.3.yl..2.hydroxy.cis_cis.muconate.6.semialdehyde",FALSE,NA,"4-(L-Alanin-3-yl)-2-hydroxy-cis,cis-muconate 6-semialdehyde (conf: 6)"
"4-(Methylnitrosamino)-1-(1-oxido-3-pyridinyl)-1-butanone",7,259.0727972,9.166388992,"C10H13N3O3",3,"X4..Methylnitrosamino..1..1.oxido.3.pyridinyl..1.butanone",FALSE,NA,"4-(Methylnitrosamino)-1-(1-oxido-3-pyridinyl)-1-butanone (conf: 7)"
"4-(Methylnitrosamino)-1-(3-pyridyl)-1-butanol",5,209.1164892,25.35092472,"C10H15N3O2",1,"X4..Methylnitrosamino..1..3.pyridyl..1.butanol.1",FALSE,NA,"4-(Methylnitrosamino)-1-(3-pyridyl)-1-butanol (conf: 5)"
"4-(Methylnitrosamino)-1-(3-pyridyl)-1-butanol",7,209.1163736,8.455137601,"C10H15N3O2",1,"X4..Methylnitrosamino..1..3.pyridyl..1.butanol",FALSE,NA,"4-(Methylnitrosamino)-1-(3-pyridyl)-1-butanol (conf: 7)"
"4-(Nitrosoamino)-1-(3-pyridinyl)-1-butanone",5,193.085112,4.983894627,"C9H11N3O2",1,"X4..Nitrosoamino..1..3.pyridinyl..1.butanone",FALSE,NA,"4-(Nitrosoamino)-1-(3-pyridinyl)-1-butanone (conf: 5)"
"4-(Trimethylammonio)but-2-enoate",7,143.0945863,6.510051079,"C7H13NO2",5,"X4..Trimethylammonio.but.2.enoate",FALSE,NA,"4-(Trimethylammonio)but-2-enoate (conf: 7)"
"4-[N-gamma-L-glutamyl-)-p-(beta-aminoethyl)phenoxy-methyl]-2-(aminomethyl)furan",7,411.1565593,5.603659198,"C19H25N3O5",2,"X4..N.gamma.L.glutamyl...p..beta.aminoethyl.phenoxy.methyl..2..aminomethyl.furan",FALSE,NA,"4-[N-gamma-L-glutamyl-)-p-(beta-aminoethyl)phenoxy-methyl]-2-(aminomethyl)furan (conf: 7)"
"4-{7-[(6-carboxy-3,4,5-trihydroxyoxan-2-yl)oxy]-3-hydroxy-5-sulfino-3,4-dihydro-2H-1-benzopyran-2-yl}-2-methoxybenzen-1-olate",5,528.0931007,11.34772076,"C22H24O13S",7,"X4..7...6.carboxy.3_4_5.trihydroxyoxan.2.yl.oxy..3.hydroxy.5.sulfino.3_4.dihydro.2H.1.benzopyran.2.yl..2.methoxybenzen.1.olate",FALSE,NA,"4-{7-[(6-carboxy-3,4,5-trihydroxyoxan-2-yl)oxy]-3-hydroxy-5-sulfino-3,4-dihydro-2H-1-benzopyran-2-yl}-2-methoxybenzen-1-olate (conf: 5)"
"4-{7-[(6-carboxy-3,4,5-trihydroxyoxan-2-yl)oxy]-3-hydroxy-5-sulfino-3,4-dihydro-2H-1-benzopyran-2-yl}-2-methoxybenzen-1-olate",5,528.0941727,9.179202596,"C22H24O13S",7,"X4..7...6.carboxy.3_4_5.trihydroxyoxan.2.yl.oxy..3.hydroxy.5.sulfino.3_4.dihydro.2H.1.benzopyran.2.yl..2.methoxybenzen.1.olate.1",FALSE,NA,"4-{7-[(6-carboxy-3,4,5-trihydroxyoxan-2-yl)oxy]-3-hydroxy-5-sulfino-3,4-dihydro-2H-1-benzopyran-2-yl}-2-methoxybenzen-1-olate (conf: 5)"
"4-Acetyl-2(3H)-benzoxazolone",5,177.042635,10.20986479,"C9H7NO3",5,"X4.Acetyl.2.3H..benzoxazolone",FALSE,NA,"4-Acetyl-2(3H)-benzoxazolone (conf: 5)"
"4-amino-4-cyano-butanoic acid",6,128.0585075,12.58836135,"C5H8N2O2",6,"X4.amino.4.cyano.butanoic.acid",FALSE,NA,"4-amino-4-cyano-butanoic acid (conf: 6)"
"4-amino-4-cyano-butanoic acid",8,128.0585411,9.748333379,"C5H8N2O2",6,"X4.amino.4.cyano.butanoic.acid.1",FALSE,NA,"4-amino-4-cyano-butanoic acid (conf: 8)"
"4-Amino-4-deoxychorismate",5,225.0637107,10.17135403,"C10H11NO5",7,"X4.Amino.4.deoxychorismate",FALSE,NA,"4-Amino-4-deoxychorismate (conf: 5)"
"4-Amino-4-deoxychorismate",5,225.0638139,8.682746165,"C10H11NO5",7,"X4.Amino.4.deoxychorismate.1",FALSE,NA,"4-Amino-4-deoxychorismate (conf: 5)"
"4-amino-4,5-dihydro-2-thiophenecarboxylate",7,145.0196898,6.99131181,"C5H7NO2S",2,"X4.amino.4_5.dihydro.2.thiophenecarboxylate",FALSE,NA,"4-amino-4,5-dihydro-2-thiophenecarboxylate (conf: 7)"
"4-amino-4,5-dihydro-2-thiophenecarboxylate",7,191.0252392,10.23183338,"C5H7NO2S",2,"X4.amino.4_5.dihydro.2.thiophenecarboxylate.1",FALSE,NA,"4-amino-4,5-dihydro-2-thiophenecarboxylate (conf: 7)"
"4-Aminobutyraldehyde",6,87.06835467,9.253659759,"C4H9NO",11,"X4.Aminobutyraldehyde",FALSE,NA,"4-Aminobutyraldehyde (conf: 6)"
"4-Aminobutyraldehyde",8,87.06838531,11.91517797,"C4H9NO",11,"X4.Aminobutyraldehyde.1",FALSE,NA,"4-Aminobutyraldehyde (conf: 8)"
"4-Aminophenyl ether",5,200.0949692,4.686261298,"C12H12N2O",3,"X4.Aminophenyl.ether",FALSE,NA,"4-Aminophenyl ether (conf: 5)"
"4-bromobutanesulfonate",7,261.951135,8.138064365,"C4H9BrO3S",1,"X4.bromobutanesulfonate",FALSE,NA,"4-bromobutanesulfonate (conf: 7)"
"4-bromodiphenyl ether",7,283.9603708,13.28335059,"C12H9BrO",1,"X4.bromodiphenyl.ether",FALSE,NA,"4-bromodiphenyl ether (conf: 7)"
"4-Butyl-5-ethylthiazole",7,186.119276,6.024617168,"C9H15NS",14,"X4.Butyl.5.ethylthiazole",FALSE,NA,"4-Butyl-5-ethylthiazole (conf: 7)"
"4-Dedimethylamino-4-oxo-anhydrotetracycline",5,397.0791391,5.949519559,"C20H15NO8",2,"X4.Dedimethylamino.4.oxo.anhydrotetracycline",FALSE,NA,"4-Dedimethylamino-4-oxo-anhydrotetracycline (conf: 5)"
"4-Demethylsimmondsin 2'-(E)-ferulate",5,537.1837345,4.096813047,"C25H31NO12",2,"X4.Demethylsimmondsin.2...E..ferulate",FALSE,NA,"4-Demethylsimmondsin 2'-(E)-ferulate (conf: 5)"
"4-Deoxy-beta-D-gluc-4-enuronosyl-(1,3)-N-acetyl-D-galactosamine",5,379.1113385,8.716219532,"C14H21NO11",4,"X4.Deoxy.beta.D.gluc.4.enuronosyl..1_3..N.acetyl.D.galactosamine",FALSE,NA,"4-Deoxy-beta-D-gluc-4-enuronosyl-(1,3)-N-acetyl-D-galactosamine (conf: 5)"
"4-Deoxy-beta-D-gluc-4-enuronosyl-(1,3)-N-acetyl-D-galactosamine",7,379.1114794,10.93576902,"C14H21NO11",4,"X4.Deoxy.beta.D.gluc.4.enuronosyl..1_3..N.acetyl.D.galactosamine.1",FALSE,NA,"4-Deoxy-beta-D-gluc-4-enuronosyl-(1,3)-N-acetyl-D-galactosamine (conf: 7)"
"4-Deoxy-beta-D-gluc-4-enuronosyl-(1,3)-N-acetyl-D-galactosamine 4-sulfate",5,459.0675143,4.949379318,"C14H21NO14S",5,"X4.Deoxy.beta.D.gluc.4.enuronosyl..1_3..N.acetyl.D.galactosamine.4.sulfate",FALSE,NA,"4-Deoxy-beta-D-gluc-4-enuronosyl-(1,3)-N-acetyl-D-galactosamine 4-sulfate (conf: 5)"
"4-ethylphenylsulfate",7,219.0565906,4.441183314,"C8H10O4S",2,"X4.ethylphenylsulfate",FALSE,NA,"4-ethylphenylsulfate (conf: 7)"
"4-ethylphenylsulfate",7,219.0566253,8.614261513,"C8H10O4S",2,"X4.ethylphenylsulfate.1",FALSE,NA,"4-ethylphenylsulfate (conf: 7)"
"4-Guanidinobutanamide",8,144.101085,16.92554027,"C5H12N4O",1,"X4.Guanidinobutanamide",FALSE,NA,"4-Guanidinobutanamide (conf: 8)"
"4-Guanidinobutanoic acid",10,145.085169,10.00466719,"C5H11N3O2",3,"X4.Guanidinobutanoic.acid",TRUE,"","4-Guanidinobutanoic acid (conf: 10)"
"4-Heptyloxybenzoic acid",5,236.141202,4.434007017,"C14H20O3",4,"X4.Heptyloxybenzoic.acid",FALSE,NA,"4-Heptyloxybenzoic acid (conf: 5)"
"4-Hexyloxyphenol",7,194.1306373,2.987990841,"C12H18O2",24,"X4.Hexyloxyphenol",FALSE,NA,"4-Hexyloxyphenol (conf: 7)"
"4-Hydroxy-2-butynal",5,84.021135,3.029985465,"C4H4O2",4,"X4.Hydroxy.2.butynal",FALSE,NA,"4-Hydroxy-2-butynal (conf: 5)"
"4-hydroxy-2-nonenal-N-acetyl-L-cysteine",5,319.1455029,2.759093573,"C14H25NO5S",1,"X4.hydroxy.2.nonenal.N.acetyl.L.cysteine",FALSE,NA,"4-hydroxy-2-nonenal-N-acetyl-L-cysteine (conf: 5)"
"4-Hydroxy-2-oxoglutaric acid",6,162.016378,14.50714648,"C5H6O6",1,"X4.Hydroxy.2.oxoglutaric.acid",FALSE,NA,"4-Hydroxy-2-oxoglutaric acid (conf: 6)"
"4-Hydroxy-2-oxoglutaric acid",8,162.01643,6.819952287,"C5H6O6",1,"X4.Hydroxy.2.oxoglutaric.acid.1",FALSE,NA,"4-Hydroxy-2-oxoglutaric acid (conf: 8)"
"4-hydroxy-2-oxoheptanedioate",8,190.0477425,13.20910172,"C7H10O6",9,"X4.hydroxy.2.oxoheptanedioate",FALSE,NA,"4-hydroxy-2-oxoheptanedioate (conf: 8)"
"4-Hydroxy-2-oxopentanoate",6,132.0422679,10.18122742,"C5H8O4",19,"X4.Hydroxy.2.oxopentanoate",FALSE,NA,"4-Hydroxy-2-oxopentanoate (conf: 6)"
"4-Hydroxy-3-(3-methyl-2-butenyl)acetophenone",7,204.1150323,2.86054676,"C13H16O2",15,"X4.Hydroxy.3..3.methyl.2.butenyl.acetophenone",FALSE,NA,"4-Hydroxy-3-(3-methyl-2-butenyl)acetophenone (conf: 7)"
"4-hydroxy-3-(sulfooxy)benzoic acid",5,233.9834857,12.83954485,"C7H6O7S",2,"X4.hydroxy.3..sulfooxy.benzoic.acid.1",FALSE,NA,"4-hydroxy-3-(sulfooxy)benzoic acid (conf: 5)"
"4-hydroxy-3-(sulfooxy)benzoic acid",7,233.9834605,16.86322414,"C7H6O7S",2,"X4.hydroxy.3..sulfooxy.benzoic.acid",FALSE,NA,"4-hydroxy-3-(sulfooxy)benzoic acid (conf: 7)"
"4-hydroxy-3-(sulfooxy)benzoic acid",7,279.9886871,11.69252777,"C7H6O7S",2,"X4.hydroxy.3..sulfooxy.benzoic.acid.2",FALSE,NA,"4-hydroxy-3-(sulfooxy)benzoic acid (conf: 7)"
"4-hydroxy-3-(sulfooxy)benzoic acid",7,279.988762,9.584506892,"C7H6O7S",2,"X4.hydroxy.3..sulfooxy.benzoic.acid.3",FALSE,NA,"4-hydroxy-3-(sulfooxy)benzoic acid (conf: 7)"
"4-Hydroxy-3-methoxy-cinnamoylglycine",5,251.0794423,7.272414319,"C12H13NO5",4,"X4.Hydroxy.3.methoxy.cinnamoylglycine",FALSE,NA,"4-Hydroxy-3-methoxy-cinnamoylglycine (conf: 5)"
"4-hydroxy-3-methylbut-2-enyl phosphate",5,182.0342428,2.895723101,"C5H11O5P",1,"X4.hydroxy.3.methylbut.2.enyl.phosphate",FALSE,NA,"4-hydroxy-3-methylbut-2-enyl phosphate (conf: 5)"
"4-hydroxy-3-methylbut-2-enyl phosphate",5,182.0344417,9.733166644,"C5H11O5P",1,"X4.hydroxy.3.methylbut.2.enyl.phosphate.1",FALSE,NA,"4-hydroxy-3-methylbut-2-enyl phosphate (conf: 5)"
"4-Hydroxy-3-nitrosobenzamide",7,166.0378818,5.167000539,"C7H6N2O3",1,"X4.Hydroxy.3.nitrosobenzamide",FALSE,NA,"4-Hydroxy-3-nitrosobenzamide (conf: 7)"
"4-Hydroxy-4-(3-pyridyl)-butanoic acid",5,181.0738748,4.442147286,"C9H11NO3",9,"X4.Hydroxy.4..3.pyridyl..butanoic.acid",FALSE,NA,"4-Hydroxy-4-(3-pyridyl)-butanoic acid (conf: 5)"
"4-Hydroxy-4-methyl-2-oxoadipate",5,190.0477342,7.866465054,"C7H10O6",9,"X4.Hydroxy.4.methyl.2.oxoadipate",FALSE,NA,"4-Hydroxy-4-methyl-2-oxoadipate (conf: 5)"
"4-Hydroxy-4-methylglutamate",8,177.0637425,10.66574076,"C6H11NO5",3,"X4.Hydroxy.4.methylglutamate",FALSE,NA,"4-Hydroxy-4-methylglutamate (conf: 8)"
"4-Hydroxy-5-(3'-hydroxyphenyl)-valeric acid-3'-O-sulphate",7,290.0459854,10.75730135,"C11H14O7S",12,"X4.Hydroxy.5..3..hydroxyphenyl..valeric.acid.3..O.sulphate",FALSE,NA,"4-Hydroxy-5-(3'-hydroxyphenyl)-valeric acid-3'-O-sulphate (conf: 7)"
"4-Hydroxy-5-(dihydroxyphenyl)-valeric acid-O-sulphate",5,306.0410727,4.040474985,"C11H14O8S",4,"X4.Hydroxy.5..dihydroxyphenyl..valeric.acid.O.sulphate.1",FALSE,NA,"4-Hydroxy-5-(dihydroxyphenyl)-valeric acid-O-sulphate (conf: 5)"
"4-Hydroxy-5-(dihydroxyphenyl)-valeric acid-O-sulphate",5,306.0411018,9.45456329,"C11H14O8S",4,"X4.Hydroxy.5..dihydroxyphenyl..valeric.acid.O.sulphate.2",FALSE,NA,"4-Hydroxy-5-(dihydroxyphenyl)-valeric acid-O-sulphate (conf: 5)"
"4-Hydroxy-5-(dihydroxyphenyl)-valeric acid-O-sulphate",7,306.0407972,10.83734585,"C11H14O8S",4,"X4.Hydroxy.5..dihydroxyphenyl..valeric.acid.O.sulphate",FALSE,NA,"4-Hydroxy-5-(dihydroxyphenyl)-valeric acid-O-sulphate (conf: 7)"
"4-Hydroxybenzaldehyde",2.5,122.036716,2.827965442,"C7H6O2",7,"X4.Hydroxybenzaldehyde",FALSE,NA,"4-Hydroxybenzaldehyde (conf: 2.5)"
"4-Hydroxybenzoic acid",6,138.0316949,9.306843058,"C7H6O3",12,"X4.Hydroxybenzoic.acid",FALSE,NA,"4-Hydroxybenzoic acid (conf: 6)"
"4-Hydroxybenzyl isothiocyanate",7,165.0248259,7.674733322,"C8H7NOS",1,"X4.Hydroxybenzyl.isothiocyanate",FALSE,NA,"4-Hydroxybenzyl isothiocyanate (conf: 7)"
"4-Hydroxybutyric acid",8,104.0473632,4.816581759,"C4H8O3",11,"X4.Hydroxybutyric.acid",FALSE,NA,"4-Hydroxybutyric acid (conf: 8)"
"4-Hydroxycinnamyl alcohol 4-D-glucoside",7,329.1475535,7.677031158,"C15H20O7",7,"X4.Hydroxycinnamyl.alcohol.4.D.glucoside",FALSE,NA,"4-Hydroxycinnamyl alcohol 4-D-glucoside (conf: 7)"
"4-Hydroxycyclohexylcarboxylic acid",7,144.0786287,8.852996793,"C7H12O3",14,"X4.Hydroxycyclohexylcarboxylic.acid",FALSE,NA,"4-Hydroxycyclohexylcarboxylic acid (conf: 7)"
"4-Hydroxyhexan-3-one",7,116.0837407,4.417417219,"C6H12O2",32,"X4.Hydroxyhexan.3.one",FALSE,NA,"4-Hydroxyhexan-3-one (conf: 7)"
"4-Hydroxymandelonitrile",6,149.0476785,4.845417228,"C8H7NO2",7,"X4.Hydroxymandelonitrile",FALSE,NA,"4-Hydroxymandelonitrile (conf: 6)"
"4-Hydroxymandelonitrile",6,149.0476794,4.444737063,"C8H7NO2",7,"X4.Hydroxymandelonitrile.1",FALSE,NA,"4-Hydroxymandelonitrile (conf: 6)"
"4-Hydroxyphenylacetaldehyde",10,136.0523711,2.996279029,"C8H8O2",27,"X4.Hydroxyphenylacetaldehyde",TRUE,"","4-Hydroxyphenylacetaldehyde (conf: 10)"
"4-Hydroxyphenylacetaldehyde-oxime",8,151.0631867,6.693324739,"C8H9NO2",19,"X4.Hydroxyphenylacetaldehyde.oxime",FALSE,NA,"4-Hydroxyphenylacetaldehyde-oxime (conf: 8)"
"4-Hydroxyphenylacetonitrile triacetylrhamnoside",7,427.1246171,8.361194269,"C20H23NO8",1,"X4.Hydroxyphenylacetonitrile.triacetylrhamnoside",FALSE,NA,"4-Hydroxyphenylacetonitrile triacetylrhamnoside (conf: 7)"
"4-Hydroxyphenylacetylglutamic acid",6,281.0899335,9.518616686,"C13H15NO6",1,"X4.Hydroxyphenylacetylglutamic.acid",FALSE,NA,"4-Hydroxyphenylacetylglutamic acid (conf: 6)"
"4-Hydroxyphenylglycine",5,167.0582687,10.90398392,"C8H9NO3",10,"X4.Hydroxyphenylglycine",FALSE,NA,"4-Hydroxyphenylglycine (conf: 5)"
"4-Hydroxyphthalate",2.5,182.0215002,11.84828547,"C8H6O5",7,"X4.Hydroxyphthalate",FALSE,NA,"4-Hydroxyphthalate (conf: 2.5)"
"4-hydroxytriazolam",5,358.0384991,8.138995975,"C17H12Cl2N4O",2,"X4.hydroxytriazolam",FALSE,NA,"4-hydroxytriazolam (conf: 5)"
"4-Imidazolone-5-acetate",8,142.037828,8.30514289,"C5H6N2O3",4,"X4.Imidazolone.5.acetate",FALSE,NA,"4-Imidazolone-5-acetate (conf: 8)"
"4-Imidazolone-5-propionic acid",8,156.0534859,7.015572037,"C6H8N2O3",4,"X4.Imidazolone.5.propionic.acid",FALSE,NA,"4-Imidazolone-5-propionic acid (conf: 8)"
"4-Methoxybenzenepropanol 1-(2-sulfoglucoside)",5,408.1087172,6.630393631,"C16H24O10S",1,"X4.Methoxybenzenepropanol.1..2.sulfoglucoside.",FALSE,NA,"4-Methoxybenzenepropanol 1-(2-sulfoglucoside) (conf: 5)"
"4-Methoxybenzyl O-(2-sulfoglucoside)",7,380.0776546,6.099207473,"C14H20O10S",1,"X4.Methoxybenzyl.O..2.sulfoglucoside.",FALSE,NA,"4-Methoxybenzyl O-(2-sulfoglucoside) (conf: 7)"
"4-methyl-3-oxoadipate",7,174.0527995,11.95217203,"C7H10O5",10,"X4.methyl.3.oxoadipate",FALSE,NA,"4-methyl-3-oxoadipate (conf: 7)"
"4-Methyl-5-(2-phosphoethyl)-thiazole",7,258.9833534,10.8128144,"C6H10NO4PS",1,"X4.Methyl.5..2.phosphoethyl..thiazole",FALSE,NA,"4-Methyl-5-(2-phosphoethyl)-thiazole (conf: 7)"
"4-Methyl-5-(2-phosphoethyl)-thiazole",7,258.9834125,11.19921721,"C6H10NO4PS",1,"X4.Methyl.5..2.phosphoethyl..thiazole.1",FALSE,NA,"4-Methyl-5-(2-phosphoethyl)-thiazole (conf: 7)"
"4-methylcyclohexylamine",5,113.1203516,5.044854343,"C7H15N",1,"X4.methylcyclohexylamine",FALSE,NA,"4-methylcyclohexylamine (conf: 5)"
"4-Methyldibenzothiophene",7,244.0559812,10.98895295,"C13H10S",2,"X4.Methyldibenzothiophene",FALSE,NA,"4-Methyldibenzothiophene (conf: 7)"
"4-Methyldibenzothiophene",7,244.0561346,9.084410884,"C13H10S",2,"X4.Methyldibenzothiophene.1",FALSE,NA,"4-Methyldibenzothiophene (conf: 7)"
"4-Methylene-L-glutamine",6,158.069081,6.906429036,"C6H10N2O3",3,"X4.Methylene.L.glutamine",FALSE,NA,"4-Methylene-L-glutamine (conf: 6)"
"4-Methylene-L-glutamine",6,158.0691472,9.363870436,"C6H10N2O3",3,"X4.Methylene.L.glutamine.1",FALSE,NA,"4-Methylene-L-glutamine (conf: 6)"
"4-methylthiobutanaldoxime",5,133.0560956,2.895600549,"C5H11NOS",1,"X4.methylthiobutanaldoxime",FALSE,NA,"4-methylthiobutanaldoxime (conf: 5)"
"4-Nitrophenol",2.5,139.0269546,9.384340515,"C6H5NO3",10,"X4.Nitrophenol",FALSE,NA,"4-Nitrophenol (conf: 2.5)"
"4-Nitrophenyl-3-ketovalidamine",5,296.1005178,9.196494359,"C13H16N2O6",3,"X4.Nitrophenyl.3.ketovalidamine",FALSE,NA,"4-Nitrophenyl-3-ketovalidamine (conf: 5)"
"4-O-acetyl-N-acetylmannosamine",5,263.1005247,10.57909423,"C10H17NO7",1,"X4.O.acetyl.N.acetylmannosamine",FALSE,NA,"4-O-acetyl-N-acetylmannosamine (conf: 5)"
"4-O-acetyl-N-acetylmannosamine",7,285.0825333,6.276558606,"C10H17NO7",1,"X4.O.acetyl.N.acetylmannosamine.1",FALSE,NA,"4-O-acetyl-N-acetylmannosamine (conf: 7)"
"4-O-beta-D-Glucosyl-4-hydroxycinnamate",5,326.100354,4.941419692,"C15H18O8",24,"X4.O.beta.D.Glucosyl.4.hydroxycinnamate",FALSE,NA,"4-O-beta-D-Glucosyl-4-hydroxycinnamate (conf: 5)"
"4-O-methyl-DIBOA-Glc",5,357.1063431,4.544432265,"C15H19NO9",4,"X4.O.methyl.DIBOA.Glc",FALSE,NA,"4-O-methyl-DIBOA-Glc (conf: 5)"
"4-O-Methylgalactinol",5,356.1317495,10.50582472,"C13H24O11",4,"X4.O.Methylgalactinol",FALSE,NA,"4-O-Methylgalactinol (conf: 5)"
"4-Oxo-13-cis-retinoate",7,314.1881037,2.531760487,"C20H26O3",17,"X4.Oxo.13.cis.retinoate",FALSE,NA,"4-Oxo-13-cis-retinoate (conf: 7)"
"4-oxo-N-acetylneuraminate",5,307.0901638,11.0549142,"C11H17NO9",1,"X4.oxo.N.acetylneuraminate",FALSE,NA,"4-oxo-N-acetylneuraminate (conf: 5)"
"4-oxo-N-acetylneuraminate",5,307.0903445,11.85581441,"C11H17NO9",1,"X4.oxo.N.acetylneuraminate.1",FALSE,NA,"4-oxo-N-acetylneuraminate (conf: 5)"
"4-Oxocyclohexanecarboxylate",5,142.0630045,3.029153866,"C7H10O3",10,"X4.Oxocyclohexanecarboxylate",FALSE,NA,"4-Oxocyclohexanecarboxylate (conf: 5)"
"4-Oxoglutaramate",6,145.0374562,8.092877427,"C5H7NO4",3,"X4.Oxoglutaramate",FALSE,NA,"4-Oxoglutaramate (conf: 6)"
"4-Oxoproline",8,129.0425092,10.17261182,"C5H7NO3",7,"X4.Oxoproline",FALSE,NA,"4-Oxoproline (conf: 8)"
"4-Phenyl-2-butenal",5,146.0731766,25.35172598,"C10H10O",12,"X4.Phenyl.2.butenal",FALSE,NA,"4-Phenyl-2-butenal (conf: 5)"
"4-Phenylpyridine",7,155.0734866,3.239965066,"C11H9N",1,"X4.Phenylpyridine",FALSE,NA,"4-Phenylpyridine (conf: 7)"
"4-Propylphenol",5,136.0887646,4.439237648,"C9H12O",27,"X4.Propylphenol",FALSE,NA,"4-Propylphenol (conf: 5)"
"4-Pyridoxic acid",8,183.053118,2.969813956,"C8H9NO4",7,"X4.Pyridoxic.acid",TRUE,"","4-Pyridoxic acid (conf: 8)"
"4-Pyridoxolactone",6,165.0426192,6.157091416,"C8H7NO3",9,"X4.Pyridoxolactone",FALSE,NA,"4-Pyridoxolactone (conf: 6)"
"4-Trimethylammoniobutanal",8,129.115287,11.02649726,"C7H15NO",2,"X4.Trimethylammoniobutanal",FALSE,NA,"4-Trimethylammoniobutanal (conf: 8)"
"4-Vinylphenol sulfate",5,200.0143559,4.437808588,"C8H8O4S",3,"X4.Vinylphenol.sulfate",FALSE,NA,"4-Vinylphenol sulfate (conf: 5)"
"4-vinylpyridine",5,105.0577493,4.443495145,"C7H7N",1,"X4.vinylpyridine",FALSE,NA,"4-vinylpyridine (conf: 5)"
"4,13,14-trihydroxy-9-oxo-8,17-dioxatetracyclo[8.7.0.0,.0,]heptadeca-1(10),2,4,6,11(16),12,14-heptaen-5-yl acetate",5,342.0379532,7.364923583,"C17H10O8",17,"X4_13_14.trihydroxy.9.oxo.8_17.dioxatetracyclo.8.7.0.0_.0_.heptadeca.1.10._2_4_6_11.16._12_14.heptaen.5.yl.acetate",FALSE,NA,"4,13,14-trihydroxy-9-oxo-8,17-dioxatetracyclo[8.7.0.0,.0,]heptadeca-1(10),2,4,6,11(16),12,14-heptaen-5-yl acetate (conf: 5)"
"4,13,14-trihydroxy-9-oxo-8,17-dioxatetracyclo[8.7.0.0,.0,]heptadeca-1(10),2,4,6,11(16),12,14-heptaen-5-yl acetate",5,342.0379785,18.50411482,"C17H10O8",17,"X4_13_14.trihydroxy.9.oxo.8_17.dioxatetracyclo.8.7.0.0_.0_.heptadeca.1.10._2_4_6_11.16._12_14.heptaen.5.yl.acetate.1",FALSE,NA,"4,13,14-trihydroxy-9-oxo-8,17-dioxatetracyclo[8.7.0.0,.0,]heptadeca-1(10),2,4,6,11(16),12,14-heptaen-5-yl acetate (conf: 5)"
"4,4'-methanol-bisbenzonitrile",5,234.0793483,5.055664089,"C15H10N2O",1,"X4_4..methanol.bisbenzonitrile",FALSE,NA,"4,4'-methanol-bisbenzonitrile (conf: 5)"
"4,4'-Thiobis-2-butanone",5,174.0713725,7.432300611,"C8H14O2S",1,"X4_4..Thiobis.2.butanone",FALSE,NA,"4,4'-Thiobis-2-butanone (conf: 5)"
"4,4'-Thiobis-2-butanone",5,174.0714389,5.997254618,"C8H14O2S",1,"X4_4..Thiobis.2.butanone.1",FALSE,NA,"4,4'-Thiobis-2-butanone (conf: 5)"
"4,5-Dihydro-2-methylthiazole",7,101.0298808,4.568968336,"C4H7NS",1,"X4_5.Dihydro.2.methylthiazole",FALSE,NA,"4,5-Dihydro-2-methylthiazole (conf: 7)"
"4,5,6,7-Tetrahydroisoxazolo(5,4-c)pyridin-3-ol",2.5,140.0585311,6.512732803,"C6H8N2O2",9,"X4_5_6_7.Tetrahydroisoxazolo.5_4.c.pyridin.3.ol",FALSE,NA,"4,5,6,7-Tetrahydroisoxazolo(5,4-c)pyridin-3-ol (conf: 2.5)"
"4,5,6,7-Tetrahydroisoxazolo(5,4-c)pyridin-3-ol",4.5,140.0585807,9.611657551,"C6H8N2O2",9,"X4_5_6_7.Tetrahydroisoxazolo.5_4.c.pyridin.3.ol.1",FALSE,NA,"4,5,6,7-Tetrahydroisoxazolo(5,4-c)pyridin-3-ol (conf: 4.5)"
"4,6-Dideoxy-4-oxo-dTDP-D-glucose",6,546.0659888,8.028376109,"C16H24N2O15P2",3,"X4_6.Dideoxy.4.oxo.dTDP.D.glucose",FALSE,NA,"4,6-Dideoxy-4-oxo-dTDP-D-glucose (conf: 6)"
"4,6-dihydroxy-2-[(4-hydroxyphenyl)methylidene]-2,3-dihydro-1-benzofuran-3-one",5,270.0526759,2.716416059,"C15H10O5",28,"X4_6.dihydroxy.2...4.hydroxyphenyl.methylidene..2_3.dihydro.1.benzofuran.3.one",FALSE,NA,"4,6-dihydroxy-2-[(4-hydroxyphenyl)methylidene]-2,3-dihydro-1-benzofuran-3-one (conf: 5)"
"4,6-Dihydroxyquinoline",8,161.04772,3.26508602,"C9H7NO2",11,"X4_6.Dihydroxyquinoline",FALSE,NA,"4,6-Dihydroxyquinoline (conf: 8)"
"4,6-heptadienal",7,110.0730725,4.435786569,"C7H10O",8,"X4_6.heptadienal",FALSE,NA,"4,6-heptadienal (conf: 7)"
"4,6,11-hexadecatrienal",5,234.198143,2.63550968,"C16H26O",4,"X4_6_11.hexadecatrienal",FALSE,NA,"4,6,11-hexadecatrienal (conf: 5)"
"4,7-Megastigmadien-9-one",7,192.1514281,4.414095659,"C13H20O",24,"X4_7.Megastigmadien.9.one",FALSE,NA,"4,7-Megastigmadien-9-one (conf: 7)"
"4,8 Dimethylnonanoyl carnitine",5,329.2566831,3.009966647,"C18H35NO4",3,"X4_8.Dimethylnonanoyl.carnitine",FALSE,NA,"4,8 Dimethylnonanoyl carnitine (conf: 5)"
"4beta-(2-Aminoethylthio)catechin",5,365.0934247,8.911095337,"C17H19NO6S",2,"X4beta..2.Aminoethylthio.catechin",FALSE,NA,"4beta-(2-Aminoethylthio)catechin (conf: 5)"
"5''-(4-Hydroxy-(E)-cinnamoyl) alpha-L-arabinofuranosyl-(1->3)-beta-D-xylopyranosyl-(1->4)-D-xylopyranoside",7,596.1498892,6.085535668,"C24H32O15",1,"X5....4.Hydroxy..E..cinnamoyl..alpha.L.arabinofuranosyl..1..3..beta.D.xylopyranosyl..1..4..D.xylopyranoside",FALSE,NA,"5''-(4-Hydroxy-(E)-cinnamoyl) alpha-L-arabinofuranosyl-(1->3)-beta-D-xylopyranosyl-(1->4)-D-xylopyranoside (conf: 7)"
"5'-(3',4'-Dihydroxyphenyl)-gamma-valerolactone sulfate",5,288.0304138,2.833456877,"C11H12O7S",6,"X5...3._4..Dihydroxyphenyl..gamma.valerolactone.sulfate",FALSE,NA,"5'-(3',4'-Dihydroxyphenyl)-gamma-valerolactone sulfate (conf: 5)"
"5'-(3',4'-Dihydroxyphenyl)-gamma-valerolactone sulfate",5,288.0304608,4.382899984,"C11H12O7S",6,"X5...3._4..Dihydroxyphenyl..gamma.valerolactone.sulfate.1",FALSE,NA,"5'-(3',4'-Dihydroxyphenyl)-gamma-valerolactone sulfate (conf: 5)"
"5'-amino-5'-deoxyuridine",7,289.0909791,12.7708126,"C9H13N3O5",5,"X5..amino.5..deoxyuridine",FALSE,NA,"5'-amino-5'-deoxyuridine (conf: 7)"
"5'-Carboxy-gamma-chromanol",7,306.1831285,2.705418831,"C18H26O4",4,"X5..Carboxy.gamma.chromanol",FALSE,NA,"5'-Carboxy-gamma-chromanol (conf: 7)"
"5'-Dehydroadenosine",5,265.0812761,6.182924135,"C10H11N5O4",1,"X5..Dehydroadenosine",FALSE,NA,"5'-Dehydroadenosine (conf: 5)"
"5'-dehydrouridine",5,242.0539016,6.131217316,"C9H10N2O6",1,"X5..dehydrouridine",FALSE,NA,"5'-dehydrouridine (conf: 5)"
"5'-Deoxy-5'-(methylsulfinyl)adenosine",5,313.0845039,5.661459772,"C11H15N5O4S",1,"X5..Deoxy.5...methylsulfinyl.adenosine",FALSE,NA,"5'-Deoxy-5'-(methylsulfinyl)adenosine (conf: 5)"
"5'-Deoxyadenosine",6,251.1020281,4.630966661,"C10H13N5O3",4,"X5..Deoxyadenosine",FALSE,NA,"5'-Deoxyadenosine (conf: 6)"
"5'-deoxyuridine",7,274.0801851,8.871243399,"C9H12N2O5",3,"X5..deoxyuridine",FALSE,NA,"5'-deoxyuridine (conf: 7)"
"5'-methoxy-6'-chloroarmillane",5,468.1907128,9.69032926,"C24H33ClO7",1,"X5..methoxy.6..chloroarmillane",FALSE,NA,"5'-methoxy-6'-chloroarmillane (conf: 5)"
"5'-Methoxybilobetin",5,582.1167476,6.32104405,"C32H22O11",1,"X5..Methoxybilobetin",FALSE,NA,"5'-Methoxybilobetin (conf: 5)"
"5'-methylthiotubercidin",7,342.0997898,9.221607954,"C12H16N4O3S",1,"X5..methylthiotubercidin",FALSE,NA,"5'-methylthiotubercidin (conf: 7)"
"5'-O-beta-D-Glucosylpyridoxine",5,331.1265067,6.76538095,"C14H21NO8",1,"X5..O.beta.D.Glucosylpyridoxine",FALSE,NA,"5'-O-beta-D-Glucosylpyridoxine (conf: 5)"
"5'-O-beta-D-Glucosylpyridoxine",7,331.1267899,7.504173542,"C14H21NO8",1,"X5..O.beta.D.Glucosylpyridoxine.1",FALSE,NA,"5'-O-beta-D-Glucosylpyridoxine (conf: 7)"
"5'-O-Desmethyl omeprazole",7,331.0992468,5.925740262,"C16H17N3O3S",1,"X5..O.Desmethyl.omeprazole",FALSE,NA,"5'-O-Desmethyl omeprazole (conf: 7)"
"5'-Phosphoribosyl-N-formylglycinamide",8,314.0516352,10.97135988,"C8H15N2O9P",1,"X5..Phosphoribosyl.N.formylglycinamide",FALSE,NA,"5'-Phosphoribosyl-N-formylglycinamide (conf: 8)"
"5-(2'-Carboxyethyl)-4,6-Dihydroxypicolinate",6,227.0430547,6.159808737,"C9H9NO6",7,"X5..2..Carboxyethyl..4_6.Dihydroxypicolinate.1",FALSE,NA,"5-(2'-Carboxyethyl)-4,6-Dihydroxypicolinate (conf: 6)"
"5-(2'-Carboxyethyl)-4,6-Dihydroxypicolinate",6,227.0431335,9.87757194,"C9H9NO6",7,"X5..2..Carboxyethyl..4_6.Dihydroxypicolinate.2",FALSE,NA,"5-(2'-Carboxyethyl)-4,6-Dihydroxypicolinate (conf: 6)"
"5-(2'-Carboxyethyl)-4,6-Dihydroxypicolinate",8,227.0428824,13.38780749,"C9H9NO6",7,"X5..2..Carboxyethyl..4_6.Dihydroxypicolinate",FALSE,NA,"5-(2'-Carboxyethyl)-4,6-Dihydroxypicolinate (conf: 8)"
"5-(2-Hydroxyethyl)-4-methylthiazole acetate",5,185.0510567,4.697753163,"C8H11NO2S",1,"X5..2.Hydroxyethyl..4.methylthiazole.acetate.2",FALSE,NA,"5-(2-Hydroxyethyl)-4-methylthiazole acetate (conf: 5)"
"5-(2-Hydroxyethyl)-4-methylthiazole acetate",7,185.0509378,4.148028144,"C8H11NO2S",1,"X5..2.Hydroxyethyl..4.methylthiazole.acetate",FALSE,NA,"5-(2-Hydroxyethyl)-4-methylthiazole acetate (conf: 7)"
"5-(2-Hydroxyethyl)-4-methylthiazole acetate",7,185.0509451,3.440876419,"C8H11NO2S",1,"X5..2.Hydroxyethyl..4.methylthiazole.acetate.1",FALSE,NA,"5-(2-Hydroxyethyl)-4-methylthiazole acetate (conf: 7)"
"5-(3'-indolylmethylene)-hydantoin",7,265.0620688,12.4671581,"C12H11N3O2",1,"X5..3..indolylmethylene..hydantoin",FALSE,NA,"5-(3'-indolylmethylene)-hydantoin (conf: 7)"
"5-(3',4'-dihydroxyphenyl)-gamma-valerolactone-3'-O-glucuronide",5,398.1218941,4.814530419,"C18H22O10",7,"X5..3._4..dihydroxyphenyl..gamma.valerolactone.3..O.glucuronide",FALSE,NA,"5-(3',4'-dihydroxyphenyl)-gamma-valerolactone-3'-O-glucuronide (conf: 5)"
"5-(3',4'-dihydroxyphenyl)-gamma-valerolactone-3'-O-glucuronide",5,398.1220503,10.81829245,"C18H22O10",7,"X5..3._4..dihydroxyphenyl..gamma.valerolactone.3..O.glucuronide.1",FALSE,NA,"5-(3',4'-dihydroxyphenyl)-gamma-valerolactone-3'-O-glucuronide (conf: 5)"
"5-(3',4',5'-Trihydroxyphenyl)-gamma-valerolactone-3'-O-glucuronide",5,400.1005787,13.07040894,"C17H20O11",9,"X5..3._4._5..Trihydroxyphenyl..gamma.valerolactone.3..O.glucuronide",FALSE,NA,"5-(3',4',5'-Trihydroxyphenyl)-gamma-valerolactone-3'-O-glucuronide (conf: 5)"
"5-(3',4',5'-Trihydroxyphenyl)-gamma-valerolactone-3'-O-glucuronide",5,400.1006499,9.345420609,"C17H20O11",9,"X5..3._4._5..Trihydroxyphenyl..gamma.valerolactone.3..O.glucuronide.1",FALSE,NA,"5-(3',4',5'-Trihydroxyphenyl)-gamma-valerolactone-3'-O-glucuronide (conf: 5)"
"5-(3',4',5'-Trihydroxyphenyl)-gamma-valerolactone-3'-O-sulphate",5,304.0253186,9.468290763,"C11H12O8S",5,"X5..3._4._5..Trihydroxyphenyl..gamma.valerolactone.3..O.sulphate",FALSE,NA,"5-(3',4',5'-Trihydroxyphenyl)-gamma-valerolactone-3'-O-sulphate (conf: 5)"
"5-(3',5'-Dihydroxyphenyl)-gamma-valerolactone-O-sulphate-O-methyl",5,302.0461053,2.876026172,"C12H14O7S",3,"X5..3._5..Dihydroxyphenyl..gamma.valerolactone.O.sulphate.O.methyl",FALSE,NA,"5-(3',5'-Dihydroxyphenyl)-gamma-valerolactone-O-sulphate-O-methyl (conf: 5)"
"5-(3-pyridyl)-tetrahydro-furan-2-one",5,163.0633537,3.032983325,"C9H9NO2",6,"X5..3.pyridyl..tetrahydro.furan.2.one",FALSE,NA,"5-(3-pyridyl)-tetrahydro-furan-2-one (conf: 5)"
"5-(hexa-3,5-dien-1-yn-1-yl)-5'-(prop-1-yn-1-yl)-2,2'-bithiophene",5,280.0381954,7.977204465,"C17H12S2",1,"X5..hexa.3_5.dien.1.yn.1.yl..5...prop.1.yn.1.yl..2_2..bithiophene",FALSE,NA,"5-(hexa-3,5-dien-1-yn-1-yl)-5'-(prop-1-yn-1-yl)-2,2'-bithiophene (conf: 5)"
"5-(Hydroxyphenyl)-gamma-valerolactone-O-sulphate",5,272.0354183,2.744244619,"C11H12O6S",4,"X5..Hydroxyphenyl..gamma.valerolactone.O.sulphate",FALSE,NA,"5-(Hydroxyphenyl)-gamma-valerolactone-O-sulphate (conf: 5)"
"5-[5-(Methylthio)-4-penten-2-ynyl]-2-furanacrolein",5,232.0559147,8.343612057,"C13H12O2S",1,"X5..5..Methylthio..4.penten.2.ynyl..2.furanacrolein.1",FALSE,NA,"5-[5-(Methylthio)-4-penten-2-ynyl]-2-furanacrolein (conf: 5)"
"5-[5-(Methylthio)-4-penten-2-ynyl]-2-furanacrolein",7,232.0558773,9.344646856,"C13H12O2S",1,"X5..5..Methylthio..4.penten.2.ynyl..2.furanacrolein",FALSE,NA,"5-[5-(Methylthio)-4-penten-2-ynyl]-2-furanacrolein (conf: 7)"
"5-Acetamidovalerate",6,159.0895441,3.98145053,"C7H13NO3",15,"X5.Acetamidovalerate",FALSE,NA,"5-Acetamidovalerate (conf: 6)"
"5-Acetamidovalerate",6,159.0895691,8.125242451,"C7H13NO3",15,"X5.Acetamidovalerate.1",FALSE,NA,"5-Acetamidovalerate (conf: 6)"
"5-Acetylamino-6-amino-3-methyluracil",5,198.0755202,5.089358012,"C7H10N4O3",2,"X5.Acetylamino.6.amino.3.methyluracil",FALSE,NA,"5-Acetylamino-6-amino-3-methyluracil (conf: 5)"
"5-amino-1-(beta-D-ribosyl)imidazole",5,215.0903372,6.635073436,"C8H13N3O4",1,"X5.amino.1..beta.D.ribosyl.imidazole",FALSE,NA,"5-amino-1-(beta-D-ribosyl)imidazole (conf: 5)"
"5-amino-1-(beta-D-ribosyl)imidazole",5,215.090524,11.24248487,"C8H13N3O4",1,"X5.amino.1..beta.D.ribosyl.imidazole.1",FALSE,NA,"5-amino-1-(beta-D-ribosyl)imidazole (conf: 5)"
"5-amino-1-(beta-D-ribosyl)imidazole",5,215.0906117,7.383523609,"C8H13N3O4",1,"X5.amino.1..beta.D.ribosyl.imidazole.2",FALSE,NA,"5-amino-1-(beta-D-ribosyl)imidazole (conf: 5)"
"5-Amino-2-oxopentanoic acid",8,131.058288,5.118856434,"C5H9NO3",13,"X5.Amino.2.oxopentanoic.acid",FALSE,NA,"5-Amino-2-oxopentanoic acid (conf: 8)"
"5-Amino-4-chloro-2-(2,3-dihydroxyphenyl)-3(2H)-pyridazinone",5,253.0256721,10.23458508,"C10H8ClN3O3",1,"X5.Amino.4.chloro.2..2_3.dihydroxyphenyl..3.2H..pyridazinone",FALSE,NA,"5-Amino-4-chloro-2-(2,3-dihydroxyphenyl)-3(2H)-pyridazinone (conf: 5)"
"5-Amino-4-chloro-2-(2,3-dihydroxyphenyl)-3(2H)-pyridazinone",7,299.0312724,7.322218989,"C10H8ClN3O3",1,"X5.Amino.4.chloro.2..2_3.dihydroxyphenyl..3.2H..pyridazinone.1",FALSE,NA,"5-Amino-4-chloro-2-(2,3-dihydroxyphenyl)-3(2H)-pyridazinone (conf: 7)"
"5-Amino-4-imidazole carboxylate",6,127.0380419,6.548052277,"C4H5N3O2",3,"X5.Amino.4.imidazole.carboxylate",FALSE,NA,"5-Amino-4-imidazole carboxylate (conf: 6)"
"5-Carboxy-2'-deoxyuridine",5,272.0645424,5.837810385,"C10H12N2O7",1,"X5.Carboxy.2..deoxyuridine.1",FALSE,NA,"5-Carboxy-2'-deoxyuridine (conf: 5)"
"5-Carboxy-2'-deoxyuridine",7,272.0645251,13.14190975,"C10H12N2O7",1,"X5.Carboxy.2..deoxyuridine",FALSE,NA,"5-Carboxy-2'-deoxyuridine (conf: 7)"
"5-Carboxymethylhydantoin",5,158.0327393,7.304112068,"C5H6N2O4",3,"X5.Carboxymethylhydantoin",FALSE,NA,"5-Carboxymethylhydantoin (conf: 5)"
"5-Carboxypyranocyanidin 3-O-beta-glucopyranoside",5,516.0897601,9.56063836,"C24H20O13",9,"X5.Carboxypyranocyanidin.3.O.beta.glucopyranoside",FALSE,NA,"5-Carboxypyranocyanidin 3-O-beta-glucopyranoside (conf: 5)"
"5-Chloro-1,3-dihydro-1-(4-piperidinyl)-2H-benzimidazol-2-one",5,251.0827457,9.232201728,"C12H14ClN3O",1,"X5.Chloro.1_3.dihydro.1..4.piperidinyl..2H.benzimidazol.2.one",FALSE,NA,"5-Chloro-1,3-dihydro-1-(4-piperidinyl)-2H-benzimidazol-2-one (conf: 5)"
"5-Chloro-1,3-dihydro-1-(4-piperidinyl)-2H-benzimidazol-2-one",5,251.0828872,5.715163237,"C12H14ClN3O",1,"X5.Chloro.1_3.dihydro.1..4.piperidinyl..2H.benzimidazol.2.one.2",FALSE,NA,"5-Chloro-1,3-dihydro-1-(4-piperidinyl)-2H-benzimidazol-2-one (conf: 5)"
"5-Chloro-1,3-dihydro-1-(4-piperidinyl)-2H-benzimidazol-2-one",7,251.0828257,8.410482718,"C12H14ClN3O",1,"X5.Chloro.1_3.dihydro.1..4.piperidinyl..2H.benzimidazol.2.one.1",FALSE,NA,"5-Chloro-1,3-dihydro-1-(4-piperidinyl)-2H-benzimidazol-2-one (conf: 7)"
"5-chloro-4-oxopentanoate",7,150.0082253,3.466824727,"C5H7ClO3",2,"X5.chloro.4.oxopentanoate",FALSE,NA,"5-chloro-4-oxopentanoate (conf: 7)"
"5-D-(5/6)-5-C-(Hydroxymethyl)-2,6-dihydroxycyclohex-2-en-1-one",7,158.0579203,9.902723645,"C7H10O4",8,"X5.D..5.6..5.C..Hydroxymethyl..2_6.dihydroxycyclohex.2.en.1.one",FALSE,NA,"5-D-(5/6)-5-C-(Hydroxymethyl)-2,6-dihydroxycyclohex-2-en-1-one (conf: 7)"
"5-Dehydro-4-deoxy-D-glucarate",6,192.0270114,8.266985493,"C6H8O7",13,"X5.Dehydro.4.deoxy.D.glucarate",FALSE,NA,"5-Dehydro-4-deoxy-D-glucarate (conf: 6)"
"5-formyl-3-hydroxy-2-methylpyidine-4-carboxylate",5,183.0531287,3.448875857,"C8H9NO4",7,"X5.formyl.3.hydroxy.2.methylpyidine.4.carboxylate",FALSE,NA,"5-formyl-3-hydroxy-2-methylpyidine-4-carboxylate (conf: 5)"
"5-guanidino-3-methyl-2-oxo-pentanoate",5,187.0956669,7.622059245,"C7H13N3O3",1,"X5.guanidino.3.methyl.2.oxo.pentanoate",FALSE,NA,"5-guanidino-3-methyl-2-oxo-pentanoate (conf: 5)"
"5-guanidino-3-methyl-2-oxo-pentanoate",5,187.0957012,8.198330478,"C7H13N3O3",1,"X5.guanidino.3.methyl.2.oxo.pentanoate.2",FALSE,NA,"5-guanidino-3-methyl-2-oxo-pentanoate (conf: 5)"
"5-guanidino-3-methyl-2-oxo-pentanoate",7,187.0956763,9.070947651,"C7H13N3O3",1,"X5.guanidino.3.methyl.2.oxo.pentanoate.1",FALSE,NA,"5-guanidino-3-methyl-2-oxo-pentanoate (conf: 7)"
"5-Hexenyl glucosinolate",5,401.0811323,4.979588435,"C13H23NO9S2",1,"X5.Hexenyl.glucosinolate",FALSE,NA,"5-Hexenyl glucosinolate (conf: 5)"
"5-Hexenyl glucosinolate",5,401.0814751,3.275887657,"C13H23NO9S2",1,"X5.Hexenyl.glucosinolate.1",FALSE,NA,"5-Hexenyl glucosinolate (conf: 5)"
"5-Hexyltetrahydro-2-oxo-3-furancarboxylic acid",5,214.1204199,3.017527951,"C11H18O4",4,"X5.Hexyltetrahydro.2.oxo.3.furancarboxylic.acid",FALSE,NA,"5-Hexyltetrahydro-2-oxo-3-furancarboxylic acid (conf: 5)"
"5-Hexyltetrahydro-2-oxo-3-furancarboxylic acid",7,214.1205193,6.098176345,"C11H18O4",4,"X5.Hexyltetrahydro.2.oxo.3.furancarboxylic.acid.1",FALSE,NA,"5-Hexyltetrahydro-2-oxo-3-furancarboxylic acid (conf: 7)"
"5-Hydroxy-2-furoic acid",5,128.0108661,13.33497181,"C5H4O4",2,"X5.Hydroxy.2.furoic.acid",FALSE,NA,"5-Hydroxy-2-furoic acid (conf: 5)"
"5-Hydroxy-2-furoic acid",5,128.0108797,11.91294017,"C5H4O4",2,"X5.Hydroxy.2.furoic.acid.1",FALSE,NA,"5-Hydroxy-2-furoic acid (conf: 5)"
"5-Hydroxy-2-furoic acid",5,128.0108834,25.46636569,"C5H4O4",2,"X5.Hydroxy.2.furoic.acid.2",FALSE,NA,"5-Hydroxy-2-furoic acid (conf: 5)"
"5-Hydroxy-2-furoic acid",5,128.0109432,9.324256454,"C5H4O4",2,"X5.Hydroxy.2.furoic.acid.3",FALSE,NA,"5-Hydroxy-2-furoic acid (conf: 5)"
"5-Hydroxy-2-furoic acid",5,128.0110286,11.56820856,"C5H4O4",2,"X5.Hydroxy.2.furoic.acid.4",FALSE,NA,"5-Hydroxy-2-furoic acid (conf: 5)"
"5-hydroxy-3-[(3aS,4S,5R,7aS)-7a-methyl-1,5-dioxo-octahydro-1H-inden-4-yl]propanoate",5,240.136043,2.440324197,"C13H20O4",2,"X5.hydroxy.3...3aS_4S_5R_7aS..7a.methyl.1_5.dioxo.octahydro.1H.inden.4.yl.propanoate",FALSE,NA,"5-hydroxy-3-[(3aS,4S,5R,7aS)-7a-methyl-1,5-dioxo-octahydro-1H-inden-4-yl]propanoate (conf: 5)"
"5-Hydroxy-3,3',4',7,8-pentamethoxyflavone",5,388.1151234,9.976120627,"C20H20O8",12,"X5.Hydroxy.3_3._4._7_8.pentamethoxyflavone",FALSE,NA,"5-Hydroxy-3,3',4',7,8-pentamethoxyflavone (conf: 5)"
"5-hydroxy-6-methylbenzimidazole",5,148.0636493,3.943676331,"C8H8N2O",2,"X5.hydroxy.6.methylbenzimidazole",FALSE,NA,"5-hydroxy-6-methylbenzimidazole (conf: 5)"
"5-Hydroxy-6,7,3',4',5'-pentamethoxyflavanone 5-O-rhamnoside",5,536.1892379,5.729954431,"C26H32O12",3,"X5.Hydroxy.6_7_3._4._5..pentamethoxyflavanone.5.O.rhamnoside",FALSE,NA,"5-Hydroxy-6,7,3',4',5'-pentamethoxyflavanone 5-O-rhamnoside (conf: 5)"
"5-hydroxy-8-(hydroxymethyl)-8-methyl-6-(2-methylpropanoyl)-4-phenyl-2H,8H-pyrano[2,3-f]chromen-2-one",5,406.1410979,5.750102848,"C24H22O6",7,"X5.hydroxy.8..hydroxymethyl..8.methyl.6..2.methylpropanoyl..4.phenyl.2H_8H.pyrano.2_3.f.chromen.2.one",FALSE,NA,"5-hydroxy-8-(hydroxymethyl)-8-methyl-6-(2-methylpropanoyl)-4-phenyl-2H,8H-pyrano[2,3-f]chromen-2-one (conf: 5)"
"5-Hydroxy-N-formylkynurenine",6,252.0747669,8.183103884,"C11H12N2O5",2,"X5.Hydroxy.N.formylkynurenine",FALSE,NA,"5-Hydroxy-N-formylkynurenine (conf: 6)"
"5-Hydroxydopamine",7,169.0739186,9.991691376,"C8H11NO3",5,"X5.Hydroxydopamine",FALSE,NA,"5-Hydroxydopamine (conf: 7)"
"5-Hydroxyectoine",6,158.0691307,7.480645719,"C6H10N2O3",3,"X5.Hydroxyectoine",FALSE,NA,"5-Hydroxyectoine (conf: 6)"
"5-Hydroxyindoleacetylglycine",8,248.0796116,4.415587099,"C12H12N2O4",3,"X5.Hydroxyindoleacetylglycine",FALSE,NA,"5-Hydroxyindoleacetylglycine (conf: 8)"
"5-Hydroxyindoleacetylglycine",8,294.085386,5.142836244,"C12H12N2O4",3,"X5.Hydroxyindoleacetylglycine.1",FALSE,NA,"5-Hydroxyindoleacetylglycine (conf: 8)"
"5-Hydroxyisourate",6,184.0232602,8.225639098,"C5H4N4O4",1,"X5.Hydroxyisourate",FALSE,NA,"5-Hydroxyisourate (conf: 6)"
"5-Hydroxykynurenamine",6,180.0898653,4.423603206,"C9H12N2O2",7,"X5.Hydroxykynurenamine",FALSE,NA,"5-Hydroxykynurenamine (conf: 6)"
"5-Hydroxykynurenine",6,224.079628,9.497010926,"C10H12N2O4",4,"X5.Hydroxykynurenine",FALSE,NA,"5-Hydroxykynurenine (conf: 6)"
"5-Hydroxymethyl-2-furancarboxaldehyde",5,126.0316618,2.72256076,"C6H6O3",12,"X5.Hydroxymethyl.2.furancarboxaldehyde",FALSE,NA,"5-Hydroxymethyl-2-furancarboxaldehyde (conf: 5)"
"5-Hydroxypentanoic acid",7,118.0629903,4.32122098,"C5H10O3",16,"X5.Hydroxypentanoic.acid",FALSE,NA,"5-Hydroxypentanoic acid (conf: 7)"
"5-Hydroxysulfamethoxazole",5,269.0471607,9.279837093,"C10H11N3O4S",2,"X5.Hydroxysulfamethoxazole",FALSE,NA,"5-Hydroxysulfamethoxazole (conf: 5)"
"5-Hydroxysulfamethoxazole",7,291.0284583,8.480400003,"C10H11N3O4S",2,"X5.Hydroxysulfamethoxazole.1",FALSE,NA,"5-Hydroxysulfamethoxazole (conf: 7)"
"5-Hydroxytryptophol",7,177.0789089,5.14569141,"C10H11NO2",8,"X5.Hydroxytryptophol",FALSE,NA,"5-Hydroxytryptophol (conf: 7)"
"5-Hydroxytryptophol",7,177.0789764,4.369420435,"C10H11NO2",8,"X5.Hydroxytryptophol.1",FALSE,NA,"5-Hydroxytryptophol (conf: 7)"
"5-hydroxytryptophol glucuronide",5,353.1109433,8.299958626,"C16H19NO8",4,"X5.hydroxytryptophol.glucuronide",FALSE,NA,"5-hydroxytryptophol glucuronide (conf: 5)"
"5-hydroxytryptophol sulfate",5,257.0359058,5.625900584,"C10H11NO5S",1,"X5.hydroxytryptophol.sulfate",FALSE,NA,"5-hydroxytryptophol sulfate (conf: 5)"
"5-isobutylthioribose",7,222.0922475,5.245423865,"C9H18O4S",1,"X5.isobutylthioribose",FALSE,NA,"5-isobutylthioribose (conf: 7)"
"5-L-Glutamyl-taurine",8,254.0573004,10.95750122,"C7H14N2O6S",1,"X5.L.Glutamyl.taurine",FALSE,NA,"5-L-Glutamyl-taurine (conf: 8)"
"5-Megastigmen-7-yne-3,9-diol 9-glucoside",7,387.2258282,5.091654021,"C19H30O7",3,"X5.Megastigmen.7.yne.3_9.diol.9.glucoside",FALSE,NA,"5-Megastigmen-7-yne-3,9-diol 9-glucoside (conf: 7)"
"5-methoxy-6-methylbenzimidazole ribotide phosphate",5,374.0872014,11.2163681,"C14H19N2O8P",1,"X5.methoxy.6.methylbenzimidazole.ribotide.phosphate",FALSE,NA,"5-methoxy-6-methylbenzimidazole ribotide phosphate (conf: 5)"
"5-methoxy-6-methylbenzimidazole ribotide phosphate",7,420.0938293,8.785957336,"C14H19N2O8P",1,"X5.methoxy.6.methylbenzimidazole.ribotide.phosphate.1",FALSE,NA,"5-methoxy-6-methylbenzimidazole ribotide phosphate (conf: 7)"
"5-methoxycarbonylmethyl-2'-O-methyluridine",7,366.0834723,7.329767314,"C13H18N2O8",1,"X5.methoxycarbonylmethyl.2..O.methyluridine",FALSE,NA,"5-methoxycarbonylmethyl-2'-O-methyluridine (conf: 7)"
"5-methoxycarbonylmethyluridine",5,316.0908509,6.086893717,"C12H16N2O8",1,"X5.methoxycarbonylmethyluridine",FALSE,NA,"5-methoxycarbonylmethyluridine (conf: 5)"
"5-Methoxytryptophan",7,234.1005672,7.535598416,"C12H14N2O3",3,"X5.Methoxytryptophan",FALSE,NA,"5-Methoxytryptophan (conf: 7)"
"5-Methoxytryptophan",7,256.0826962,9.914229294,"C12H14N2O3",3,"X5.Methoxytryptophan.1",FALSE,NA,"5-Methoxytryptophan (conf: 7)"
"5-Methoxytryptophan",7,270.0774879,8.004524434,"C12H14N2O3",3,"X5.Methoxytryptophan.2",FALSE,NA,"5-Methoxytryptophan (conf: 7)"
"5-Methoxytryptophol",5,191.0945373,5.841901652,"C11H13NO2",2,"X5.Methoxytryptophol",FALSE,NA,"5-Methoxytryptophol (conf: 5)"
"5-Methoxytryptophol",5,191.0945999,4.620248413,"C11H13NO2",2,"X5.Methoxytryptophol.1",FALSE,NA,"5-Methoxytryptophol (conf: 5)"
"5-Methoxytryptophol",5,191.0946596,3.035877433,"C11H13NO2",2,"X5.Methoxytryptophol.2",FALSE,NA,"5-Methoxytryptophol (conf: 5)"
"5-Methyl-2'-deoxycytidine",5,241.1062379,4.580191684,"C10H15N3O4",3,"X5.Methyl.2..deoxycytidine",FALSE,NA,"5-Methyl-2'-deoxycytidine (conf: 5)"
"5-Methyl-2'-deoxycytidine",7,241.1063017,5.904662397,"C10H15N3O4",3,"X5.Methyl.2..deoxycytidine.1",FALSE,NA,"5-Methyl-2'-deoxycytidine (conf: 7)"
"5-Methyl-2'-deoxycytidine",7,241.106472,8.628152696,"C10H15N3O4",3,"X5.Methyl.2..deoxycytidine.2",FALSE,NA,"5-Methyl-2'-deoxycytidine (conf: 7)"
"5-Methyl-2-thiophenecarboxaldehyde",5,126.0140129,9.755981621,"C6H6OS",3,"X5.Methyl.2.thiophenecarboxaldehyde",FALSE,NA,"5-Methyl-2-thiophenecarboxaldehyde (conf: 5)"
"5-methyl-2-thiouridine",5,274.0625323,8.675892857,"C10H14N2O5S",1,"X5.methyl.2.thiouridine",FALSE,NA,"5-methyl-2-thiouridine (conf: 5)"
"5-methyl-2-thiouridine",7,310.0389791,10.37278218,"C10H14N2O5S",1,"X5.methyl.2.thiouridine.1",FALSE,NA,"5-methyl-2-thiouridine (conf: 7)"
"5-methylaminomethyl-2-thiouridine",5,303.0890616,8.398289889,"C11H17N3O5S",1,"X5.methylaminomethyl.2.thiouridine",FALSE,NA,"5-methylaminomethyl-2-thiouridine (conf: 5)"
"5-Methylcytidine",7,257.1010639,6.548110348,"C10H15N3O5",2,"X5.Methylcytidine",TRUE,"","5-Methylcytidine (conf: 7)"
"5-Methylcytosine",8,125.0588678,5.875984963,"C5H7N3O",4,"X5.Methylcytosine",FALSE,NA,"5-Methylcytosine (conf: 8)"
"5-Methyldeoxycytidine diphosphate",5,401.0392502,6.369973791,"C10H17N3O10P2",1,"X5.Methyldeoxycytidine.diphosphate",FALSE,NA,"5-Methyldeoxycytidine diphosphate (conf: 5)"
"5-methylhydantoin",7,114.0429547,6.355388141,"C4H6N2O2",6,"X5.methylhydantoin",FALSE,NA,"5-methylhydantoin (conf: 7)"
"5-Methyltetrahydrofolic acid",6,459.1870309,10.12753043,"C20H25N7O6",2,"X5.Methyltetrahydrofolic.acid",FALSE,NA,"5-Methyltetrahydrofolic acid (conf: 6)"
"5-Methylthioribose",6,180.045602,5.912039693,"C6H12O4S",1,"X5.Methylthioribose",FALSE,NA,"5-Methylthioribose (conf: 6)"
"5-Methylthioribose",6,180.0456679,5.002843081,"C6H12O4S",1,"X5.Methylthioribose.1",FALSE,NA,"5-Methylthioribose (conf: 6)"
"5-Nitro-2-furfuryl methyl ether",5,157.0375205,7.273779349,"C6H7NO4",4,"X5.Nitro.2.furfuryl.methyl.ether.1",FALSE,NA,"5-Nitro-2-furfuryl methyl ether (conf: 5)"
"5-Nitro-2-furfuryl methyl ether",7,157.0374588,3.855065032,"C6H7NO4",4,"X5.Nitro.2.furfuryl.methyl.ether",FALSE,NA,"5-Nitro-2-furfuryl methyl ether (conf: 7)"
"5-Nitro-2-furfuryl methyl ether",7,157.0375433,6.141399425,"C6H7NO4",4,"X5.Nitro.2.furfuryl.methyl.ether.2",FALSE,NA,"5-Nitro-2-furfuryl methyl ether (conf: 7)"
"5-O-Feruloylnigrumin",5,451.1480009,6.473579652,"C21H25NO10",1,"X5.O.Feruloylnigrumin",FALSE,NA,"5-O-Feruloylnigrumin (conf: 5)"
"5-O-Methyl-2,3,5/4,6-pentahydroxycyclohexanone",7,192.0634114,10.28129519,"C7H12O6",9,"X5.O.Methyl.2_3_5.4_6.pentahydroxycyclohexanone",FALSE,NA,"5-O-Methyl-2,3,5/4,6-pentahydroxycyclohexanone (conf: 7)"
"5-O-Methyl-myo-inositol",5,194.0790608,6.532823657,"C7H14O6",12,"X5.O.Methyl.myo.inositol",FALSE,NA,"5-O-Methyl-myo-inositol (conf: 5)"
"5-Oxo-1,2-campholide",7,182.0943088,2.994779017,"C10H14O3",18,"X5.Oxo.1_2.campholide",FALSE,NA,"5-Oxo-1,2-campholide (conf: 7)"
"5-Phenyl-1,3-oxazinane-2,4-dione",2.5,191.0583415,5.14088709,"C10H9NO3",6,"X5.Phenyl.1_3.oxazinane.2_4.dione",FALSE,NA,"5-Phenyl-1,3-oxazinane-2,4-dione (conf: 2.5)"
"5-phospho-alpha-D-ribose-1-preQ0",5,387.0574669,9.374730243,"C12H14N5O8P",1,"X5.phospho.alpha.D.ribose.1.preQ0",FALSE,NA,"5-phospho-alpha-D-ribose-1-preQ0 (conf: 5)"
"5-pyridoxate",5,183.0531146,5.620643668,"C8H9NO4",7,"X5.pyridoxate",FALSE,NA,"5-pyridoxate (conf: 5)"
"5-Pyridoxolactone",6,165.0426474,4.419630637,"C8H7NO3",9,"X5.Pyridoxolactone",FALSE,NA,"5-Pyridoxolactone (conf: 6)"
"5-Sulfo-1,3-benzenedicarboxylic acid",7,245.9834658,11.39714191,"C8H6O7S",1,"X5.Sulfo.1_3.benzenedicarboxylic.acid",FALSE,NA,"5-Sulfo-1,3-benzenedicarboxylic acid (conf: 7)"
"5-Sulfoxymethylfurfural",7,205.9885698,3.576839675,"C6H6O6S",3,"X5.Sulfoxymethylfurfural",FALSE,NA,"5-Sulfoxymethylfurfural (conf: 7)"
"5-Valerolactone",7,100.0523522,2.715374731,"C5H8O2",22,"X5.Valerolactone",FALSE,NA,"5-Valerolactone (conf: 7)"
"5,10-methylenetetrahydropteroate",7,363.1098058,8.300947097,"C16H17N5O3",1,"X5_10.methylenetetrahydropteroate",FALSE,NA,"5,10-methylenetetrahydropteroate (conf: 7)"
"5,10-methylenetetrahydropteroyltriglutamate",5,456.1749118,7.593552899,"C21H24N6O6",3,"X5_10.methylenetetrahydropteroyltriglutamate",FALSE,NA,"5,10-methylenetetrahydropteroyltriglutamate (conf: 5)"
"5,6-Dihydrouridine",7,246.0852467,5.999167238,"C9H14N2O6",2,"X5_6.Dihydrouridine",TRUE,"","5,6-Dihydrouridine (conf: 7)"
"5,6-Dihydroxy-3-methyl-2-oxo-1,2-dihydroquinoline",5,191.0582628,4.759947812,"C10H9NO3",6,"X5_6.Dihydroxy.3.methyl.2.oxo.1_2.dihydroquinoline",FALSE,NA,"5,6-Dihydroxy-3-methyl-2-oxo-1,2-dihydroquinoline (conf: 5)"
"5,6-Dihydroxyindole",6,149.0476365,7.71683978,"C8H7NO2",7,"X5_6.Dihydroxyindole",FALSE,NA,"5,6-Dihydroxyindole (conf: 6)"
"5,6,7,8-Tetrahydro-2-naphthol",5,148.0888222,3.07102954,"C10H12O",15,"X5_6_7_8.Tetrahydro.2.naphthol",FALSE,NA,"5,6,7,8-Tetrahydro-2-naphthol (conf: 5)"
"5,7-Dihydroxyflavone 7-benzoate",5,358.0842066,10.18883116,"C22H14O5",1,"X5_7.Dihydroxyflavone.7.benzoate",FALSE,NA,"5,7-Dihydroxyflavone 7-benzoate (conf: 5)"
"5,7,4'-Trihydroxyflavanone 7-sulfate",7,352.0251049,2.733508909,"C15H12O8S",7,"X5_7_4..Trihydroxyflavanone.7.sulfate",FALSE,NA,"5,7,4'-Trihydroxyflavanone 7-sulfate (conf: 7)"
"5,7,4'-Trihydroxyflavanone 7-sulfate",7,352.0251709,4.721195388,"C15H12O8S",7,"X5_7_4..Trihydroxyflavanone.7.sulfate.1",FALSE,NA,"5,7,4'-Trihydroxyflavanone 7-sulfate (conf: 7)"
"5,7alpha-Dihydro-1,4,4,7a-tetramethyl-4H-indene",5,174.1408771,4.407965047,"C13H18",4,"X5_7alpha.Dihydro.1_4_4_7a.tetramethyl.4H.indene",FALSE,NA,"5,7alpha-Dihydro-1,4,4,7a-tetramethyl-4H-indene (conf: 5)"
"5,8-tetradecadienal",6,208.1827093,2.620384946,"C14H24O",7,"X5_8.tetradecadienal",FALSE,NA,"5,8-tetradecadienal (conf: 6)"
"5alpha-pregnan-3beta,20alpha-diol disulfate",7,254.0838094,8.164175292,"C10H11N3O2S",1,"X5alpha.pregnan.3beta_20alpha.diol.disulfate",FALSE,NA,"5alpha-pregnan-3beta,20alpha-diol disulfate (conf: 7)"
"5beta-Chola-3,8(14),11-trien-24-oic Acid",5,354.2560691,4.788747484,"C24H34O2",4,"X5beta.Chola.3_8.14._11.trien.24.oic.Acid",FALSE,NA,"5beta-Chola-3,8(14),11-trien-24-oic Acid (conf: 5)"
"5beta-Cholane-3alpha,7alpha,12alpha,24-tetrol",7,394.3084618,2.460653227,"C24H42O4",2,"X5beta.Cholane.3alpha_7alpha_12alpha_24.tetrol",FALSE,NA,"5beta-Cholane-3alpha,7alpha,12alpha,24-tetrol (conf: 7)"
"5beta-Pregnane-3alpha,17alpha,20alpha-triol",5,336.2665798,2.427161834,"C21H36O3",12,"X5beta.Pregnane.3alpha_17alpha_20alpha.triol",FALSE,NA,"5beta-Pregnane-3alpha,17alpha,20alpha-triol (conf: 5)"
"6''-O-Acetyldaidzin",5,458.1220008,5.454238017,"C23H22O10",2,"X6...O.Acetyldaidzin",FALSE,NA,"6''-O-Acetyldaidzin (conf: 5)"
"6'-Apiosyllotaustralin",7,393.1638402,8.018880547,"C16H27NO10",2,"X6..Apiosyllotaustralin",FALSE,NA,"6'-Apiosyllotaustralin (conf: 7)"
"6'-Hydroxysiphonaxanthin ester/ 6'-Hydroxysiphonaxanthin dodecenoate/ 6'-Hydroxysiphonaxanthin 19-(trans-delta2-dodecenoate)",5,812.5955412,9.868646486,"C53H80O6",1,"X6..Hydroxysiphonaxanthin.ester..6..Hydroxysiphonaxanthin.dodecenoate..6..Hydroxysiphonaxanthin.19..trans.delta2.dodecenoate.",FALSE,NA,"6'-Hydroxysiphonaxanthin ester/ 6'-Hydroxysiphonaxanthin dodecenoate/ 6'-Hydroxysiphonaxanthin 19-(trans-delta2-dodecenoate) (conf: 5)"
"6-({13,14-dihydroxy-9-oxo-8,17-dioxatetracyclo[8.7.0.0,.0,]heptadeca-1(10),2(7),3,5,11(16),12,14-heptaen-5-yl}oxy)-3,4,5-trihydroxyoxane-2-carboxylic acid",5,460.0636135,5.842550589,"C21H16O12",3,"X6...13_14.dihydroxy.9.oxo.8_17.dioxatetracyclo.8.7.0.0_.0_.heptadeca.1.10._2.7._3_5_11.16._12_14.heptaen.5.yl.oxy..3_4_5.trihydroxyoxane.2.carboxylic.acid",FALSE,NA,"6-({13,14-dihydroxy-9-oxo-8,17-dioxatetracyclo[8.7.0.0,.0,]heptadeca-1(10),2(7),3,5,11(16),12,14-heptaen-5-yl}oxy)-3,4,5-trihydroxyoxane-2-carboxylic acid (conf: 5)"
"6-(1-carboxy-1-methylethoxy)-3,4,5-trihydroxyoxane-2-carboxylic acid",5,280.0794099,8.333051133,"C10H16O9",11,"X6..1.carboxy.1.methylethoxy..3_4_5.trihydroxyoxane.2.carboxylic.acid",FALSE,NA,"6-(1-carboxy-1-methylethoxy)-3,4,5-trihydroxyoxane-2-carboxylic acid (conf: 5)"
"6-(1-carboxy-1-methylethoxy)-3,4,5-trihydroxyoxane-2-carboxylic acid",5,280.0795293,11.52750854,"C10H16O9",11,"X6..1.carboxy.1.methylethoxy..3_4_5.trihydroxyoxane.2.carboxylic.acid.1",FALSE,NA,"6-(1-carboxy-1-methylethoxy)-3,4,5-trihydroxyoxane-2-carboxylic acid (conf: 5)"
"6-(2,4-dihydroxyphenyl)-2-{3-[3-(2,4-dihydroxyphenyl)propanoyl]-2,6-dihydroxyphenyl}-4-(hydroxymethyl)cyclohex-3-ene-1-carboxylic acid",5,536.1681212,7.764971836,"C29H28O10",8,"X6..2_4.dihydroxyphenyl..2..3..3..2_4.dihydroxyphenyl.propanoyl..2_6.dihydroxyphenyl..4..hydroxymethyl.cyclohex.3.ene.1.carboxylic.acid",FALSE,NA,"6-(2,4-dihydroxyphenyl)-2-{3-[3-(2,4-dihydroxyphenyl)propanoyl]-2,6-dihydroxyphenyl}-4-(hydroxymethyl)cyclohex-3-ene-1-carboxylic acid (conf: 5)"
"6-(4-carboxy-2-hydroxyphenoxy)-3,4,5-trihydroxyoxane-2-carboxylic acid",7,330.0589676,15.44783388,"C13H14O10",16,"X6..4.carboxy.2.hydroxyphenoxy..3_4_5.trihydroxyoxane.2.carboxylic.acid",FALSE,NA,"6-(4-carboxy-2-hydroxyphenoxy)-3,4,5-trihydroxyoxane-2-carboxylic acid (conf: 7)"
"6-(4-ethenyl-2-hydroxyphenoxy)-3,4,5-trihydroxyoxane-2-carboxylic acid",5,312.0847348,4.988113789,"C14H16O8",6,"X6..4.ethenyl.2.hydroxyphenoxy..3_4_5.trihydroxyoxane.2.carboxylic.acid",FALSE,NA,"6-(4-ethenyl-2-hydroxyphenoxy)-3,4,5-trihydroxyoxane-2-carboxylic acid (conf: 5)"
"6-(4,5-dihydroxy-2-{3,5,7-trihydroxy-6-[3,4,5-trihydroxy-6-(hydroxymethyl)oxan-2-yl]-3,4-dihydro-2H-1-benzopyran-2-yl}phenoxy)-3,4,5-trihydroxyoxane-2-carboxylic acid",7,690.1640719,11.10719695,"C27H32O18",8,"X6..4_5.dihydroxy.2..3_5_7.trihydroxy.6..3_4_5.trihydroxy.6..hydroxymethyl.oxan.2.yl..3_4.dihydro.2H.1.benzopyran.2.yl.phenoxy..3_4_5.trihydroxyoxane.2.carboxylic.acid",FALSE,NA,"6-(4,5-dihydroxy-2-{3,5,7-trihydroxy-6-[3,4,5-trihydroxy-6-(hydroxymethyl)oxan-2-yl]-3,4-dihydro-2H-1-benzopyran-2-yl}phenoxy)-3,4,5-trihydroxyoxane-2-carboxylic acid (conf: 7)"
"6-(acetyloxy)-3,4,5-trihydroxyoxane-2-carboxylic acid",5,236.0531578,11.17404312,"C8H12O8",3,"X6..acetyloxy..3_4_5.trihydroxyoxane.2.carboxylic.acid",FALSE,NA,"6-(acetyloxy)-3,4,5-trihydroxyoxane-2-carboxylic acid (conf: 5)"
"6-(acetyloxy)-3,4,5-trihydroxyoxane-2-carboxylic acid",5,236.0532283,14.20620233,"C8H12O8",3,"X6..acetyloxy..3_4_5.trihydroxyoxane.2.carboxylic.acid.1",FALSE,NA,"6-(acetyloxy)-3,4,5-trihydroxyoxane-2-carboxylic acid (conf: 5)"
"6-(alpha-D-Glucosaminyl)-myo-inositol 1,2-cyclic phosphate",7,403.0880501,13.00232242,"C12H22NO12P",1,"X6..alpha.D.Glucosaminyl..myo.inositol.1_2.cyclic.phosphate",FALSE,NA,"6-(alpha-D-Glucosaminyl)-myo-inositol 1,2-cyclic phosphate (conf: 7)"
"6-(hydroxymethyl)-7,8-dihydropterin",5,195.075584,7.841760955,"C7H9N5O2",3,"X6..hydroxymethyl..7_8.dihydropterin",FALSE,NA,"6-(hydroxymethyl)-7,8-dihydropterin (conf: 5)"
"6-(L-Erythro-1,2-Dihydroxypropyl)-5,6,7,8-tetrahydro-4a-hydroxypterin",7,226.1066375,9.165767871,"C9H14N4O3",4,"X6..L.Erythro.1_2.Dihydroxypropyl..5_6_7_8.tetrahydro.4a.hydroxypterin",FALSE,NA,"6-(L-Erythro-1,2-Dihydroxypropyl)-5,6,7,8-tetrahydro-4a-hydroxypterin (conf: 7)"
"6-[(3-carboxy-2-methylprop-2-en-1-yl)oxy]-3,4,5-trihydroxyoxane-2-carboxylic acid",5,292.0794774,6.558462336,"C11H16O9",8,"X6...3.carboxy.2.methylprop.2.en.1.yl.oxy..3_4_5.trihydroxyoxane.2.carboxylic.acid",FALSE,NA,"6-[(3-carboxy-2-methylprop-2-en-1-yl)oxy]-3,4,5-trihydroxyoxane-2-carboxylic acid (conf: 5)"
"6-[(3-carboxy-2-methylprop-2-en-1-yl)oxy]-3,4,5-trihydroxyoxane-2-carboxylic acid",7,338.0853768,10.512146,"C11H16O9",8,"X6...3.carboxy.2.methylprop.2.en.1.yl.oxy..3_4_5.trihydroxyoxane.2.carboxylic.acid.1",FALSE,NA,"6-[(3-carboxy-2-methylprop-2-en-1-yl)oxy]-3,4,5-trihydroxyoxane-2-carboxylic acid (conf: 7)"
"6-[(3-carboxy-5,6-dihydroxycyclohex-3-en-1-yl)oxy]-3,4,5-trihydroxyoxane-2-carboxylic acid",5,350.0844601,6.400395974,"C13H18O11",4,"X6...3.carboxy.5_6.dihydroxycyclohex.3.en.1.yl.oxy..3_4_5.trihydroxyoxane.2.carboxylic.acid",FALSE,NA,"6-[(3-carboxy-5,6-dihydroxycyclohex-3-en-1-yl)oxy]-3,4,5-trihydroxyoxane-2-carboxylic acid (conf: 5)"
"6-[(5,8-dihydroxy-4-oxo-2-phenyl-4H-chromen-7-yl)oxy]-3,4,5-trihydroxyoxane-2-carboxylic acid",5,446.0851065,4.513797716,"C21H18O11",24,"X6...5_8.dihydroxy.4.oxo.2.phenyl.4H.chromen.7.yl.oxy..3_4_5.trihydroxyoxane.2.carboxylic.acid",FALSE,NA,"6-[(5,8-dihydroxy-4-oxo-2-phenyl-4H-chromen-7-yl)oxy]-3,4,5-trihydroxyoxane-2-carboxylic acid (conf: 5)"
"6-[(6-{[(2-carboxyacetyl)oxy]methyl}-2,4,5-trihydroxyoxan-3-yl)oxy]-3,4,5-trihydroxyoxane-2-carboxylic acid",5,442.0964414,7.00247238,"C15H22O15",5,"X6...6....2.carboxyacetyl.oxy.methyl..2_4_5.trihydroxyoxan.3.yl.oxy..3_4_5.trihydroxyoxane.2.carboxylic.acid",FALSE,NA,"6-[(6-{[(2-carboxyacetyl)oxy]methyl}-2,4,5-trihydroxyoxan-3-yl)oxy]-3,4,5-trihydroxyoxane-2-carboxylic acid (conf: 5)"
"6-[1-(6,7-dimethoxy-2H-1,3-benzodioxol-5-yl)-3-oxopropoxy]-3,4,5-trihydroxyoxane-2-carboxylic acid",5,430.111786,5.625800578,"C18H22O12",4,"X6..1..6_7.dimethoxy.2H.1_3.benzodioxol.5.yl..3.oxopropoxy..3_4_5.trihydroxyoxane.2.carboxylic.acid",FALSE,NA,"6-[1-(6,7-dimethoxy-2H-1,3-benzodioxol-5-yl)-3-oxopropoxy]-3,4,5-trihydroxyoxane-2-carboxylic acid (conf: 5)"
"6-[2-carboxy-2-(hydroxymethyl)-2-methylethoxy]-3,4,5-trihydroxyoxane-2-carboxylic acid",5,310.0901253,9.209660357,"C11H18O10",2,"X6..2.carboxy.2..hydroxymethyl..2.methylethoxy..3_4_5.trihydroxyoxane.2.carboxylic.acid",FALSE,NA,"6-[2-carboxy-2-(hydroxymethyl)-2-methylethoxy]-3,4,5-trihydroxyoxane-2-carboxylic acid (conf: 5)"
"6-[2-carboxy-2-(hydroxymethyl)-2-methylethoxy]-3,4,5-trihydroxyoxane-2-carboxylic acid",5,310.0905939,7.626165473,"C11H18O10",2,"X6..2.carboxy.2..hydroxymethyl..2.methylethoxy..3_4_5.trihydroxyoxane.2.carboxylic.acid.1",FALSE,NA,"6-[2-carboxy-2-(hydroxymethyl)-2-methylethoxy]-3,4,5-trihydroxyoxane-2-carboxylic acid (conf: 5)"
"6-[2,3-dihydroxy-5-({[5-hydroxy-2-(hydroxymethyl)-4,6-bis(3,4,5-trihydroxybenzoyloxy)oxan-3-yl]oxy}carbonyl)phenoxy]-3,4,5-trihydroxyoxane-2-carboxylic acid",5,812.1289186,10.98243173,"C33H32O24",12,"X6..2_3.dihydroxy.5....5.hydroxy.2..hydroxymethyl..4_6.bis.3_4_5.trihydroxybenzoyloxy.oxan.3.yl.oxy.carbonyl.phenoxy..3_4_5.trihydroxyoxane.2.carboxylic.acid",FALSE,NA,"6-[2,3-dihydroxy-5-({[5-hydroxy-2-(hydroxymethyl)-4,6-bis(3,4,5-trihydroxybenzoyloxy)oxan-3-yl]oxy}carbonyl)phenoxy]-3,4,5-trihydroxyoxane-2-carboxylic acid (conf: 5)"
"6-[4-(2-carboxy-2-hydroxyethyl)-2-hydroxyphenoxy]-3,4,5-trihydroxyoxane-2-carboxylic acid",5,374.0847894,5.890878844,"C15H18O11",6,"X6..4..2.carboxy.2.hydroxyethyl..2.hydroxyphenoxy..3_4_5.trihydroxyoxane.2.carboxylic.acid",FALSE,NA,"6-[4-(2-carboxy-2-hydroxyethyl)-2-hydroxyphenoxy]-3,4,5-trihydroxyoxane-2-carboxylic acid (conf: 5)"
"6-[5-(4-carboxy-2-hydroxybutyl)-2-hydroxyphenoxy]-3,4,5-trihydroxyoxane-2-carboxylic acid",5,402.1163233,12.87383398,"C17H22O11",8,"X6..5..4.carboxy.2.hydroxybutyl..2.hydroxyphenoxy..3_4_5.trihydroxyoxane.2.carboxylic.acid",FALSE,NA,"6-[5-(4-carboxy-2-hydroxybutyl)-2-hydroxyphenoxy]-3,4,5-trihydroxyoxane-2-carboxylic acid (conf: 5)"
"6-[5-(4-carboxy-2-hydroxybutyl)-2-hydroxyphenoxy]-3,4,5-trihydroxyoxane-2-carboxylic acid",5,402.1166069,5.017691676,"C17H22O11",8,"X6..5..4.carboxy.2.hydroxybutyl..2.hydroxyphenoxy..3_4_5.trihydroxyoxane.2.carboxylic.acid.1",FALSE,NA,"6-[5-(4-carboxy-2-hydroxybutyl)-2-hydroxyphenoxy]-3,4,5-trihydroxyoxane-2-carboxylic acid (conf: 5)"
"6-{4-[3-(3,7-dimethylocta-2,6-dien-1-yl)-7-hydroxy-4-oxo-4H-chromen-2-yl]-3-hydroxyphenoxy}-3,4,5-trihydroxyoxane-2-carboxylic acid",7,582.2101801,5.604668997,"C31H34O11",3,"X6..4..3..3_7.dimethylocta.2_6.dien.1.yl..7.hydroxy.4.oxo.4H.chromen.2.yl..3.hydroxyphenoxy..3_4_5.trihydroxyoxane.2.carboxylic.acid",FALSE,NA,"6-{4-[3-(3,7-dimethylocta-2,6-dien-1-yl)-7-hydroxy-4-oxo-4H-chromen-2-yl]-3-hydroxyphenoxy}-3,4,5-trihydroxyoxane-2-carboxylic acid (conf: 7)"
"6-{5-[3-(3,4-dihydroxy-2-methoxyphenyl)propanoyl]-2-hydroxyphenoxy}-3,4,5-trihydroxyoxane-2-carboxylic acid",5,480.1271331,6.99403333,"C22H24O12",26,"X6..5..3..3_4.dihydroxy.2.methoxyphenyl.propanoyl..2.hydroxyphenoxy..3_4_5.trihydroxyoxane.2.carboxylic.acid",FALSE,NA,"6-{5-[3-(3,4-dihydroxy-2-methoxyphenyl)propanoyl]-2-hydroxyphenoxy}-3,4,5-trihydroxyoxane-2-carboxylic acid (conf: 5)"
"6-Acetamido-3-aminohexanoate",7,188.1160712,12.28595717,"C8H16N2O3",10,"X6.Acetamido.3.aminohexanoate",FALSE,NA,"6-Acetamido-3-aminohexanoate (conf: 7)"
"6-Acetamido-3-oxohexanoate",5,187.0845139,8.680517365,"C8H13NO4",6,"X6.Acetamido.3.oxohexanoate",FALSE,NA,"6-Acetamido-3-oxohexanoate (conf: 5)"
"6-aminohexanoate cyclic dimer",7,226.1682123,3.054072563,"C12H22N2O2",2,"X6.aminohexanoate.cyclic.dimer",FALSE,NA,"6-aminohexanoate cyclic dimer (conf: 7)"
"6-Aminopenicillanic acid",7,216.0567915,6.439754618,"C8H12N2O3S",2,"X6.Aminopenicillanic.acid",FALSE,NA,"6-Aminopenicillanic acid (conf: 7)"
"6-Aminopenicillanic acid",7,262.0624094,9.223353945,"C8H12N2O3S",2,"X6.Aminopenicillanic.acid.1",FALSE,NA,"6-Aminopenicillanic acid (conf: 7)"
"6-Chlorocatechin",5,324.0399282,18.52554588,"C15H13ClO6",1,"X6.Chlorocatechin",FALSE,NA,"6-Chlorocatechin (conf: 5)"
"6-demethylmitomycin B",5,335.1117561,9.500119115,"C15H17N3O6",2,"X6.demethylmitomycin.B.1",FALSE,NA,"6-demethylmitomycin B (conf: 5)"
"6-demethylmitomycin B",7,335.1116465,6.128605161,"C15H17N3O6",2,"X6.demethylmitomycin.B",FALSE,NA,"6-demethylmitomycin B (conf: 7)"
"6-diazo-5-oxonorleucine",7,171.0643581,11.27559607,"C6H9N3O3",2,"X6.diazo.5.oxonorleucine",FALSE,NA,"6-diazo-5-oxonorleucine (conf: 7)"
"6-Epi-7-isocucurbic acid glucoside",7,374.1939941,5.856637027,"C18H30O8",1,"X6.Epi.7.isocucurbic.acid.glucoside",FALSE,NA,"6-Epi-7-isocucurbic acid glucoside (conf: 7)"
"6-Hydroxy-3-isopropenyl-heptanoate",5,186.1256127,6.406633324,"C10H18O3",31,"X6.Hydroxy.3.isopropenyl.heptanoate",FALSE,NA,"6-Hydroxy-3-isopropenyl-heptanoate (conf: 5)"
"6-Hydroxy-5-isopropenyl-2-methylhexanoate",5,186.1255491,4.441306969,"C10H18O3",31,"X6.Hydroxy.5.isopropenyl.2.methylhexanoate",FALSE,NA,"6-Hydroxy-5-isopropenyl-2-methylhexanoate (conf: 5)"
"6-Hydroxydopamine",7,169.0738788,4.837465627,"C8H11NO3",5,"X6.Hydroxydopamine",FALSE,NA,"6-Hydroxydopamine (conf: 7)"
"6-Hydroxyindolelactate",5,221.0690687,4.683486545,"C11H11NO4",4,"X6.Hydroxyindolelactate",FALSE,NA,"6-Hydroxyindolelactate (conf: 5)"
"6-Hydroxyl-1,6-dihydropurine ribonucleoside",7,270.0965313,10.61723208,"C10H14N4O5",3,"X6.Hydroxyl.1_6.dihydropurine.ribonucleoside",FALSE,NA,"6-Hydroxyl-1,6-dihydropurine ribonucleoside (conf: 7)"
"6-Hydroxynicotinic acid",8,139.0269249,5.363662949,"C6H5NO3",10,"X6.Hydroxynicotinic.acid",FALSE,NA,"6-Hydroxynicotinic acid (conf: 8)"
"6-Hydroxypentadecanedioic acid",5,288.1937193,2.998194631,"C15H28O5",1,"X6.Hydroxypentadecanedioic.acid",FALSE,NA,"6-Hydroxypentadecanedioic acid (conf: 5)"
"6-Hydroxypentadecanedioic acid",5,288.1937346,4.445608586,"C15H28O5",1,"X6.Hydroxypentadecanedioic.acid.1",FALSE,NA,"6-Hydroxypentadecanedioic acid (conf: 5)"
"6-Hydroxypseudooxynicotine",5,194.1055034,4.437513995,"C10H14N2O2",2,"X6.Hydroxypseudooxynicotine",FALSE,NA,"6-Hydroxypseudooxynicotine (conf: 5)"
"6-iodo-5-hydroxy-eicosa-trienoic acid gamma lactone",7,430.1366818,5.259922966,"C20H31IO2",1,"X6.iodo.5.hydroxy.eicosa.trienoic.acid.gamma.lactone",FALSE,NA,"6-iodo-5-hydroxy-eicosa-trienoic acid gamma lactone (conf: 7)"
"6-Keto-decanoylcarnitine",7,329.2203222,3.151007775,"C17H31NO5",1,"X6.Keto.decanoylcarnitine",FALSE,NA,"6-Keto-decanoylcarnitine (conf: 7)"
"6-Keto-decanoylcarnitine",7,329.2203691,4.450440306,"C17H31NO5",1,"X6.Keto.decanoylcarnitine.1",FALSE,NA,"6-Keto-decanoylcarnitine (conf: 7)"
"6-Methoxymellein",5,208.0734004,2.831258573,"C11H12O4",21,"X6.Methoxymellein",FALSE,NA,"6-Methoxymellein (conf: 5)"
"6-Methyladenine",5,149.0701388,9.150809462,"C6H7N5",6,"X6.Methyladenine",FALSE,NA,"6-Methyladenine (conf: 5)"
"6-Methyltetrahydropterin",7,181.0963036,6.07124255,"C7H11N5O",1,"X6.Methyltetrahydropterin",FALSE,NA,"6-Methyltetrahydropterin (conf: 7)"
"6-methylthiohexylhydroximoyl-glutathione",5,466.156512,5.029121294,"C17H30N4O7S2",11,"X6.methylthiohexylhydroximoyl.glutathione",FALSE,NA,"6-methylthiohexylhydroximoyl-glutathione (conf: 5)"
"6-oxo-1,4,5,6-tetrahydronicotinate",5,141.0425951,5.848414546,"C6H7NO3",4,"X6.oxo.1_4_5_6.tetrahydronicotinate",FALSE,NA,"6-oxo-1,4,5,6-tetrahydronicotinate (conf: 5)"
"6-Phenyl-3-hexen-2-one",5,174.1044286,25.49879557,"C12H14O",5,"X6.Phenyl.3.hexen.2.one",FALSE,NA,"6-Phenyl-3-hexen-2-one (conf: 5)"
"6-Phenyl-3-hexen-2-one",5,174.1044684,2.903265061,"C12H14O",5,"X6.Phenyl.3.hexen.2.one.1",FALSE,NA,"6-Phenyl-3-hexen-2-one (conf: 5)"
"6-Phospho-2-dehydro-D-gluconate",6,274.0090497,13.67676904,"C6H11O10P",4,"X6.Phospho.2.dehydro.D.gluconate",FALSE,NA,"6-Phospho-2-dehydro-D-gluconate (conf: 6)"
"6,6-dimethoxy-octanoic acid",5,204.136159,2.840857516,"C10H20O4",7,"X6_6.dimethoxy.octanoic.acid",FALSE,NA,"6,6-dimethoxy-octanoic acid (conf: 5)"
"6,7-dihydro-12-epi-LTB4",7,384.2509658,2.712979553,"C20H34O4",16,"X6_7.dihydro.12.epi.LTB4",FALSE,NA,"6,7-dihydro-12-epi-LTB4 (conf: 7)"
"64",5,357.2011561,11.75643616,"C15H27N5O5",4,"X64",FALSE,NA,"64 (conf: 5)"
"6alpha-Hydroxycortisol",7,378.2040727,3.022382179,"C21H30O6",9,"X6alpha.Hydroxycortisol",FALSE,NA,"6alpha-Hydroxycortisol (conf: 7)"
"6beta-acetoxy-24-methylcholestan-3beta,5alpha,22R,24-tetrol",5,508.3765504,2.343650572,"C30H52O6",2,"X6beta.acetoxy.24.methylcholestan.3beta_5alpha_22R_24.tetrol",FALSE,NA,"6beta-acetoxy-24-methylcholestan-3beta,5alpha,22R,24-tetrol (conf: 5)"
"6DNM-NH3",7,361.1192516,10.74592355,"C18H19N3O3",1,"X6DNM.NH3",FALSE,NA,"6DNM-NH3 (conf: 7)"
"7'-Carboxy-alpha-chromanol",5,348.2298494,2.625580648,"C21H32O4",22,"X7..Carboxy.alpha.chromanol",FALSE,NA,"7'-Carboxy-alpha-chromanol (conf: 5)"
"7'-Carboxy-alpha-chromanol",7,365.2567771,2.982623111,"C21H32O4",22,"X7..Carboxy.alpha.chromanol.1",FALSE,NA,"7'-Carboxy-alpha-chromanol (conf: 7)"
"7'-Carboxy-gamma-chromanol",7,334.2142436,2.640099441,"C20H30O4",75,"X7..Carboxy.gamma.chromanol",FALSE,NA,"7'-Carboxy-gamma-chromanol (conf: 7)"
"7-(2-amino-2-carboxyethyl)-5-hydroxy-3,4-dihydro-2H-1,4-benzothiazin-3-one",7,268.0519719,5.474039065,"C11H12N2O4S",1,"X7..2.amino.2.carboxyethyl..5.hydroxy.3_4.dihydro.2H.1_4.benzothiazin.3.one",FALSE,NA,"7-(2-amino-2-carboxyethyl)-5-hydroxy-3,4-dihydro-2H-1,4-benzothiazin-3-one (conf: 7)"
"7-(3-amino-5-hydroxyphenyl)-7-hydroxy-2,6-dimethyl-3,5-dioxoheptanoate",7,355.1267438,5.68223563,"C15H19NO6",1,"X7..3.amino.5.hydroxyphenyl..7.hydroxy.2_6.dimethyl.3_5.dioxoheptanoate",FALSE,NA,"7-(3-amino-5-hydroxyphenyl)-7-hydroxy-2,6-dimethyl-3,5-dioxoheptanoate (conf: 7)"
"7-(Methylthio)heptanenitrile",7,157.0926113,8.342494224,"C8H15NS",1,"X7..Methylthio.heptanenitrile",FALSE,NA,"7-(Methylthio)heptanenitrile (conf: 7)"
"7-chloro-2-(3,4-dimethoxyphenyl)-5,8-dihydroxy-3,6-dimethoxy-4H-chromen-4-one",5,408.061854,12.87207189,"C19H17ClO8",3,"X7.chloro.2..3_4.dimethoxyphenyl..5_8.dihydroxy.3_6.dimethoxy.4H.chromen.4.one.1",FALSE,NA,"7-chloro-2-(3,4-dimethoxyphenyl)-5,8-dihydroxy-3,6-dimethoxy-4H-chromen-4-one (conf: 5)"
"7-chloro-2-(3,4-dimethoxyphenyl)-5,8-dihydroxy-3,6-dimethoxy-4H-chromen-4-one",7,408.0613662,5.980375303,"C19H17ClO8",3,"X7.chloro.2..3_4.dimethoxyphenyl..5_8.dihydroxy.3_6.dimethoxy.4H.chromen.4.one",FALSE,NA,"7-chloro-2-(3,4-dimethoxyphenyl)-5,8-dihydroxy-3,6-dimethoxy-4H-chromen-4-one (conf: 7)"
"7-chloro-2-(3,4-dimethoxyphenyl)-8-hydroxy-3,5,6-trimethoxy-4H-chromen-4-one",7,422.0771734,10.10200409,"C20H19ClO8",6,"X7.chloro.2..3_4.dimethoxyphenyl..8.hydroxy.3_5_6.trimethoxy.4H.chromen.4.one",FALSE,NA,"7-chloro-2-(3,4-dimethoxyphenyl)-8-hydroxy-3,5,6-trimethoxy-4H-chromen-4-one (conf: 7)"
"7-Chloro-3,3',4',5,6,8-hexamethoxyflavone",5,436.0926676,5.273183923,"C21H21ClO8",1,"X7.Chloro.3_3._4._5_6_8.hexamethoxyflavone",FALSE,NA,"7-Chloro-3,3',4',5,6,8-hexamethoxyflavone (conf: 5)"
"7-Chloro-3,3',4',5,6,8-hexamethoxyflavone",5,436.0927487,7.520109821,"C21H21ClO8",1,"X7.Chloro.3_3._4._5_6_8.hexamethoxyflavone.1",FALSE,NA,"7-Chloro-3,3',4',5,6,8-hexamethoxyflavone (conf: 5)"
"7-Deoxypancratistatin",7,355.0904404,5.062528856,"C14H15NO7",4,"X7.Deoxypancratistatin",FALSE,NA,"7-Deoxypancratistatin (conf: 7)"
"7-Ethyl-5,6-dihydro-1,4-dimethylazulene",7,186.1408642,2.605119882,"C14H18",2,"X7.Ethyl.5_6.dihydro.1_4.dimethylazulene",FALSE,NA,"7-Ethyl-5,6-dihydro-1,4-dimethylazulene (conf: 7)"
"7-heptadecynoic acid",5,266.2243803,2.626500005,"C17H30O2",11,"X7.heptadecynoic.acid",FALSE,NA,"7-heptadecynoic acid (conf: 5)"
"7-hydroxy-2-oxindole-3-acetate glucoside",5,369.1064885,6.206488448,"C16H19NO9",2,"X7.hydroxy.2.oxindole.3.acetate.glucoside",FALSE,NA,"7-hydroxy-2-oxindole-3-acetate glucoside (conf: 5)"
"7-hydroxy-2-oxindole-3-acetate glucoside",7,391.0877749,4.692325631,"C16H19NO9",2,"X7.hydroxy.2.oxindole.3.acetate.glucoside.1",FALSE,NA,"7-hydroxy-2-oxindole-3-acetate glucoside (conf: 7)"
"7-Hydroxy-3-(4-methoxyphenyl)-4-propyl-2H-1-benzopyran-2-one",7,310.1200559,5.270719524,"C19H18O4",12,"X7.Hydroxy.3..4.methoxyphenyl..4.propyl.2H.1.benzopyran.2.one",FALSE,NA,"7-Hydroxy-3-(4-methoxyphenyl)-4-propyl-2H-1-benzopyran-2-one (conf: 7)"
"7-hydroxy-nonanoic acid",5,174.1256129,2.840782797,"C9H18O3",11,"X7.hydroxy.nonanoic.acid",FALSE,NA,"7-hydroxy-nonanoic acid (conf: 5)"
"7-Hydroxymethyl-12-methylbenz[a]anthracene sulfate",7,352.076296,6.646037263,"C20H16O4S",1,"X7.Hydroxymethyl.12.methylbenz.a.anthracene.sulfate",FALSE,NA,"7-Hydroxymethyl-12-methylbenz[a]anthracene sulfate (conf: 7)"
"7-Isothiocyanato-1-heptene",5,155.0768909,8.986220466,"C8H13NS",13,"X7.Isothiocyanato.1.heptene",FALSE,NA,"7-Isothiocyanato-1-heptene (conf: 5)"
"7-mercaptoheptanoylthreonine",7,263.1191548,5.249058059,"C11H21NO4S",1,"X7.mercaptoheptanoylthreonine",FALSE,NA,"7-mercaptoheptanoylthreonine (conf: 7)"
"7-mercaptoheptanoylthreonine",7,263.1193369,2.866248839,"C11H21NO4S",1,"X7.mercaptoheptanoylthreonine.1",FALSE,NA,"7-mercaptoheptanoylthreonine (conf: 7)"
"7-methyl-4-oxo-octanoic acid",7,172.1099333,7.379558522,"C9H16O3",22,"X7.methyl.4.oxo.octanoic.acid",FALSE,NA,"7-methyl-4-oxo-octanoic acid (conf: 7)"
"7-Methyladenine",8,149.0700521,6.877214389,"C6H7N5",6,"X7.Methyladenine",FALSE,NA,"7-Methyladenine (conf: 8)"
"7-methylsulfinylheptyl glucosinolate",7,479.09483,14.00293469,"C15H29NO10S3",1,"X7.methylsulfinylheptyl.glucosinolate",FALSE,NA,"7-methylsulfinylheptyl glucosinolate (conf: 7)"
"7-methylthioheptyl glucosinolate",5,463.099764,12.10359188,"C15H29NO9S3",1,"X7.methylthioheptyl.glucosinolate",FALSE,NA,"7-methylthioheptyl glucosinolate (conf: 5)"
"7-methylthioheptyl glucosinolate",5,463.0998028,9.44175864,"C15H29NO9S3",1,"X7.methylthioheptyl.glucosinolate.1",FALSE,NA,"7-methylthioheptyl glucosinolate (conf: 5)"
"7-methylthioheptyldesulfoglucosinolate",5,383.144153,5.156074173,"C15H29NO6S2",2,"X7.methylthioheptyldesulfoglucosinolate",FALSE,NA,"7-methylthioheptyldesulfoglucosinolate (conf: 5)"
"7-methylthioheptylhydroximoyl-glutathione",5,480.172195,5.308999441,"C18H32N4O7S2",9,"X7.methylthioheptylhydroximoyl.glutathione",FALSE,NA,"7-methylthioheptylhydroximoyl-glutathione (conf: 5)"
"7-O-Acetylsalutaridinol",7,393.1555269,6.505092559,"C21H25NO5",7,"X7.O.Acetylsalutaridinol",FALSE,NA,"7-O-Acetylsalutaridinol (conf: 7)"
"7-Sulfocholic acid",7,488.2447427,4.723051698,"C24H40O8S",1,"X7.Sulfocholic.acid",FALSE,NA,"7-Sulfocholic acid (conf: 7)"
"7,8-Dihydroneopterin",6,255.0967495,7.337266085,"C9H13N5O4",3,"X7_8.Dihydroneopterin",FALSE,NA,"7,8-Dihydroneopterin (conf: 6)"
"7,8-dihydropterin",5,165.0650595,7.78991778,"C6H7N5O",7,"X7_8.dihydropterin",FALSE,NA,"7,8-dihydropterin (conf: 5)"
"7,8-dihydroxy-3,4,15-triacetoxyscirpenol",7,440.1690568,10.52992017,"C21H28O10",1,"X7_8.dihydroxy.3_4_15.triacetoxyscirpenol",FALSE,NA,"7,8-dihydroxy-3,4,15-triacetoxyscirpenol (conf: 7)"
"7,8-H2pterin-6-ylmethyl-l-(4-aminophenyl)-1-deoxy-5-[1-alpha -D- ribofuranosyl 5-phosphate]-D-ribitol",7,614.1735671,5.047028184,"C23H31N6O12P",1,"X7_8.H2pterin.6.ylmethyl.l..4.aminophenyl..1.deoxy.5..1.alpha..D..ribofuranosyl.5.phosphate..D.ribitol",FALSE,NA,"7,8-H2pterin-6-ylmethyl-l-(4-aminophenyl)-1-deoxy-5-[1-alpha -D- ribofuranosyl 5-phosphate]-D-ribitol (conf: 7)"
"7beta-acetoxy-gorgostan-3beta,5alpha,6beta-triol",5,518.3973148,2.364901698,"C32H54O5",4,"X7beta.acetoxy.gorgostan.3beta_5alpha_6beta.triol",FALSE,NA,"7beta-acetoxy-gorgostan-3beta,5alpha,6beta-triol (conf: 5)"
"8-(2-Carboxy-1-phenylethyl)-3,5,7-trihydroxyflavone delta-lactone",5,400.0948767,8.28401263,"C24H16O6",2,"X8..2.Carboxy.1.phenylethyl..3_5_7.trihydroxyflavone.delta.lactone",FALSE,NA,"8-(2-Carboxy-1-phenylethyl)-3,5,7-trihydroxyflavone delta-lactone (conf: 5)"
"8-(2-Carboxy-1-phenylethyl)-3,5,7-trihydroxyflavone delta-lactone",5,400.0952796,5.319701098,"C24H16O6",2,"X8..2.Carboxy.1.phenylethyl..3_5_7.trihydroxyflavone.delta.lactone.1",FALSE,NA,"8-(2-Carboxy-1-phenylethyl)-3,5,7-trihydroxyflavone delta-lactone (conf: 5)"
"8-Amino-7-oxononanoate",6,187.1207736,7.54184357,"C9H17NO3",3,"X8.Amino.7.oxononanoate",FALSE,NA,"8-Amino-7-oxononanoate (conf: 6)"
"8-Amino-7-oxononanoate",6,187.1208416,4.402682774,"C9H17NO3",3,"X8.Amino.7.oxononanoate.1",FALSE,NA,"8-Amino-7-oxononanoate (conf: 6)"
"8-hydroxy-17-octadecadien-9-ynoic acid",5,292.2036191,2.450722052,"C18H28O3",20,"X8.hydroxy.17.octadecadien.9.ynoic.acid",FALSE,NA,"8-hydroxy-17-octadecadien-9-ynoic acid (conf: 5)"
"8-Hydroxy-7-methylguanine",5,181.059907,7.514551167,"C6H7N5O2",2,"X8.Hydroxy.7.methylguanine",FALSE,NA,"8-Hydroxy-7-methylguanine (conf: 5)"
"8-Hydroxy-7-methylguanine",5,181.060098,8.020079662,"C6H7N5O2",2,"X8.Hydroxy.7.methylguanine.1",FALSE,NA,"8-Hydroxy-7-methylguanine (conf: 5)"
"8-hydroxy-octadecene-9,11-diynoic acid",7,336.1935738,2.924834477,"C18H26O3",13,"X8.hydroxy.octadecene.9_11.diynoic.acid",FALSE,NA,"8-hydroxy-octadecene-9,11-diynoic acid (conf: 7)"
"8-hydroxylinalool",5,170.1306883,3.630369355,"C10H18O2",55,"X8.hydroxylinalool",FALSE,NA,"8-hydroxylinalool (conf: 5)"
"8-hydroxyquinoline-5-sulfonic acid",7,225.0096177,8.28281606,"C9H7NO4S",1,"X8.hydroxyquinoline.5.sulfonic.acid",FALSE,NA,"8-hydroxyquinoline-5-sulfonic acid (conf: 7)"
"8-keto-7-aminoperlagonate",7,185.1052015,3.234962898,"C9H15NO3",10,"X8.keto.7.aminoperlagonate",FALSE,NA,"8-keto-7-aminoperlagonate (conf: 7)"
"8-methylsulfinyloctyl glucosinolate",5,493.1106153,6.599463988,"C16H31NO10S3",1,"X8.methylsulfinyloctyl.glucosinolate",FALSE,NA,"8-methylsulfinyloctyl glucosinolate (conf: 5)"
"8-methylthiooctyldesulfoglucosinolate",5,397.1599773,4.689009778,"C16H31NO6S2",2,"X8.methylthiooctyldesulfoglucosinolate",FALSE,NA,"8-methylthiooctyldesulfoglucosinolate (conf: 5)"
"8-methylthiooctylhydroximate",7,221.0908517,2.746780633,"C9H19NOS2",1,"X8.methylthiooctylhydroximate",FALSE,NA,"8-methylthiooctylhydroximate (conf: 7)"
"8-Oxodeoxycoformycin",7,266.1015912,10.25617585,"C11H14N4O4",2,"X8.Oxodeoxycoformycin",FALSE,NA,"8-Oxodeoxycoformycin (conf: 7)"
"8-p-Coumaroyl-3,4-dihydro-5,7-dihydroxy-4-phenylcoumarin",5,402.1097433,7.184427564,"C24H18O6",2,"X8.p.Coumaroyl.3_4.dihydro.5_7.dihydroxy.4.phenylcoumarin",FALSE,NA,"8-p-Coumaroyl-3,4-dihydro-5,7-dihydroxy-4-phenylcoumarin (conf: 5)"
"8,17-dioxatetracyclo[8.7.0.0,.0,]heptadeca-2(7),3,5,11(16),12,14-hexaene-5,14-diol",5,256.0736156,4.679444677,"C15H12O4",22,"X8_17.dioxatetracyclo.8.7.0.0_.0_.heptadeca.2.7._3_5_11.16._12_14.hexaene.5_14.diol",FALSE,NA,"8,17-dioxatetracyclo[8.7.0.0,.0,]heptadeca-2(7),3,5,11(16),12,14-hexaene-5,14-diol (conf: 5)"
"848",7,331.2011058,4.1452339,"C17H22N4O2",1,"X848",FALSE,NA,"848 (conf: 7)"
"9'-Carboxy-alpha-chromanol",5,390.2771859,2.457193034,"C24H38O4",33,"X9..Carboxy.alpha.chromanol",FALSE,NA,"9'-Carboxy-alpha-chromanol (conf: 5)"
"9-[2'-tert-butyl-7'-(carbazol-9-yl)-9,9'-spirobi[fluorene]-7-yl]carbazole",5,702.3035138,5.89164427,"C53H38N2",1,"X9..2..tert.butyl.7...carbazol.9.yl..9_9..spirobi.fluorene..7.yl.carbazole",FALSE,NA,"9-[2'-tert-butyl-7'-(carbazol-9-yl)-9,9'-spirobi[fluorene]-7-yl]carbazole (conf: 5)"
"9-HODE",6,296.2351665,2.454008607,"C18H32O3",32,"X9.HODE",FALSE,NA,"9-HODE (conf: 6)"
"9-Hydroxy-4-methoxypsoralen 9-glucoside",5,394.0900694,8.084906815,"C18H18O10",1,"X9.Hydroxy.4.methoxypsoralen.9.glucoside",FALSE,NA,"9-Hydroxy-4-methoxypsoralen 9-glucoside (conf: 5)"
"9-mercaptodethiobiotin",5,246.1039433,7.927718976,"C10H18N2O3S",3,"X9.mercaptodethiobiotin",FALSE,NA,"9-mercaptodethiobiotin (conf: 5)"
"9-methoxycamptothecin",7,414.0986132,8.916216647,"C21H18N2O5",1,"X9.methoxycamptothecin",FALSE,NA,"9-methoxycamptothecin (conf: 7)"
"9-Oxo-nonanoic acid",5,172.1099483,3.050002699,"C9H16O3",22,"X9.Oxo.nonanoic.acid",FALSE,NA,"9-Oxo-nonanoic acid (conf: 5)"
"9,10-DiHODE",6,312.2301781,2.893365036,"C18H32O4",40,"X9_10.DiHODE",FALSE,NA,"9,10-DiHODE (conf: 6)"
"9,10,12,13-tetrachloro-octadecanoic acid",7,456.0922775,5.821316072,"C18H32Cl4O2",1,"X9_10_12_13.tetrachloro.octadecanoic.acid",FALSE,NA,"9,10,12,13-tetrachloro-octadecanoic acid (conf: 7)"
"9,10,12,13-tetrachloro-octadecanoic acid",7,456.0923753,6.636179325,"C18H32Cl4O2",1,"X9_10_12_13.tetrachloro.octadecanoic.acid.1",FALSE,NA,"9,10,12,13-tetrachloro-octadecanoic acid (conf: 7)"
"9,10,12,13-tetrachloro-octadecanoic acid",7,456.0924293,7.384966076,"C18H32Cl4O2",1,"X9_10_12_13.tetrachloro.octadecanoic.acid.2",FALSE,NA,"9,10,12,13-tetrachloro-octadecanoic acid (conf: 7)"
"9,10,12,13-tetrachloro-octadecanoic acid",7,456.0925819,12.61909534,"C18H32Cl4O2",1,"X9_10_12_13.tetrachloro.octadecanoic.acid.3",FALSE,NA,"9,10,12,13-tetrachloro-octadecanoic acid (conf: 7)"
"9,12-Hexadecadienoylcarnitine",7,395.3037019,2.882361824,"C23H41NO4",2,"X9_12.Hexadecadienoylcarnitine",FALSE,NA,"9,12-Hexadecadienoylcarnitine (conf: 7)"
"9,12,13,TriHODE",6,328.225083,2.992337102,"C18H32O5",10,"X9_12_13_TriHODE",FALSE,NA,"9,12,13,TriHODE (conf: 6)"
"9,12,15-cis-hexadecatrienoyl-CoA",5,999.2972749,4.796020979,"C37H60N7O17P3S",1,"X9_12_15.cis.hexadecatrienoyl.CoA",FALSE,NA,"9,12,15-cis-hexadecatrienoyl-CoA (conf: 5)"
"9,9-dimethoxy-nonanoic acid",7,218.1518804,3.00120268,"C11H22O4",1,"X9_9.dimethoxy.nonanoic.acid",FALSE,NA,"9,9-dimethoxy-nonanoic acid (conf: 7)"
"a-Amino-2,5-dihydro-5-oxo-4-isoxazolepropanoic acid N2-glucoside",5,334.1011258,9.649853312,"C12H18N2O9",1,"a.Amino.2_5.dihydro.5.oxo.4.isoxazolepropanoic.acid.N2.glucoside",FALSE,NA,"a-Amino-2,5-dihydro-5-oxo-4-isoxazolepropanoic acid N2-glucoside (conf: 5)"
"a-Amino-2,5-dihydro-5-oxo-4-isoxazolepropanoic acid N2-glucoside",5,334.101262,5.832241383,"C12H18N2O9",1,"a.Amino.2_5.dihydro.5.oxo.4.isoxazolepropanoic.acid.N2.glucoside.1",FALSE,NA,"a-Amino-2,5-dihydro-5-oxo-4-isoxazolepropanoic acid N2-glucoside (conf: 5)"
"A-dinor-(1,2)-(9,10)-diseco-5,7,10(19)-cholestatriene-1,2,25-triol",5,390.3130962,2.438196564,"C25H42O3",4,"A.dinor..1_2...9_10..diseco.5_7_10.19..cholestatriene.1_2_25.triol",FALSE,NA,"A-dinor-(1,2)-(9,10)-diseco-5,7,10(19)-cholestatriene-1,2,25-triol (conf: 5)"
"a-L-Fucopyranosyl-(1->2)-b-D-galactopyranosyl-(1->2)-D-xylose",5,458.1628122,9.47537838,"C17H30O14",1,"a.L.Fucopyranosyl..1..2..b.D.galactopyranosyl..1..2..D.xylose",FALSE,NA,"a-L-Fucopyranosyl-(1->2)-b-D-galactopyranosyl-(1->2)-D-xylose (conf: 5)"
"a-L-threo-4-Hex-4-enopyranuronosyl-D-galacturonic acid",8,352.0640858,13.2564356,"C12H16O12",1,"a.L.threo.4.Hex.4.enopyranuronosyl.D.galacturonic.acid",FALSE,NA,"a-L-threo-4-Hex-4-enopyranuronosyl-D-galacturonic acid (conf: 8)"
"a-L-threo-4-Hex-4-enopyranuronosyl-D-galacturonic acid",8,352.0641073,12.14593913,"C12H16O12",1,"a.L.threo.4.Hex.4.enopyranuronosyl.D.galacturonic.acid.1",FALSE,NA,"a-L-threo-4-Hex-4-enopyranuronosyl-D-galacturonic acid (conf: 8)"
"a hexosamine",8,179.0793246,11.42715921,"C6H13NO5",11,"a.hexosamine",FALSE,NA,"a hexosamine (conf: 8)"
"AAI",5,241.1313962,2.974936028,"C12H19NO4",1,"AAI",FALSE,NA,"AAI (conf: 5)"
"AAI",5,241.13143,4.435786569,"C12H19NO4",1,"AAI.1",FALSE,NA,"AAI (conf: 5)"
"AAI",5,241.1314704,5.372075317,"C12H19NO4",1,"AAI.2",FALSE,NA,"AAI (conf: 5)"
"Abscisic acid",5,264.1361881,2.850081192,"C15H20O4",47,"Abscisic.acid",FALSE,NA,"Abscisic acid (conf: 5)"
"Acaciabiuronic acid",5,356.0953356,10.62427993,"C12H20O12",8,"Acaciabiuronic.acid",FALSE,NA,"Acaciabiuronic acid (conf: 5)"
"Acaciabiuronic acid",5,356.0953687,11.46580773,"C12H20O12",8,"Acaciabiuronic.acid.1",FALSE,NA,"Acaciabiuronic acid (conf: 5)"
"Acaciabiuronic acid",7,356.0961051,6.886312077,"C12H20O12",8,"Acaciabiuronic.acid.2",FALSE,NA,"Acaciabiuronic acid (conf: 7)"
"Acanthicifoline",5,192.0898722,3.952481178,"C10H12N2O2",7,"Acanthicifoline",FALSE,NA,"Acanthicifoline (conf: 5)"
"Acanthicifoline",5,192.0898942,4.585908607,"C10H12N2O2",7,"Acanthicifoline.1",FALSE,NA,"Acanthicifoline (conf: 5)"
"Acetamidopropanal",5,115.0632426,4.450410248,"C5H9NO2",4,"Acetamidopropanal",FALSE,NA,"Acetamidopropanal (conf: 5)"
"Acetamidopropanal",5,115.0633255,2.971218823,"C5H9NO2",4,"Acetamidopropanal.1",FALSE,NA,"Acetamidopropanal (conf: 5)"
"Acetaminophen",4.5,151.0633262,3.036062893,"C8H9NO2",19,"Acetaminophen",FALSE,NA,"Acetaminophen (conf: 4.5)"
"Acetaminophen glucuronide",5,327.0954315,9.355215415,"C14H17NO8",3,"Acetaminophen.glucuronide",FALSE,NA,"Acetaminophen glucuronide (conf: 5)"
"Acetaminophen glucuronide",5,327.0956182,5.551321271,"C14H17NO8",3,"Acetaminophen.glucuronide.1",FALSE,NA,"Acetaminophen glucuronide (conf: 5)"
"Acetoacetic acid",6,102.0316447,8.584798381,"C4H6O3",8,"Acetoacetic.acid",FALSE,NA,"Acetoacetic acid (conf: 6)"
"Acetoacetic acid",6,102.0316955,9.192130534,"C4H6O3",8,"Acetoacetic.acid.1",FALSE,NA,"Acetoacetic acid (conf: 6)"
"Acetohydroxamic Acid",2.5,75.03200472,6.144801642,"C2H5NO2",6,"Acetohydroxamic.Acid",FALSE,NA,"Acetohydroxamic Acid (conf: 2.5)"
"Acetohydroxamic Acid",2.5,75.0320602,5.062882775,"C2H5NO2",6,"Acetohydroxamic.Acid.1",FALSE,NA,"Acetohydroxamic Acid (conf: 2.5)"
"Acetoin",6,88.05239928,2.769784406,"C4H8O2",12,"Acetoin.1",FALSE,NA,"Acetoin (conf: 6)"
"Acetoin",8,88.05235997,5.192284959,"C4H8O2",12,"Acetoin",FALSE,NA,"Acetoin (conf: 8)"
"Acetone cyanohydrin",5,85.05265225,3.025333339,"C4H7NO",3,"Acetone.cyanohydrin",FALSE,NA,"Acetone cyanohydrin (conf: 5)"
"Acetone cyanohydrin",5,85.05267028,6.618973648,"C4H7NO",3,"Acetone.cyanohydrin.1",FALSE,NA,"Acetone cyanohydrin (conf: 5)"
"Acetone cyanohydrin",5,85.05274322,5.490796752,"C4H7NO",3,"Acetone.cyanohydrin.4",FALSE,NA,"Acetone cyanohydrin (conf: 5)"
"Acetone cyanohydrin",5,85.05275281,4.503237111,"C4H7NO",3,"Acetone.cyanohydrin.5",FALSE,NA,"Acetone cyanohydrin (conf: 5)"
"Acetone cyanohydrin",7,85.05274129,7.43881452,"C4H7NO",3,"Acetone.cyanohydrin.2",FALSE,NA,"Acetone cyanohydrin (conf: 7)"
"Acetone cyanohydrin",7,85.0527417,3.370004281,"C4H7NO",3,"Acetone.cyanohydrin.3",FALSE,NA,"Acetone cyanohydrin (conf: 7)"
"Acetyl-CoA",10,404.5631021,8.911088018,"C23H38N7O17P3S",1,"Acetyl.CoA",TRUE,"TCA","Acetyl-CoA (conf: 10)"
"Acetyl-maltose",5,384.1267882,12.00272301,"C14H24O12",2,"Acetyl.maltose",FALSE,NA,"Acetyl-maltose (conf: 5)"
"Acetyl-maltose",5,384.1268776,12.84178628,"C14H24O12",2,"Acetyl.maltose.1",FALSE,NA,"Acetyl-maltose (conf: 5)"
"Acetyl-N-formyl-5-methoxykynurenamine",6,264.111,3.044911312,"C13H16N2O4",3,"Acetyl.N.formyl.5.methoxykynurenamine",FALSE,NA,"Acetyl-N-formyl-5-methoxykynurenamine (conf: 6)"
"Acetyl citrate",5,234.0376407,10.33956029,"C8H10O8",1,"Acetyl.citrate",FALSE,NA,"Acetyl citrate (conf: 5)"
"Acetylagmatine",5,172.1323257,12.47150264,"C7H16N4O",1,"Acetylagmatine",FALSE,NA,"Acetylagmatine (conf: 5)"
"Acetylcarnitine",10,203.1153819,6.790687085,"C9H17NO4",3,"Acetylcarnitine",TRUE,"","Acetylcarnitine (conf: 10)"
"Acetylcarnosine",7,268.1172476,6.154944795,"C11H16N4O4",5,"Acetylcarnosine",FALSE,NA,"Acetylcarnosine (conf: 7)"
"Acetyldihydrolipoamide",7,249.0861503,4.628993681,"C10H19NO2S2",2,"Acetyldihydrolipoamide",FALSE,NA,"Acetyldihydrolipoamide (conf: 7)"
"Acetylenedicarboxylate",6,113.9952817,8.339416662,"C4H2O4",1,"Acetylenedicarboxylate",FALSE,NA,"Acetylenedicarboxylate (conf: 6)"
"Acetylenedicarboxylate",6,113.9953148,7.069345426,"C4H2O4",1,"Acetylenedicarboxylate.1",FALSE,NA,"Acetylenedicarboxylate (conf: 6)"
"Acetylglycine",7,117.0426176,5.184500549,"C4H7NO3",6,"Acetylglycine",FALSE,NA,"Acetylglycine (conf: 7)"
"Acetylphosphate",6,139.9874422,11.96530751,"C2H5O5P",3,"Acetylphosphate",FALSE,NA,"Acetylphosphate (conf: 6)"
"Acetylphosphate",6,139.9874528,11.3278977,"C2H5O5P",3,"Acetylphosphate.1",FALSE,NA,"Acetylphosphate (conf: 6)"
"Acetylphosphopantetheine",5,400.1063918,10.20671735,"C13H25N2O8PS",2,"Acetylphosphopantetheine",FALSE,NA,"Acetylphosphopantetheine (conf: 5)"
"Acetylphosphopantetheine",5,400.1069708,8.933617252,"C13H25N2O8PS",2,"Acetylphosphopantetheine.1",FALSE,NA,"Acetylphosphopantetheine (conf: 5)"
"Acetylpseudotropine",5,183.1259156,6.169178526,"C10H17NO2",2,"Acetylpseudotropine",FALSE,NA,"Acetylpseudotropine (conf: 5)"
"Acetylpyruvate",7,130.0265738,6.542435496,"C5H6O4",10,"Acetylpyruvate",FALSE,NA,"Acetylpyruvate (conf: 7)"
"achromobactin",5,591.1552272,10.51336786,"C22H29N3O16",1,"achromobactin",FALSE,NA,"achromobactin (conf: 5)"
"acinetobactin",7,368.1251606,7.395181625,"C16H20N4O4",6,"acinetobactin",FALSE,NA,"acinetobactin (conf: 7)"
"ACPA",7,260.0645204,9.719294791,"C8H10N2O5",1,"ACPA",FALSE,NA,"ACPA (conf: 7)"
"Acrylic acid",5,72.02114481,9.245760091,"C3H4O2",4,"Acrylic.acid",FALSE,NA,"Acrylic acid (conf: 5)"
"Acrylic acid",5,72.0211799,7.482820673,"C3H4O2",4,"Acrylic.acid.1",FALSE,NA,"Acrylic acid (conf: 5)"
"Actinidine",5,147.1048062,7.228201064,"C10H13N",4,"Actinidine",FALSE,NA,"Actinidine (conf: 5)"
"Acuminoside",7,448.231001,6.116518955,"C21H36O10",5,"Acuminoside",FALSE,NA,"Acuminoside (conf: 7)"
"Acuminoside",7,448.2311219,5.085729875,"C21H36O10",5,"Acuminoside.1",FALSE,NA,"Acuminoside (conf: 7)"
"Adenine",10,135.0544444,5.717833341,"C5H5N5",2,"Adenine",TRUE,"","Adenine (conf: 10)"
"Adenosine",10,267.0967817,5.416058103,"C10H13N5O4",6,"Adenosine",TRUE,"","Adenosine (conf: 10)"
"Adenosine 2'-phosphate",5,347.0632025,10.6718473,"C10H14N5O7P",10,"Adenosine.2..phosphate",FALSE,NA,"Adenosine 2'-phosphate (conf: 5)"
"adenosine 5'-carboxamide",5,280.0920122,4.990478923,"C10H12N6O4",1,"adenosine.5..carboxamide",FALSE,NA,"adenosine 5'-carboxamide (conf: 5)"
"adenosine 5'-carboxamide",5,280.0920627,6.453360248,"C10H12N6O4",1,"adenosine.5..carboxamide.1",FALSE,NA,"adenosine 5'-carboxamide (conf: 5)"
"Adenosine diphosphate ribose",8,559.0720259,10.69362246,"C15H23N5O14P2",3,"Adenosine.diphosphate.ribose",FALSE,NA,"Adenosine diphosphate ribose (conf: 8)"
"Adenosine monophosphate",10,347.0630409,9.596654289,"C10H14N5O7P",10,"Adenosine.monophosphate",TRUE,"","Adenosine monophosphate (conf: 10)"
"Adenosyl-L-methionine",8,398.1374408,13.74719678,"C15H22N6O5S",2,"Adenosyl.L.methionine",FALSE,NA,"Adenosyl-L-methionine (conf: 8)"
"Adenosylhomocysteine",8,384.1217387,9.02750174,"C14H20N6O5S",2,"Adenosylhomocysteine",TRUE,"","Adenosylhomocysteine (conf: 8)"
"adenosylhopane",7,661.493866,26.35832808,"C40H63N5O3",2,"adenosylhopane",FALSE,NA,"adenosylhopane (conf: 7)"
"Adenylsuccinic acid",8,463.0742935,14.68808597,"C14H18N5O11P",2,"Adenylsuccinic.acid",FALSE,NA,"Adenylsuccinic acid (conf: 8)"
"ADP",10,427.0295319,11.15703837,"C10H15N5O10P2",5,"ADP",TRUE,"","ADP (conf: 10)"
"ADP-D-glycero-D-manno-heptose",5,619.0933075,11.19118621,"C17H27N5O16P2",5,"ADP.D.glycero.D.manno.heptose",FALSE,NA,"ADP-D-glycero-D-manno-heptose (conf: 5)"
"ADP-ribose 1""-2"" cyclic phosphate",5,621.0281081,12.93837625,"C15H22N5O16P3",2,"ADP.ribose.1..2..cyclic.phosphate",FALSE,NA,"ADP-ribose 1""-2"" cyclic phosphate (conf: 5)"
"Adrenic acid",6,332.271487,2.358806312,"C22H36O2",12,"Adrenic.acid",FALSE,NA,"Adrenic acid (conf: 6)"
"Aethusin",7,170.1093515,2.510701596,"C13H14",3,"Aethusin",FALSE,NA,"Aethusin (conf: 7)"
"Afatinib",5,485.1624473,10.25572877,"C24H25ClFN5O3",2,"Afatinib",FALSE,NA,"Afatinib (conf: 5)"
"Agaritinal",7,265.106686,7.704528375,"C12H15N3O4",1,"Agaritinal",FALSE,NA,"Agaritinal (conf: 7)"
"Agaritine",5,267.1221628,4.453116669,"C12H17N3O4",2,"Agaritine",FALSE,NA,"Agaritine (conf: 5)"
"agarotriose",5,486.1586308,11.96607199,"C18H30O15",1,"agarotriose",FALSE,NA,"agarotriose (conf: 5)"
"Agnuside",5,466.1472138,8.922263346,"C22H26O11",7,"Agnuside",FALSE,NA,"Agnuside (conf: 5)"
"AICA-riboside",7,258.0963882,6.538963178,"C9H14N4O5",1,"AICA.riboside",FALSE,NA,"AICA-riboside (conf: 7)"
"AICAR",8,338.0627693,10.8800569,"C9H15N4O8P",1,"AICAR",FALSE,NA,"AICAR (conf: 8)"
"Ala/Ala",6,160.084813,7.043859158,"C6H12N2O3",4,"Ala.Ala.1",FALSE,NA,"Ala/Ala (conf: 6)"
"Ala/Ala",8,160.0847713,8.636027461,"C6H12N2O3",4,"Ala.Ala",FALSE,NA,"Ala/Ala (conf: 8)"
"Ala/Ala/Ala",5,231.121867,11.69411565,"C9H17N3O4",5,"Ala.Ala.Ala",FALSE,NA,"Ala/Ala/Ala (conf: 5)"
"Ala/Ala/Ala",5,231.1219278,12.70315169,"C9H17N3O4",5,"Ala.Ala.Ala.1",FALSE,NA,"Ala/Ala/Ala (conf: 5)"
"Ala/Ala/Ala",5,231.1219633,9.257366616,"C9H17N3O4",5,"Ala.Ala.Ala.2",FALSE,NA,"Ala/Ala/Ala (conf: 5)"
"Ala/Ala/Ala/Ala",5,302.1594967,7.704697978,"C12H22N4O5",16,"Ala.Ala.Ala.Ala",FALSE,NA,"Ala/Ala/Ala/Ala (conf: 5)"
"Ala/Ala/Ala/Gln",5,359.1803482,8.440393945,"C14H25N5O6",17,"Ala.Ala.Ala.Gln",FALSE,NA,"Ala/Ala/Ala/Gln (conf: 5)"
"Ala/Ala/Ala/Gly",5,288.1435864,8.395055188,"C11H20N4O5",6,"Ala.Ala.Ala.Gly",FALSE,NA,"Ala/Ala/Ala/Gly (conf: 5)"
"Ala/Ala/Ala/Pro",5,328.1745649,9.153464363,"C14H24N4O5",5,"Ala.Ala.Ala.Pro",FALSE,NA,"Ala/Ala/Ala/Pro (conf: 5)"
"Ala/Ala/Ala/Ser",5,318.1539287,9.029418384,"C12H22N4O6",11,"Ala.Ala.Ala.Ser",FALSE,NA,"Ala/Ala/Ala/Ser (conf: 5)"
"Ala/Ala/Ala/Ser",7,318.1540537,12.51977465,"C12H22N4O6",11,"Ala.Ala.Ala.Ser.1",FALSE,NA,"Ala/Ala/Ala/Ser (conf: 7)"
"Ala/Ala/Asn",5,274.1277168,12.80370403,"C10H18N4O5",8,"Ala.Ala.Asn",FALSE,NA,"Ala/Ala/Asn (conf: 5)"
"Ala/Ala/Asn/Gly",5,331.1492902,11.11994657,"C12H21N5O6",8,"Ala.Ala.Asn.Gly",FALSE,NA,"Ala/Ala/Asn/Gly (conf: 5)"
"Ala/Ala/Asn/Pro",7,371.1806111,8.231834001,"C15H25N5O6",6,"Ala.Ala.Asn.Pro",FALSE,NA,"Ala/Ala/Asn/Pro (conf: 7)"
"Ala/Ala/Asp/Gln",5,403.1704154,10.97269531,"C15H25N5O8",14,"Ala.Ala.Asp.Gln",FALSE,NA,"Ala/Ala/Asp/Gln (conf: 5)"
"Ala/Ala/Asp/Pro",7,372.1646354,11.18190055,"C15H24N4O7",5,"Ala.Ala.Asp.Pro",FALSE,NA,"Ala/Ala/Asp/Pro (conf: 7)"
"Ala/Ala/Cys/Tyr",5,426.1574974,11.97048136,"C18H26N4O6S",8,"Ala.Ala.Cys.Tyr",FALSE,NA,"Ala/Ala/Cys/Tyr (conf: 5)"
"Ala/Ala/Gln",5,288.1434427,11.82381718,"C11H20N4O5",6,"Ala.Ala.Gln",FALSE,NA,"Ala/Ala/Gln (conf: 5)"
"Ala/Ala/Gln/Pro",5,385.1961866,9.265721036,"C16H27N5O6",6,"Ala.Ala.Gln.Pro",FALSE,NA,"Ala/Ala/Gln/Pro (conf: 5)"
"Ala/Ala/Gly",5,217.1063611,9.58552563,"C8H15N3O4",5,"Ala.Ala.Gly",FALSE,NA,"Ala/Ala/Gly (conf: 5)"
"Ala/Ala/Gly/Pro",5,314.159054,9.330050589,"C13H22N4O5",3,"Ala.Ala.Gly.Pro",FALSE,NA,"Ala/Ala/Gly/Pro (conf: 5)"
"Ala/Ala/Gly/Ser",7,304.1383426,11.92274665,"C11H20N4O6",9,"Ala.Ala.Gly.Ser",FALSE,NA,"Ala/Ala/Gly/Ser (conf: 7)"
"Ala/Ala/Gly/Tyr",5,380.1698599,7.248518106,"C17H24N4O6",8,"Ala.Ala.Gly.Tyr",FALSE,NA,"Ala/Ala/Gly/Tyr (conf: 5)"
"Ala/Ala/Ile/Trp/Tyr",7,622.3109468,2.453960936,"C32H42N6O7",9,"Ala.Ala.Ile.Trp.Tyr",FALSE,NA,"Ala/Ala/Ile/Trp/Tyr (conf: 7)"
"Ala/Ala/Pro",5,257.1376385,9.229837247,"C11H19N3O4",1,"Ala.Ala.Pro",FALSE,NA,"Ala/Ala/Pro (conf: 5)"
"Ala/Ala/Pro/Pro",5,354.1901475,8.651243233,"C16H26N4O5",1,"Ala.Ala.Pro.Pro",FALSE,NA,"Ala/Ala/Pro/Pro (conf: 5)"
"Ala/Ala/Pro/Pro",5,354.1903882,7.785958717,"C16H26N4O5",1,"Ala.Ala.Pro.Pro.1",FALSE,NA,"Ala/Ala/Pro/Pro (conf: 5)"
"Ala/Ala/Pro/Ser",5,344.1694447,7.836268423,"C14H24N4O6",6,"Ala.Ala.Pro.Ser",FALSE,NA,"Ala/Ala/Pro/Ser (conf: 5)"
"Ala/Ala/Ser",5,247.1168415,10.72717285,"C9H17N3O5",6,"Ala.Ala.Ser",FALSE,NA,"Ala/Ala/Ser (conf: 5)"
"Ala/Ala/Ser/Ser",5,334.1488131,12.38146496,"C12H22N4O7",9,"Ala.Ala.Ser.Ser",FALSE,NA,"Ala/Ala/Ser/Ser (conf: 5)"
"Ala/Asn",5,203.090523,9.530477821,"C7H13N3O4",6,"Ala.Asn",FALSE,NA,"Ala/Asn (conf: 5)"
"Ala/Asn/Gly/Pro",5,357.164864,10.93553456,"C14H23N5O6",9,"Ala.Asn.Gly.Pro",FALSE,NA,"Ala/Asn/Gly/Pro (conf: 5)"
"Ala/Asn/Pro",5,300.1434664,7.21393159,"C12H20N4O5",4,"Ala.Asn.Pro",FALSE,NA,"Ala/Asn/Pro (conf: 5)"
"Ala/Asn/Pro/Pro",5,397.1962912,7.442796554,"C17H27N5O6",6,"Ala.Asn.Pro.Pro",FALSE,NA,"Ala/Asn/Pro/Pro (conf: 5)"
"Ala/Asn/Pro/Ser",7,387.1746671,11.03677659,"C15H25N5O7",7,"Ala.Asn.Pro.Ser",FALSE,NA,"Ala/Asn/Pro/Ser (conf: 7)"
"Ala/Asn/Ser",5,290.1227005,12.38750467,"C10H18N4O6",12,"Ala.Asn.Ser",FALSE,NA,"Ala/Asn/Ser (conf: 5)"
"Ala/Asn/Thr/Thr/Tyr",5,568.2497851,9.352153015,"C24H36N6O10",7,"Ala.Asn.Thr.Thr.Tyr",FALSE,NA,"Ala/Asn/Thr/Thr/Tyr (conf: 5)"
"Ala/Asn/Tyr/His",5,503.2124933,12.42354838,"C22H29N7O7",14,"Ala.Asn.Tyr.His",FALSE,NA,"Ala/Asn/Tyr/His (conf: 5)"
"Ala/Asp/Asn/Thr/Thr",7,556.1899273,6.543042595,"C19H32N6O11",9,"Ala.Asp.Asn.Thr.Thr",FALSE,NA,"Ala/Asp/Asn/Thr/Thr (conf: 7)"
"Ala/Asp/Asp/Asp/Met",5,565.1697288,13.57101244,"C20H31N5O12S",5,"Ala.Asp.Asp.Asp.Met",FALSE,NA,"Ala/Asp/Asp/Asp/Met (conf: 5)"
"Ala/Asp/Asp/Cys",5,422.1108186,12.06674934,"C14H22N4O9S",4,"Ala.Asp.Asp.Cys",FALSE,NA,"Ala/Asp/Asp/Cys (conf: 5)"
"Ala/Asp/Asp/Gln",5,447.1604849,12.67174712,"C16H25N5O10",10,"Ala.Asp.Asp.Gln",FALSE,NA,"Ala/Asp/Asp/Gln (conf: 5)"
"Ala/Asp/Asp/His/Pro",5,553.212489,25.39386564,"C22H31N7O10",3,"Ala.Asp.Asp.His.Pro",FALSE,NA,"Ala/Asp/Asp/His/Pro (conf: 5)"
"Ala/Asp/Asp/Pro/Thr",5,517.2022992,10.89559788,"C20H31N5O11",4,"Ala.Asp.Asp.Pro.Thr",FALSE,NA,"Ala/Asp/Asp/Pro/Thr (conf: 5)"
"Ala/Asp/Asp/Thr/Thr",5,521.1959261,11.89604885,"C19H31N5O12",6,"Ala.Asp.Asp.Thr.Thr",FALSE,NA,"Ala/Asp/Asp/Thr/Thr (conf: 5)"
"Ala/Asp/Cys",7,307.0839154,11.67666888,"C10H17N3O6S",5,"Ala.Asp.Cys",FALSE,NA,"Ala/Asp/Cys (conf: 7)"
"Ala/Asp/Gly/Pro",5,358.1487665,11.30697001,"C14H22N4O7",5,"Ala.Asp.Gly.Pro",FALSE,NA,"Ala/Asp/Gly/Pro (conf: 5)"
"Ala/Asp/Gly/Pro",7,358.1489533,10.9338891,"C14H22N4O7",5,"Ala.Asp.Gly.Pro.1",FALSE,NA,"Ala/Asp/Gly/Pro (conf: 7)"
"Ala/Asp/Met/Asn/Asn",7,609.2063548,8.576949349,"C20H33N7O10S",7,"Ala.Asp.Met.Asn.Asn",FALSE,NA,"Ala/Asp/Met/Asn/Asn (conf: 7)"
"Ala/Asp/Met/Met/Met",7,597.1955544,6.692042015,"C22H39N5O8S3",5,"Ala.Asp.Met.Met.Met",FALSE,NA,"Ala/Asp/Met/Met/Met (conf: 7)"
"Ala/Asp/Met/Pro/Ser",5,519.1993466,4.855370645,"C20H33N5O9S",5,"Ala.Asp.Met.Pro.Ser",FALSE,NA,"Ala/Asp/Met/Pro/Ser (conf: 5)"
"Ala/Asp/Pro",7,301.1274079,9.307186784,"C12H19N3O6",2,"Ala.Asp.Pro",FALSE,NA,"Ala/Asp/Pro (conf: 7)"
"Ala/Asp/Pro/Pro",5,398.1807974,9.186159121,"C17H26N4O7",2,"Ala.Asp.Pro.Pro",FALSE,NA,"Ala/Asp/Pro/Pro (conf: 5)"
"Ala/Asp/Thr/Tyr/Tyr",7,667.2260664,13.11645294,"C29H37N5O11",5,"Ala.Asp.Thr.Tyr.Tyr",FALSE,NA,"Ala/Asp/Thr/Tyr/Tyr (conf: 7)"
"Ala/Asp/Tyr",7,367.137577,9.198060345,"C16H21N3O7",5,"Ala.Asp.Tyr",FALSE,NA,"Ala/Asp/Tyr (conf: 7)"
"Ala/Cys/Asn/Ser/Thr",5,494.1798976,7.833140231,"C17H30N6O9S",5,"Ala.Cys.Asn.Ser.Thr",FALSE,NA,"Ala/Cys/Asn/Ser/Thr (conf: 5)"
"Ala/Cys/Asn/Thr/Thr",5,508.1950097,4.679890569,"C18H32N6O9S",8,"Ala.Cys.Asn.Thr.Thr",FALSE,NA,"Ala/Cys/Asn/Thr/Thr (conf: 5)"
"Ala/Cys/Asp/Asn/Ser",5,508.1577832,9.693402275,"C17H28N6O10S",4,"Ala.Cys.Asp.Asn.Ser",FALSE,NA,"Ala/Cys/Asp/Asn/Ser (conf: 5)"
"Ala/Cys/Asp/Asp/Thr",7,569.1630946,9.903216623,"C18H29N5O11S",5,"Ala.Cys.Asp.Asp.Thr",FALSE,NA,"Ala/Cys/Asp/Asp/Thr (conf: 7)"
"Ala/Cys/Asp/Phe/Asn",5,568.1943457,12.165313,"C23H32N6O9S",4,"Ala.Cys.Asp.Phe.Asn",FALSE,NA,"Ala/Cys/Asp/Phe/Asn (conf: 5)"
"Ala/Cys/Asp/Ser/Tyr",5,557.1782608,6.345904495,"C22H31N5O10S",4,"Ala.Cys.Asp.Ser.Tyr",FALSE,NA,"Ala/Cys/Asp/Ser/Tyr (conf: 5)"
"Ala/Cys/Asp/Thr/Tyr",5,571.1941363,8.251417269,"C23H33N5O10S",6,"Ala.Cys.Asp.Thr.Tyr",FALSE,NA,"Ala/Cys/Asp/Thr/Tyr (conf: 5)"
"Ala/Cys/Cys/Asp/Asn",5,524.1358191,11.6274293,"C17H28N6O9S2",3,"Ala.Cys.Cys.Asp.Asn",FALSE,NA,"Ala/Cys/Cys/Asp/Asn (conf: 5)"
"Ala/Cys/Cys/Cys/Gln",7,572.1386845,7.429336793,"C17H30N6O7S3",2,"Ala.Cys.Cys.Cys.Gln",FALSE,NA,"Ala/Cys/Cys/Cys/Gln (conf: 7)"
"Ala/Cys/Cys/Cys/His",5,535.1336101,5.92397475,"C18H29N7O6S3",1,"Ala.Cys.Cys.Cys.His",FALSE,NA,"Ala/Cys/Cys/Cys/His (conf: 5)"
"Ala/Cys/Cys/Cys/Pro",5,495.1287957,5.848718928,"C17H29N5O6S3",1,"Ala.Cys.Cys.Cys.Pro",FALSE,NA,"Ala/Cys/Cys/Cys/Pro (conf: 5)"
"Ala/Cys/Cys/Gln/Gln",5,551.1830855,10.28476948,"C19H33N7O8S2",4,"Ala.Cys.Cys.Gln.Gln",FALSE,NA,"Ala/Cys/Cys/Gln/Gln (conf: 5)"
"Ala/Cys/Cys/Phe/Lys",5,570.2292045,5.589707457,"C24H38N6O6S2",1,"Ala.Cys.Cys.Phe.Lys",FALSE,NA,"Ala/Cys/Cys/Phe/Lys (conf: 5)"
"Ala/Cys/His/Lys/Trp",5,643.288832,19.14997841,"C29H41N9O6S",1,"Ala.Cys.His.Lys.Trp",FALSE,NA,"Ala/Cys/His/Lys/Trp (conf: 5)"
"Ala/Cys/Lys/Arg/Ser",5,563.2848571,8.268523782,"C21H41N9O7S",2,"Ala.Cys.Lys.Arg.Ser",FALSE,NA,"Ala/Cys/Lys/Arg/Ser (conf: 5)"
"Ala/Cys/Met/Tyr/Tyr",5,649.2235416,11.22027446,"C29H39N5O8S2",3,"Ala.Cys.Met.Tyr.Tyr",FALSE,NA,"Ala/Cys/Met/Tyr/Tyr (conf: 5)"
"Ala/Gln/Gln/Tyr/Tyr",5,671.2919653,5.22201382,"C31H41N7O10",4,"Ala.Gln.Gln.Tyr.Tyr",FALSE,NA,"Ala/Gln/Gln/Tyr/Tyr (conf: 5)"
"Ala/Gln/His/His",5,491.2247561,12.23168731,"C20H29N9O6",3,"Ala.Gln.His.His",FALSE,NA,"Ala/Gln/His/His (conf: 5)"
"Ala/Gln/Pro",5,314.1589678,12.71019121,"C13H22N4O5",3,"Ala.Gln.Pro",FALSE,NA,"Ala/Gln/Pro (conf: 5)"
"Ala/Glu",5,218.0902132,11.68870986,"C8H14N2O5",5,"Ala.Glu",FALSE,NA,"Ala/Glu (conf: 5)"
"Ala/Glu/Ala/Glu",5,418.1701145,10.90259487,"C16H26N4O9",13,"Ala.Glu.Ala.Glu",FALSE,NA,"Ala/Glu/Ala/Glu (conf: 5)"
"Ala/Glu/Arg/Arg/Arg",5,686.3948383,2.877352853,"C26H50N14O8",2,"Ala.Glu.Arg.Arg.Arg",FALSE,NA,"Ala/Glu/Arg/Arg/Arg (conf: 5)"
"Ala/Glu/Asp/Glu",7,462.1597024,14.22505734,"C17H26N4O11",6,"Ala.Glu.Asp.Glu",FALSE,NA,"Ala/Glu/Asp/Glu (conf: 7)"
"Ala/Glu/Glu/Gly",7,404.1544271,12.46080747,"C15H24N4O9",8,"Ala.Glu.Glu.Gly",FALSE,NA,"Ala/Glu/Glu/Gly (conf: 7)"
"Ala/Glu/Glu/Pro",5,444.1856521,11.76566345,"C18H28N4O9",3,"Ala.Glu.Glu.Pro",FALSE,NA,"Ala/Glu/Glu/Pro (conf: 5)"
"Ala/Glu/Glu/Thr/Thr",7,549.2273364,11.92003451,"C21H35N5O12",8,"Ala.Glu.Glu.Thr.Thr",FALSE,NA,"Ala/Glu/Glu/Thr/Thr (conf: 7)"
"Ala/Glu/His/His/His",5,629.2667004,5.21825002,"C26H35N11O8",1,"Ala.Glu.His.His.His",FALSE,NA,"Ala/Glu/His/His/His (conf: 5)"
"Ala/Glu/Ile/Ser",7,418.2064811,9.324580401,"C17H30N4O8",16,"Ala.Glu.Ile.Ser",FALSE,NA,"Ala/Glu/Ile/Ser (conf: 7)"
"Ala/Glu/Ile/Val",5,430.2429214,7.733109748,"C19H34N4O7",20,"Ala.Glu.Ile.Val",FALSE,NA,"Ala/Glu/Ile/Val (conf: 5)"
"Ala/Glu/Pro/Pro/Gln",5,540.2547347,7.923639131,"C23H36N6O9",3,"Ala.Glu.Pro.Pro.Gln",FALSE,NA,"Ala/Glu/Pro/Pro/Gln (conf: 5)"
"Ala/Gly/Arg",5,302.1703912,11.82393971,"C11H22N6O4",4,"Ala.Gly.Arg",FALSE,NA,"Ala/Gly/Arg (conf: 5)"
"Ala/Gly/Gly",7,203.0905213,8.666381064,"C7H13N3O4",6,"Ala.Gly.Gly",FALSE,NA,"Ala/Gly/Gly (conf: 7)"
"Ala/Gly/Gly/Pro",7,300.1434737,10.50448216,"C12H20N4O5",4,"Ala.Gly.Gly.Pro",FALSE,NA,"Ala/Gly/Gly/Pro (conf: 7)"
"Ala/Gly/Pro",5,243.1219679,8.415363829,"C10H17N3O4",4,"Ala.Gly.Pro",FALSE,NA,"Ala/Gly/Pro (conf: 5)"
"Ala/Gly/Pro/Pro",5,340.1746188,8.374477571,"C15H24N4O5",3,"Ala.Gly.Pro.Pro",FALSE,NA,"Ala/Gly/Pro/Pro (conf: 5)"
"Ala/Gly/Pro/Ser",5,330.1539787,10.6742339,"C13H22N4O6",7,"Ala.Gly.Pro.Ser",FALSE,NA,"Ala/Gly/Pro/Ser (conf: 5)"
"Ala/Gly/Tyr",5,309.1325348,12.82965243,"C14H19N3O5",5,"Ala.Gly.Tyr",FALSE,NA,"Ala/Gly/Tyr (conf: 5)"
"Ala/His",7,272.112118,11.56007932,"C9H14N4O3",4,"Ala.His",FALSE,NA,"Ala/His (conf: 7)"
"Ala/His/Asn/Pro/Ser",5,524.2335909,8.811829911,"C21H32N8O8",3,"Ala.His.Asn.Pro.Ser",FALSE,NA,"Ala/His/Asn/Pro/Ser (conf: 5)"
"Ala/His/His/Pro/Trp",5,646.298372,19.23708056,"C31H38N10O6",1,"Ala.His.His.Pro.Trp",FALSE,NA,"Ala/His/His/Pro/Trp (conf: 5)"
"Ala/Ile/Pro/Arg/Arg",7,611.3865671,2.317520575,"C26H49N11O6",2,"Ala.Ile.Pro.Arg.Arg",FALSE,NA,"Ala/Ile/Pro/Arg/Arg (conf: 7)"
"Ala/Leu/Ala/Cys",5,376.1782269,11.67676775,"C15H28N4O5S",17,"Ala.Leu.Ala.Cys",FALSE,NA,"Ala/Leu/Ala/Cys (conf: 5)"
"Ala/Leu/Ala/Pro",5,370.2214816,11.84689824,"C17H30N4O5",6,"Ala.Leu.Ala.Pro",FALSE,NA,"Ala/Leu/Ala/Pro (conf: 5)"
"Ala/Leu/Ala/Ser",7,360.2009378,8.954955213,"C15H28N4O6",17,"Ala.Leu.Ala.Ser",FALSE,NA,"Ala/Leu/Ala/Ser (conf: 7)"
"Ala/Leu/Ala/Tyr",5,436.2323558,7.457811337,"C21H32N4O6",16,"Ala.Leu.Ala.Tyr",FALSE,NA,"Ala/Leu/Ala/Tyr (conf: 5)"
"Ala/Leu/Asp/Asp",7,432.1857771,11.06141322,"C17H28N4O9",14,"Ala.Leu.Asp.Asp",FALSE,NA,"Ala/Leu/Asp/Asp (conf: 7)"
"Ala/Leu/Asp/Gly",5,374.1799017,11.0743383,"C15H26N4O7",25,"Ala.Leu.Asp.Gly",FALSE,NA,"Ala/Leu/Asp/Gly (conf: 5)"
"Ala/Leu/Cys/Gly",5,362.1629358,11.15399567,"C14H26N4O5S",16,"Ala.Leu.Cys.Gly",FALSE,NA,"Ala/Leu/Cys/Gly (conf: 5)"
"Ala/Leu/Gly/Gly",5,316.1747314,8.450244199,"C13H24N4O5",16,"Ala.Leu.Gly.Gly",FALSE,NA,"Ala/Leu/Gly/Gly (conf: 5)"
"Ala/Leu/Gly/Pro",7,356.2060773,9.102249987,"C16H28N4O5",10,"Ala.Leu.Gly.Pro",FALSE,NA,"Ala/Leu/Gly/Pro (conf: 7)"
"Ala/Leu/Gly/Ser",5,346.185116,11.79332076,"C14H26N4O6",21,"Ala.Leu.Gly.Ser",FALSE,NA,"Ala/Leu/Gly/Ser (conf: 5)"
"Ala/Leu/Pro/Pro",5,396.2374315,10.11156663,"C19H32N4O5",3,"Ala.Leu.Pro.Pro",FALSE,NA,"Ala/Leu/Pro/Pro (conf: 5)"
"Ala/Leu/Ser/Tyr",7,498.2327797,10.7817775,"C21H32N4O7",14,"Ala.Leu.Ser.Tyr",FALSE,NA,"Ala/Leu/Ser/Tyr (conf: 7)"
"Ala/Leu/Thr/Ala",5,374.2166115,11.7475909,"C16H30N4O6",17,"Ala.Leu.Thr.Ala",FALSE,NA,"Ala/Leu/Thr/Ala (conf: 5)"
"Ala/Leu/Thr/Ser",7,436.2171729,12.47087367,"C16H30N4O7",12,"Ala.Leu.Thr.Ser",FALSE,NA,"Ala/Leu/Thr/Ser (conf: 7)"
"Ala/Leu/Thr/Thr",5,404.2272297,11.7860325,"C17H32N4O7",8,"Ala.Leu.Thr.Thr",FALSE,NA,"Ala/Leu/Thr/Thr (conf: 5)"
"Ala/Leu/Thr/Tyr",5,466.2430212,7.355856341,"C22H34N4O7",9,"Ala.Leu.Thr.Tyr",FALSE,NA,"Ala/Leu/Thr/Tyr (conf: 5)"
"Ala/Leu/Val/Asp",5,416.2271383,8.428714818,"C18H32N4O7",21,"Ala.Leu.Val.Asp",FALSE,NA,"Ala/Leu/Val/Asp (conf: 5)"
"Ala/Leu/Val/Ser",5,388.2320605,9.605371234,"C17H32N4O6",18,"Ala.Leu.Val.Ser",FALSE,NA,"Ala/Leu/Val/Ser (conf: 5)"
"Ala/Leu/Val/Ser",7,388.2323434,11.16977009,"C17H32N4O6",18,"Ala.Leu.Val.Ser.1",FALSE,NA,"Ala/Leu/Val/Ser (conf: 7)"
"Ala/Lys/Asn/Thr/Tyr",5,595.2964935,6.648593576,"C26H41N7O9",7,"Ala.Lys.Asn.Thr.Tyr",FALSE,NA,"Ala/Lys/Asn/Thr/Tyr (conf: 5)"
"Ala/Lys/Asp/Asp",7,447.1965689,11.98273687,"C17H29N5O9",26,"Ala.Lys.Asp.Asp",FALSE,NA,"Ala/Lys/Asp/Asp (conf: 7)"
"Ala/Lys/Gln/Arg/Arg",5,657.4047368,4.002678742,"C26H51N13O7",1,"Ala.Lys.Gln.Arg.Arg",FALSE,NA,"Ala/Lys/Gln/Arg/Arg (conf: 5)"
"Ala/Lys/Gln/Thr/Tyr",5,609.3124866,6.070277932,"C27H43N7O9",5,"Ala.Lys.Gln.Thr.Tyr",FALSE,NA,"Ala/Lys/Gln/Thr/Tyr (conf: 5)"
"Ala/Lys/Gly/Tyr",5,437.2276901,12.24320079,"C20H31N5O6",8,"Ala.Lys.Gly.Tyr",FALSE,NA,"Ala/Lys/Gly/Tyr (conf: 5)"
"Ala/Lys/Lys/Val/Trp",7,666.3630375,2.198433324,"C31H50N8O6",5,"Ala.Lys.Lys.Val.Trp",FALSE,NA,"Ala/Lys/Lys/Val/Trp (conf: 7)"
"Ala/Lys/Ser/Ser/Ser",5,478.2390667,11.12290684,"C18H34N6O9",2,"Ala.Lys.Ser.Ser.Ser",FALSE,NA,"Ala/Lys/Ser/Ser/Ser (conf: 5)"
"Ala/Lys/Ser/Thr/Tyr",5,568.2862676,6.221388508,"C25H40N6O9",8,"Ala.Lys.Ser.Thr.Tyr",FALSE,NA,"Ala/Lys/Ser/Thr/Tyr (conf: 5)"
"Ala/Met/Ala/Asp",7,406.1515183,6.844293669,"C15H26N4O7S",16,"Ala.Met.Ala.Asp",FALSE,NA,"Ala/Met/Ala/Asp (conf: 7)"
"Ala/Met/Asn/Ser",5,421.1628669,11.54586375,"C15H27N5O7S",16,"Ala.Met.Asn.Ser",FALSE,NA,"Ala/Met/Asn/Ser (conf: 5)"
"Ala/Met/Asp/Cys",7,438.1243136,7.650408041,"C15H26N4O7S2",7,"Ala.Met.Asp.Cys",FALSE,NA,"Ala/Met/Asp/Cys (conf: 7)"
"Ala/Met/Cys/Cys",7,443.1339159,7.973114926,"C14H26N4O5S3",4,"Ala.Met.Cys.Cys",FALSE,NA,"Ala/Met/Cys/Cys (conf: 7)"
"Ala/Met/Gly/Pro",7,374.1625093,7.658113765,"C15H26N4O5S",6,"Ala.Met.Gly.Pro",FALSE,NA,"Ala/Met/Gly/Pro (conf: 7)"
"Ala/Met/Met/Gln",5,479.1878083,10.30745641,"C18H33N5O6S2",14,"Ala.Met.Met.Gln",FALSE,NA,"Ala/Met/Met/Gln (conf: 5)"
"Ala/Met/Met/Met/Arg",5,638.2702789,4.69644714,"C24H46N8O6S3",2,"Ala.Met.Met.Met.Arg",FALSE,NA,"Ala/Met/Met/Met/Arg (conf: 5)"
"Ala/Met/Met/Thr",5,452.1755164,11.114264,"C17H32N4O6S2",5,"Ala.Met.Met.Thr",FALSE,NA,"Ala/Met/Met/Thr (conf: 5)"
"Ala/Met/Phe/Gly",5,424.1775765,18.51752881,"C19H28N4O5S",6,"Ala.Met.Phe.Gly",FALSE,NA,"Ala/Met/Phe/Gly (conf: 5)"
"Ala/Met/Phe/Pro",5,464.209707,7.072171231,"C22H32N4O5S",4,"Ala.Met.Phe.Pro",FALSE,NA,"Ala/Met/Phe/Pro (conf: 5)"
"Ala/Met/Pro/Thr/Trp",5,604.2686401,8.605953544,"C28H40N6O7S",5,"Ala.Met.Pro.Thr.Trp",FALSE,NA,"Ala/Met/Pro/Thr/Trp (conf: 5)"
"Ala/Met/Pro/Tyr",5,480.2045805,8.188689659,"C22H32N4O6S",5,"Ala.Met.Pro.Tyr",FALSE,NA,"Ala/Met/Pro/Tyr (conf: 5)"
"Ala/Met/Pro/Val/Trp",5,602.2878366,12.66177821,"C29H42N6O6S",4,"Ala.Met.Pro.Val.Trp",FALSE,NA,"Ala/Met/Pro/Val/Trp (conf: 5)"
"Ala/Met/Thr/Gln",7,471.1761029,11.70910231,"C17H31N5O7S",26,"Ala.Met.Thr.Gln",FALSE,NA,"Ala/Met/Thr/Gln (conf: 7)"
"Ala/Phe/Ala/Ala",7,400.1720062,4.850399991,"C18H26N4O5",6,"Ala.Phe.Ala.Ala",FALSE,NA,"Ala/Phe/Ala/Ala (conf: 7)"
"Ala/Phe/Asn/Asn/Asn",7,578.2451343,4.764731045,"C24H34N8O9",3,"Ala.Phe.Asn.Asn.Asn",FALSE,NA,"Ala/Phe/Asn/Asn/Asn (conf: 7)"
"Ala/Phe/Thr/Asp",5,452.1909242,12.21800824,"C20H28N4O8",11,"Ala.Phe.Thr.Asp",FALSE,NA,"Ala/Phe/Thr/Asp (conf: 5)"
"Ala/Pro",5,186.1004294,10.94828389,"C8H14N2O3",2,"Ala.Pro",FALSE,NA,"Ala/Pro (conf: 5)"
"Ala/Pro",5,186.1004311,5.934404861,"C8H14N2O3",2,"Ala.Pro.1",FALSE,NA,"Ala/Pro (conf: 5)"
"Ala/Pro",5,186.1004424,7.359907565,"C8H14N2O3",2,"Ala.Pro.4",FALSE,NA,"Ala/Pro (conf: 5)"
"Ala/Pro",7,186.1004326,7.932326335,"C8H14N2O3",2,"Ala.Pro.2",FALSE,NA,"Ala/Pro (conf: 7)"
"Ala/Pro",7,186.1004371,9.402175838,"C8H14N2O3",2,"Ala.Pro.3",FALSE,NA,"Ala/Pro (conf: 7)"
"Ala/Pro/Pro",5,283.1531456,11.97095239,"C13H21N3O4",1,"Ala.Pro.Pro",FALSE,NA,"Ala/Pro/Pro (conf: 5)"
"Ala/Pro/Pro/Ser",5,370.1852904,9.209094464,"C16H26N4O6",3,"Ala.Pro.Pro.Ser",FALSE,NA,"Ala/Pro/Pro/Ser (conf: 5)"
"Ala/Pro/Ser",5,273.1324667,13.05792655,"C11H19N3O5",3,"Ala.Pro.Ser",FALSE,NA,"Ala/Pro/Ser (conf: 5)"
"Ala/Pro/Ser",5,273.1324969,7.754382728,"C11H19N3O5",3,"Ala.Pro.Ser.1",FALSE,NA,"Ala/Pro/Ser (conf: 5)"
"Ala/Ser/Ser/Ser",7,350.1439112,12.12513042,"C12H22N4O8",3,"Ala.Ser.Ser.Ser",FALSE,NA,"Ala/Ser/Ser/Ser (conf: 7)"
"Ala/Ser/Ser/Ser",7,386.1203599,12.78753206,"C12H22N4O8",3,"Ala.Ser.Ser.Ser.1",FALSE,NA,"Ala/Ser/Ser/Ser (conf: 7)"
"Ala/Ser/Ser/Ser/Thr",7,451.1915037,11.71102418,"C16H29N5O10",2,"Ala.Ser.Ser.Ser.Thr",FALSE,NA,"Ala/Ser/Ser/Ser/Thr (conf: 7)"
"Ala/Ser/Trp/Tyr/Tyr",7,688.284678,19.18348927,"C35H40N6O9",4,"Ala.Ser.Trp.Tyr.Tyr",FALSE,NA,"Ala/Ser/Trp/Tyr/Tyr (conf: 7)"
"Ala/Thr/Ala/Ala",5,332.1695813,12.47516827,"C13H24N4O6",19,"Ala.Thr.Ala.Ala",FALSE,NA,"Ala/Thr/Ala/Ala (conf: 5)"
"Ala/Thr/Ala/Pro",5,358.1852966,11.69507755,"C15H26N4O6",6,"Ala.Thr.Ala.Pro",FALSE,NA,"Ala/Thr/Ala/Pro (conf: 5)"
"Ala/Thr/Asp/Asp",5,420.1493315,12.13673853,"C15H24N4O10",7,"Ala.Thr.Asp.Asp",FALSE,NA,"Ala/Thr/Asp/Asp (conf: 5)"
"Ala/Thr/Asp/Gln",5,433.1811232,12.75374728,"C16H27N5O9",18,"Ala.Thr.Asp.Gln",FALSE,NA,"Ala/Thr/Asp/Gln (conf: 5)"
"Ala/Thr/Pro/Pro",5,384.2009075,13.5623461,"C17H28N4O6",2,"Ala.Thr.Pro.Pro",FALSE,NA,"Ala/Thr/Pro/Pro (conf: 5)"
"Ala/Thr/Pro/Ser",5,374.1800529,8.488964353,"C15H26N4O7",25,"Ala.Thr.Pro.Ser",FALSE,NA,"Ala/Thr/Pro/Ser (conf: 5)"
"Ala/Thr/Thr/Ala",7,362.1797109,10.93112305,"C14H26N4O7",13,"Ala.Thr.Thr.Ala",FALSE,NA,"Ala/Thr/Thr/Ala (conf: 7)"
"Ala/Thr/Thr/Pro",5,388.1951921,7.580906973,"C16H28N4O7",19,"Ala.Thr.Thr.Pro",FALSE,NA,"Ala/Thr/Thr/Pro (conf: 5)"
"Ala/Thr/Thr/Ser",5,378.1751782,10.29669312,"C14H26N4O8",6,"Ala.Thr.Thr.Ser",FALSE,NA,"Ala/Thr/Thr/Ser (conf: 5)"
"Ala/Thr/Val/Gly",5,346.1851708,9.281485617,"C14H26N4O6",21,"Ala.Thr.Val.Gly",FALSE,NA,"Ala/Thr/Val/Gly (conf: 5)"
"Ala/Trp/Trp/Gly",7,518.2283451,8.527169084,"C27H30N6O5",4,"Ala.Trp.Trp.Gly",FALSE,NA,"Ala/Trp/Trp/Gly (conf: 7)"
"Ala/Tyr",5,252.1110037,12.19613221,"C12H16N2O4",7,"Ala.Tyr",FALSE,NA,"Ala/Tyr (conf: 5)"
"Ala/Val/Ala/Pro",7,356.2060883,7.010130178,"C16H28N4O5",10,"Ala.Val.Ala.Pro",FALSE,NA,"Ala/Val/Ala/Pro (conf: 7)"
"Ala/Val/Asn/Pro",7,399.2120122,8.067892965,"C17H29N5O6",12,"Ala.Val.Asn.Pro",FALSE,NA,"Ala/Val/Asn/Pro (conf: 7)"
"Ala/Val/Asp/Ser",5,390.1751253,12.39762206,"C15H26N4O8",18,"Ala.Val.Asp.Ser",FALSE,NA,"Ala/Val/Asp/Ser (conf: 5)"
"Ala/Val/Gly/Pro",7,342.1904098,7.839952315,"C15H26N4O5",10,"Ala.Val.Gly.Pro",FALSE,NA,"Ala/Val/Gly/Pro (conf: 7)"
"Ala/Val/Gly/Ser",5,332.1695677,8.373933332,"C13H24N4O6",19,"Ala.Val.Gly.Ser",FALSE,NA,"Ala/Val/Gly/Ser (conf: 5)"
"Ala/Val/Pro/Pro",5,382.2216302,12.78902823,"C18H30N4O5",6,"Ala.Val.Pro.Pro",FALSE,NA,"Ala/Val/Pro/Pro (conf: 5)"
"Ala/Val/Val/Ser",5,374.2166082,14.05324763,"C16H30N4O6",17,"Ala.Val.Val.Ser",FALSE,NA,"Ala/Val/Val/Ser (conf: 5)"
"Alanine",8,89.04764396,9.628274077,"C3H7NO2",9,"Alanine",TRUE,"AA","Alanine (conf: 8)"
"Alatolide",5,350.1727918,3.014087361,"C19H26O6",7,"Alatolide",FALSE,NA,"Alatolide (conf: 5)"
"aldehydo-octose 8-phosphate",7,320.0509455,12.05736898,"C8H17O11P",4,"aldehydo.octose.8.phosphate",FALSE,NA,"aldehydo-octose 8-phosphate (conf: 7)"
"aldehydo-octose 8-phosphate",7,366.0560533,10.62976267,"C8H17O11P",4,"aldehydo.octose.8.phosphate.1",FALSE,NA,"aldehydo-octose 8-phosphate (conf: 7)"
"Aldicarb",5,190.0775685,6.164036753,"C7H14N2O2S",1,"Aldicarb",FALSE,NA,"Aldicarb (conf: 5)"
"Alepric acid",6,224.1777249,2.469533326,"C14H24O2",34,"Alepric.acid",FALSE,NA,"Alepric acid (conf: 6)"
"Alexine",5,189.1000153,9.121760215,"C8H15NO4",12,"Alexine",FALSE,NA,"Alexine (conf: 5)"
"all-trans-Carophyll yellow",7,460.3341031,2.45410486,"C32H44O2",1,"all.trans.Carophyll.yellow",FALSE,NA,"all-trans-Carophyll yellow (conf: 7)"
"Allantoic acid",8,198.0365418,10.27173515,"C4H8N4O4",1,"Allantoic.acid",FALSE,NA,"Allantoic acid (conf: 8)"
"Allantoin",8,158.0440509,8.454320693,"C4H6N4O3",1,"Allantoin",TRUE,"","Allantoin (conf: 8)"
"Allopurinol",7,136.0383416,6.649298358,"C5H4N4O",4,"Allopurinol",FALSE,NA,"Allopurinol (conf: 7)"
"Allopurinol",7,136.0384562,11.160564,"C5H4N4O",4,"Allopurinol.1",FALSE,NA,"Allopurinol (conf: 7)"
"Allura red AC",5,452.03568,12.87334235,"C18H16N2O8S2",1,"Allura.red.AC",FALSE,NA,"Allura red AC (conf: 5)"
"Allyl isothiocyanate",5,99.01418783,3.037482172,"C4H5NS",6,"Allyl.isothiocyanate",FALSE,NA,"Allyl isothiocyanate (conf: 5)"
"Allylcysteine",5,161.0510441,3.999330472,"C6H11NO2S",2,"Allylcysteine",FALSE,NA,"Allylcysteine (conf: 5)"
"Allysine",6,145.0738522,9.30497046,"C6H11NO3",13,"Allysine",FALSE,NA,"Allysine (conf: 6)"
"Allysine",8,145.0739255,8.34726615,"C6H11NO3",13,"Allysine.1",FALSE,NA,"Allysine (conf: 8)"
"aloenin",5,410.1220528,8.293989107,"C19H22O10",3,"aloenin",FALSE,NA,"aloenin (conf: 5)"
"alpha-(2,6-anhydro-3-deoxy-D-arabino-heptulopyranosid)onate 7-phosphate",5,272.0297849,11.96164144,"C7H13O9P",3,"alpha..2_6.anhydro.3.deoxy.D.arabino.heptulopyranosid.onate.7.phosphate",FALSE,NA,"alpha-(2,6-anhydro-3-deoxy-D-arabino-heptulopyranosid)onate 7-phosphate (conf: 5)"
"alpha-(2,6-anhydro-3-deoxy-D-arabino-heptulopyranosid)onate 7-phosphonate",7,258.0504723,8.363493663,"C7H15O8P",1,"alpha..2_6.anhydro.3.deoxy.D.arabino.heptulopyranosid.onate.7.phosphonate",FALSE,NA,"alpha-(2,6-anhydro-3-deoxy-D-arabino-heptulopyranosid)onate 7-phosphonate (conf: 7)"
"alpha-(Methoxyimino)-N-methyl-2-[[[1-[3-(trifluoromethyl)phenyl]ethoxy]imino]methyl]benzeneacetamide",5,407.1464289,8.930332193,"C20H20F3N3O3",1,"alpha..Methoxyimino..N.methyl.2....1..3..trifluoromethyl.phenyl.ethoxy.imino.methyl.benzeneacetamide",FALSE,NA,"alpha-(Methoxyimino)-N-methyl-2-[[[1-[3-(trifluoromethyl)phenyl]ethoxy]imino]methyl]benzeneacetamide (conf: 5)"
"alpha-(Methylenecyclopropyl)glycine",5,127.0632558,12.64319248,"C6H9NO2",11,"alpha..Methylenecyclopropyl.glycine",FALSE,NA,"alpha-(Methylenecyclopropyl)glycine (conf: 5)"
"alpha-(p-Methoxyphenyl)-6-methyl-2-pyridineacrylic acid",5,269.105156,7.045797133,"C16H15NO3",2,"alpha..p.Methoxyphenyl..6.methyl.2.pyridineacrylic.acid",FALSE,NA,"alpha-(p-Methoxyphenyl)-6-methyl-2-pyridineacrylic acid (conf: 5)"
"alpha-[3-(Nitrosoamino)propyl]-3-pyridinemethanol",5,195.1007232,4.432291388,"C9H13N3O2",1,"alpha..3..Nitrosoamino.propyl..3.pyridinemethanol",FALSE,NA,"alpha-[3-(Nitrosoamino)propyl]-3-pyridinemethanol (conf: 5)"
"alpha-abequopyranose",5,148.0735524,6.339659168,"C6H12O4",13,"alpha.abequopyranose",FALSE,NA,"alpha-abequopyranose (conf: 5)"
"alpha-Amino-gamma-oxalylaminobutyric acid",7,190.0589259,10.96095065,"C6H10N2O5",5,"alpha.Amino.gamma.oxalylaminobutyric.acid",FALSE,NA,"alpha-Amino-gamma-oxalylaminobutyric acid (conf: 7)"
"alpha-Amino-gamma-oxalylaminobutyric acid",7,190.0589841,12.20664543,"C6H10N2O5",5,"alpha.Amino.gamma.oxalylaminobutyric.acid.1",FALSE,NA,"alpha-Amino-gamma-oxalylaminobutyric acid (conf: 7)"
"alpha-Aminobutyric acid",9,103.0632547,8.826750938,"C4H9NO2",17,"alpha.Aminobutyric.acid",TRUE,"","alpha-Aminobutyric acid (conf: 9)"
"alpha-Aspartyl-L-hydroxyproline",5,246.085424,11.77892412,"C9H14N2O6",2,"alpha.Aspartyl.L.hydroxyproline",FALSE,NA,"alpha-Aspartyl-L-hydroxyproline (conf: 5)"
"alpha-Butyl-omega-hydroxypoly(oxyethylene) poly(oxypropylene)",7,248.198788,2.643036586,"C13H28O4",1,"alpha.Butyl.omega.hydroxypoly.oxyethylene..poly.oxypropylene.",FALSE,NA,"alpha-Butyl-omega-hydroxypoly(oxyethylene) poly(oxypropylene) (conf: 7)"
"alpha-CEHC glucuronide",5,454.1840638,6.412583888,"C22H30O10",1,"alpha.CEHC.glucuronide",FALSE,NA,"alpha-CEHC glucuronide (conf: 5)"
"alpha-D-desosamine",5,175.1207849,7.358044614,"C8H17NO3",3,"alpha.D.desosamine",FALSE,NA,"alpha-D-desosamine (conf: 5)"
"alpha-D-desosamine",5,175.1207909,7.711132796,"C8H17NO3",3,"alpha.D.desosamine.1",FALSE,NA,"alpha-D-desosamine (conf: 5)"
"alpha-D-desosamine",7,175.1208001,4.94066615,"C8H17NO3",3,"alpha.D.desosamine.2",FALSE,NA,"alpha-D-desosamine (conf: 7)"
"alpha-D-desosamine",7,175.1208051,9.226585503,"C8H17NO3",3,"alpha.D.desosamine.3",FALSE,NA,"alpha-D-desosamine (conf: 7)"
"alpha-D-desosamine",7,175.1208237,8.135999995,"C8H17NO3",3,"alpha.D.desosamine.4",FALSE,NA,"alpha-D-desosamine (conf: 7)"
"alpha-D-desosamine",7,192.1473584,6.808250662,"C8H17NO3",3,"alpha.D.desosamine.5",FALSE,NA,"alpha-D-desosamine (conf: 7)"
"alpha-D-Galactosyl-N-acetyllactosamine",5,545.1959029,10.70051375,"C20H35NO16",5,"alpha.D.Galactosyl.N.acetyllactosamine",FALSE,NA,"alpha-D-Galactosyl-N-acetyllactosamine (conf: 5)"
"alpha-D-Galactosyl-N-acetyllactosamine",5,545.1961247,8.419258626,"C20H35NO16",5,"alpha.D.Galactosyl.N.acetyllactosamine.1",FALSE,NA,"alpha-D-Galactosyl-N-acetyllactosamine (conf: 5)"
"alpha-D-Xylopyranosyl-(1->6)-beta-D-glucopyranosyl-(1->4)-D-glucose",5,474.1579141,11.12516917,"C17H30O15",3,"alpha.D.Xylopyranosyl..1..6..beta.D.glucopyranosyl..1..4..D.glucose",FALSE,NA,"alpha-D-Xylopyranosyl-(1->6)-beta-D-glucopyranosyl-(1->4)-D-glucose (conf: 5)"
"Alpha-dihydroartemisinin",7,284.1623669,2.913405913,"C15H24O5",3,"Alpha.dihydroartemisinin",FALSE,NA,"Alpha-dihydroartemisinin (conf: 7)"
"alpha-GlcADAG(18:1/16:0)",5,770.5553035,2.287172988,"C43H78O11",1,"alpha.GlcADAG.18.1.16.0.",FALSE,NA,"alpha-GlcADAG(18:1/16:0) (conf: 5)"
"alpha-glutamyl-L-hydroxyproline",5,260.100935,10.17298847,"C10H16N2O6",3,"alpha.glutamyl.L.hydroxyproline",FALSE,NA,"alpha-glutamyl-L-hydroxyproline (conf: 5)"
"alpha-Irone",7,206.1669933,2.610672596,"C14H22O",13,"alpha.Irone",FALSE,NA,"alpha-Irone (conf: 7)"
"Alpha-Lactose",8,342.1161967,10.96032157,"C12H22O11",29,"Alpha.Lactose",FALSE,NA,"Alpha-Lactose (conf: 8)"
"Alpha-Lactose",8,364.0982664,10.54085651,"C12H22O11",29,"Alpha.Lactose.1",FALSE,NA,"Alpha-Lactose (conf: 8)"
"alpha-Methylstyrene",5,118.0781738,2.660373105,"C9H10",2,"alpha.Methylstyrene",FALSE,NA,"alpha-Methylstyrene (conf: 5)"
"alpha-oxo-1-carboxy-4-tetrahydrothiopyranpropanoate S-oxide",7,265.0620586,12.18832012,"C9H12O6S",2,"alpha.oxo.1.carboxy.4.tetrahydrothiopyranpropanoate.S.oxide",FALSE,NA,"alpha-oxo-1-carboxy-4-tetrahydrothiopyranpropanoate S-oxide (conf: 7)"
"alpha-oxo-1-carboxy-5,6-dihydrothiopyranpropanoate S-oxide",7,246.0198484,10.67811956,"C9H10O6S",11,"alpha.oxo.1.carboxy.5_6.dihydrothiopyranpropanoate.S.oxide",FALSE,NA,"alpha-oxo-1-carboxy-5,6-dihydrothiopyranpropanoate S-oxide (conf: 7)"
"alpha-oxo-1-carboxy-5,6-dihydrothiopyranpropanoate S-oxide",7,246.0198602,9.361104575,"C9H10O6S",11,"alpha.oxo.1.carboxy.5_6.dihydrothiopyranpropanoate.S.oxide.1",FALSE,NA,"alpha-oxo-1-carboxy-5,6-dihydrothiopyranpropanoate S-oxide (conf: 7)"
"alpha,beta-Dihydroxyethyl-TPP",5,484.0573126,12.44112389,"C14H22N4O9P2S",1,"alpha_beta.Dihydroxyethyl.TPP",FALSE,NA,"alpha,beta-Dihydroxyethyl-TPP (conf: 5)"
"AMAA",5,172.0483639,7.249504954,"C6H8N2O4",3,"AMAA",FALSE,NA,"AMAA (conf: 5)"
"Amaryllisine",5,317.1629403,7.906234397,"C18H23NO4",15,"Amaryllisine",FALSE,NA,"Amaryllisine (conf: 5)"
"amiclenomycin",5,196.1211687,8.242727973,"C10H16N2O2",4,"amiclenomycin",FALSE,NA,"amiclenomycin (conf: 5)"
"Amidosulfonic acid",7,96.98336722,9.088110614,"H3NO3S",1,"Amidosulfonic.acid",FALSE,NA,"Amidosulfonic acid (conf: 7)"
"Aminoacetone",6,73.05281522,5.609655384,"C3H7NO",8,"Aminoacetone",FALSE,NA,"Aminoacetone (conf: 6)"
"Aminoadipic acid",10,161.0687914,10.42290751,"C6H11NO4",12,"Aminoadipic.acid",TRUE,"","Aminoadipic acid (conf: 10)"
"AminoDHQ",5,189.0637513,11.83806507,"C7H11NO5",5,"AminoDHQ",FALSE,NA,"AminoDHQ (conf: 5)"
"Aminofurantoin",7,208.0598704,4.699777527,"C8H8N4O3",1,"Aminofurantoin",FALSE,NA,"Aminofurantoin (conf: 7)"
"Aminohydroquinone",5,125.0476129,3.926194624,"C6H7NO2",6,"Aminohydroquinone",FALSE,NA,"Aminohydroquinone (conf: 5)"
"aminononanoic acid",5,173.1415668,3.76459353,"C9H19NO2",4,"aminononanoic.acid",FALSE,NA,"aminononanoic acid (conf: 5)"
"Amiodarone",5,645.0228485,11.43375058,"C25H29I2NO3",1,"Amiodarone",FALSE,NA,"Amiodarone (conf: 5)"
"AMP-Mor",7,416.1207962,5.721112281,"C14H21N6O7P",1,"AMP.Mor",FALSE,NA,"AMP-Mor (conf: 7)"
"AMPA",5,186.0640759,10.83064024,"C7H10N2O4",4,"AMPA",FALSE,NA,"AMPA (conf: 5)"
"Amrinone",7,223.051467,4.663659773,"C10H9N3O",1,"Amrinone",FALSE,NA,"Amrinone (conf: 7)"
"an 11-hydroxyjasmonate sulfate",5,306.0772954,6.513006311,"C12H18O7S",2,"an.11.hydroxyjasmonate.sulfate",FALSE,NA,"an 11-hydroxyjasmonate sulfate (conf: 5)"
"an 11-hydroxyjasmonate sulfate",7,306.0774195,12.9994765,"C12H18O7S",2,"an.11.hydroxyjasmonate.sulfate.1",FALSE,NA,"an 11-hydroxyjasmonate sulfate (conf: 7)"
"Anantine",7,289.0985368,2.830790219,"C15H15N3O",1,"Anantine",FALSE,NA,"Anantine (conf: 7)"
"Anatalline",7,275.1192785,5.347362667,"C15H17N3",1,"Anatalline",FALSE,NA,"Anatalline (conf: 7)"
"Anatalline",7,275.1193658,7.700953583,"C15H17N3",1,"Anatalline.1",FALSE,NA,"Anatalline (conf: 7)"
"ancymidol",5,256.1211651,2.977187626,"C15H16N2O2",3,"ancymidol",FALSE,NA,"ancymidol (conf: 5)"
"Androstanediol",5,292.2401983,2.531161835,"C19H32O2",15,"Androstanediol",FALSE,NA,"Androstanediol (conf: 5)"
"Androsterone",7,290.2246462,2.503645677,"C19H30O2",20,"Androsterone",FALSE,NA,"Androsterone (conf: 7)"
"Angelic acid",5,100.0523763,8.684809137,"C5H8O2",22,"Angelic.acid",FALSE,NA,"Angelic acid (conf: 5)"
"anhydroretinol",5,268.2191513,2.358514352,"C20H28",1,"anhydroretinol",FALSE,NA,"anhydroretinol (conf: 5)"
"Anisatin",7,328.1158536,5.090983303,"C15H20O8",7,"Anisatin",FALSE,NA,"Anisatin (conf: 7)"
"Anisomycin",7,265.1314614,4.916659677,"C14H19NO4",4,"Anisomycin",FALSE,NA,"Anisomycin (conf: 7)"
"Antirrhinoside",7,362.1212083,4.829737942,"C15H22O10",2,"Antirrhinoside",FALSE,NA,"Antirrhinoside (conf: 7)"
"Aphylline",7,248.1888434,5.822578004,"C15H24N2O",3,"Aphylline",FALSE,NA,"Aphylline (conf: 7)"
"Apigenin 7-sulfate",5,350.0094669,2.714958033,"C15H10O8S",7,"Apigenin.7.sulfate",FALSE,NA,"Apigenin 7-sulfate (conf: 5)"
"Apigenin 7-sulfate",7,350.0095892,4.016158619,"C15H10O8S",7,"Apigenin.7.sulfate.1",FALSE,NA,"Apigenin 7-sulfate (conf: 7)"
"Apigeninidin",5,254.0578511,5.00171071,"C15H10O4",31,"Apigeninidin",FALSE,NA,"Apigeninidin (conf: 5)"
"Apiin",5,564.1490041,9.499700984,"C26H28O14",10,"Apiin",FALSE,NA,"Apiin (conf: 5)"
"Apiole",7,222.0891316,2.696029556,"C12H14O4",24,"Apiole",FALSE,NA,"Apiole (conf: 7)"
"arabino-1,4-lactone 5-phosphate",7,228.0037387,8.314751162,"C5H9O8P",3,"arabino.1_4.lactone.5.phosphate",FALSE,NA,"arabino-1,4-lactone 5-phosphate (conf: 7)"
"Arabinonate",6,166.0477729,8.484935982,"C5H10O6",3,"Arabinonate",FALSE,NA,"Arabinonate (conf: 6)"
"Arabinonate",8,166.0478517,9.046381731,"C5H10O6",3,"Arabinonate.1",FALSE,NA,"Arabinonate (conf: 8)"
"Arabinono-1,4-lactone",6,148.0371888,7.126103194,"C5H8O5",15,"Arabinono.1_4.lactone",FALSE,NA,"Arabinono-1,4-lactone (conf: 6)"
"Arabinose",6,150.0527906,6.276652188,"C5H10O5",15,"Arabinose",FALSE,NA,"Arabinose (conf: 6)"
"Arachidic acid",8,312.3028292,2.358198917,"C20H40O2",27,"Arachidic.acid",FALSE,NA,"Arachidic acid (conf: 8)"
"Arachidonic acid",6,304.2402413,2.396314518,"C20H32O2",61,"Arachidonic.acid",FALSE,NA,"Arachidonic acid (conf: 6)"
"Arbutin",6,272.0897977,5.748788173,"C12H16O7",1,"Arbutin",FALSE,NA,"Arbutin (conf: 6)"
"archaeosine",7,370.1241854,7.882884962,"C12H16N6O5",1,"archaeosine",FALSE,NA,"archaeosine (conf: 7)"
"Arctigenin",5,372.1570941,2.285389657,"C21H24O6",41,"Arctigenin",FALSE,NA,"Arctigenin (conf: 5)"
"Arecoline",5,155.0945884,4.421560767,"C8H13NO2",5,"Arecoline",FALSE,NA,"Arecoline (conf: 5)"
"Arecoline",7,172.1211139,4.075142771,"C8H13NO2",5,"Arecoline.1",FALSE,NA,"Arecoline (conf: 7)"
"Arg-OEt",7,202.1429348,15.20162708,"C8H18N4O2",3,"Arg.OEt",FALSE,NA,"Arg-OEt (conf: 7)"
"Arg/Asp/Asp/Tyr",5,567.2281092,25.38969339,"C23H33N7O10",8,"Arg.Asp.Asp.Tyr",FALSE,NA,"Arg/Asp/Asp/Tyr (conf: 5)"
"Arg/Met/Phe/Trp",5,638.3005805,19.24563467,"C31H42N8O5S",2,"Arg.Met.Phe.Trp",FALSE,NA,"Arg/Met/Phe/Trp (conf: 5)"
"Arg/Met/Ser/His",5,529.2420515,12.5682271,"C20H35N9O6S",2,"Arg.Met.Ser.His",FALSE,NA,"Arg/Met/Ser/His (conf: 5)"
"Arg/Met/Thr/Gln",5,534.2589632,18.00329892,"C20H38N8O7S",10,"Arg.Met.Thr.Gln",FALSE,NA,"Arg/Met/Thr/Gln (conf: 5)"
"Arg/Thr/Trp/Trp/Tyr",5,810.3818716,11.39209638,"C41H50N10O8",1,"Arg.Thr.Trp.Trp.Tyr",FALSE,NA,"Arg/Thr/Trp/Trp/Tyr (conf: 5)"
"Arginine",10,174.1116555,18.50724179,"C6H14N4O2",1,"Arginine",TRUE,"AA","Arginine (conf: 10)"
"Argininic acid",7,175.0957134,10.24815543,"C6H13N3O3",3,"Argininic.acid",FALSE,NA,"Argininic acid (conf: 7)"
"Arginyl-Hydroxyproline",5,287.1594361,10.51257752,"C11H21N5O4",2,"Arginyl.Hydroxyproline",FALSE,NA,"Arginyl-Hydroxyproline (conf: 5)"
"Argyrolobine",5,262.1681803,4.431501048,"C15H22N2O2",2,"Argyrolobine",FALSE,NA,"Argyrolobine (conf: 5)"
"Armillatin",7,656.4293189,2.401927415,"C38H58O6",1,"Armillatin",FALSE,NA,"Armillatin (conf: 7)"
"Artocommunol CA",5,432.156501,4.741186192,"C26H24O6",1,"Artocommunol.CA",FALSE,NA,"Artocommunol CA (conf: 5)"
"Artoindonesianin A",5,570.2616235,5.825898865,"C35H38O7",1,"Artoindonesianin.A",FALSE,NA,"Artoindonesianin A (conf: 5)"
"Artomunoxanthentrione",7,444.1209356,5.443160191,"C26H20O7",1,"Artomunoxanthentrione",FALSE,NA,"Artomunoxanthentrione (conf: 7)"
"Asc.",5,175.0242621,6.727025262,"C6H7O6",1,"Asc.",FALSE,NA,"Asc. (conf: 5)"
"Asc.",5,175.0243755,9.390752956,"C6H7O6",1,"Asc..1",FALSE,NA,"Asc. (conf: 5)"
"Asc.",5,175.0245323,5.79850178,"C6H7O6",1,"Asc..2",FALSE,NA,"Asc. (conf: 5)"
"Ascaroside C3",5,220.0947933,10.13271458,"C9H16O6",1,"Ascaroside.C3",FALSE,NA,"Ascaroside C3 (conf: 5)"
"Ascorbalamic acid",5,263.064109,11.64494888,"C9H13NO8",1,"Ascorbalamic.acid",FALSE,NA,"Ascorbalamic acid (conf: 5)"
"Ascorbate",6,176.0320353,13.33769882,"C6H8O6",16,"Ascorbate.1",FALSE,NA,"Ascorbate (conf: 6)"
"Ascorbate",8,176.0320321,9.391085323,"C6H8O6",16,"Ascorbate",FALSE,NA,"Ascorbate (conf: 8)"
"Ascorbate 2-sulfate",7,255.9888957,11.9140437,"C6H8O9S",3,"Ascorbate.2.sulfate",FALSE,NA,"Ascorbate 2-sulfate (conf: 7)"
"Ascorbate 6-phosphate",8,255.9985093,13.56017873,"C6H9O9P",2,"Ascorbate.6.phosphate",FALSE,NA,"Ascorbate 6-phosphate (conf: 8)"
"ascr#11",5,234.110331,9.933470925,"C10H18O6",1,"ascr.11",FALSE,NA,"ascr#11 (conf: 5)"
"ascr#11",5,234.110386,9.274237093,"C10H18O6",1,"ascr.11.1",FALSE,NA,"ascr#11 (conf: 5)"
"ascr#11",7,234.1104333,8.292876853,"C10H18O6",1,"ascr.11.2",FALSE,NA,"ascr#11 (conf: 7)"
"ascr#11",7,280.1160177,5.524969517,"C10H18O6",1,"ascr.11.3",FALSE,NA,"ascr#11 (conf: 7)"
"ascr#13",5,288.1572658,3.027041404,"C14H24O6",1,"ascr.13",FALSE,NA,"ascr#13 (conf: 5)"
"ascr#17",7,347.2308525,5.426631621,"C17H30O6",2,"ascr.17",FALSE,NA,"ascr#17 (conf: 7)"
"ascr#22",7,360.2510839,2.781183862,"C19H36O6",2,"ascr.22",FALSE,NA,"ascr#22 (conf: 7)"
"ascr#24",5,374.2666882,2.765178484,"C20H38O6",2,"ascr.24",FALSE,NA,"ascr#24 (conf: 5)"
"ascr#4",5,408.1996211,3.023618581,"C18H32O10",1,"ascr.4",FALSE,NA,"ascr#4 (conf: 5)"
"ascr#6.1",5,248.1623831,3.022692486,"C12H24O5",2,"ascr.6.1",FALSE,NA,"ascr#6.1 (conf: 5)"
"ascr#7",5,274.1416236,11.05221669,"C13H22O6",2,"ascr.7",FALSE,NA,"ascr#7 (conf: 5)"
"Asn/Arg",5,288.1546881,11.62898626,"C10H20N6O4",3,"Asn.Arg",FALSE,NA,"Asn/Arg (conf: 5)"
"Asn/Asn/Asn/Arg/Tyr",5,679.3044669,2.434482157,"C27H41N11O10",1,"Asn.Asn.Asn.Arg.Tyr",FALSE,NA,"Asn/Asn/Asn/Arg/Tyr (conf: 5)"
"Asn/Asn/Asn/Tyr",7,559.1784606,7.211637335,"C21H29N7O9",2,"Asn.Asn.Asn.Tyr",FALSE,NA,"Asn/Asn/Asn/Tyr (conf: 7)"
"Asn/Asn/Asp/Tyr",5,524.1856767,10.8383417,"C21H28N6O10",3,"Asn.Asn.Asp.Tyr",FALSE,NA,"Asn/Asn/Asp/Tyr (conf: 5)"
"Asn/Asp/Asp/Ser",7,471.121758,11.92367305,"C15H23N5O11",3,"Asn.Asp.Asp.Ser",FALSE,NA,"Asn/Asp/Asp/Ser (conf: 7)"
"Asn/Asp/Asp/Tyr",7,525.1697001,9.176176547,"C21H27N5O11",3,"Asn.Asp.Asp.Tyr",FALSE,NA,"Asn/Asp/Asp/Tyr (conf: 7)"
"Asn/Asp/Gly/Pro",5,401.1548759,12.83703855,"C15H23N5O8",3,"Asn.Asp.Gly.Pro",FALSE,NA,"Asn/Asp/Gly/Pro (conf: 5)"
"Asn/Cys/Cys/Gln",5,466.1298832,10.12727935,"C15H26N6O7S2",4,"Asn.Cys.Cys.Gln",FALSE,NA,"Asn/Cys/Cys/Gln (conf: 5)"
"Asn/Cys/Pro/Ser",5,419.1474564,10.94808702,"C15H25N5O7S",3,"Asn.Cys.Pro.Ser",FALSE,NA,"Asn/Cys/Pro/Ser (conf: 5)"
"Asn/Gly/Pro",5,286.1277408,11.25045629,"C11H18N4O5",4,"Asn.Gly.Pro",FALSE,NA,"Asn/Gly/Pro (conf: 5)"
"Asn/Gly/Pro/His",7,423.186017,11.28935522,"C17H25N7O6",4,"Asn.Gly.Pro.His",FALSE,NA,"Asn/Gly/Pro/His (conf: 7)"
"Asn/His",5,269.1123904,16.79163091,"C10H15N5O4",4,"Asn.His",FALSE,NA,"Asn/His (conf: 5)"
"Asn/Leu/Val/Tyr",7,507.2683402,7.474564353,"C24H37N5O7",25,"Asn.Leu.Val.Tyr",FALSE,NA,"Asn/Leu/Val/Tyr (conf: 7)"
"Asn/Lys/Gly/Ser",5,404.202012,25.34886553,"C15H28N6O7",4,"Asn.Lys.Gly.Ser",FALSE,NA,"Asn/Lys/Gly/Ser (conf: 5)"
"Asn/Met/Cys/Gln",5,494.1609762,9.19205684,"C17H30N6O7S2",6,"Asn.Met.Cys.Gln",FALSE,NA,"Asn/Met/Cys/Gln (conf: 5)"
"Asn/Met/Cys/Gln",7,494.1618794,7.806155108,"C17H30N6O7S2",6,"Asn.Met.Cys.Gln.1",FALSE,NA,"Asn/Met/Cys/Gln (conf: 7)"
"Asn/Met/Gln/Gln",5,519.2101626,9.505909342,"C19H33N7O8S",10,"Asn.Met.Gln.Gln",FALSE,NA,"Asn/Met/Gln/Gln (conf: 5)"
"Asn/Met/Gln/Tyr",5,554.2150598,8.014593545,"C23H34N6O8S",10,"Asn.Met.Gln.Tyr",FALSE,NA,"Asn/Met/Gln/Tyr (conf: 5)"
"Asn/Met/Gly/Ser",7,429.1291996,8.382286212,"C14H25N5O7S",10,"Asn.Met.Gly.Ser",FALSE,NA,"Asn/Met/Gly/Ser (conf: 7)"
"Asn/Met/Phe/Gln",7,538.2200017,7.936386535,"C23H34N6O7S",6,"Asn.Met.Phe.Gln",FALSE,NA,"Asn/Met/Phe/Gln (conf: 7)"
"Asn/Met/Thr/Tyr",5,527.2052248,11.64855536,"C22H33N5O8S",14,"Asn.Met.Thr.Tyr",FALSE,NA,"Asn/Met/Thr/Tyr (conf: 5)"
"Asn/Phe/Asn/Asp",5,508.1908401,10.19081466,"C21H28N6O9",3,"Asn.Phe.Asn.Asp",FALSE,NA,"Asn/Phe/Asn/Asp (conf: 5)"
"Asn/Phe/Asn/Asp",5,508.1913321,7.085927012,"C21H28N6O9",3,"Asn.Phe.Asn.Asp.1",FALSE,NA,"Asn/Phe/Asn/Asp (conf: 5)"
"Asn/Phe/Asp/Cys",5,497.1571123,8.487296549,"C20H27N5O8S",3,"Asn.Phe.Asp.Cys",FALSE,NA,"Asn/Phe/Asp/Cys (conf: 5)"
"Asn/Pro",5,229.1062688,9.019526853,"C9H15N3O4",3,"Asn.Pro",FALSE,NA,"Asn/Pro (conf: 5)"
"Asn/Pro",5,229.1062921,7.521557261,"C9H15N3O4",3,"Asn.Pro.1",FALSE,NA,"Asn/Pro (conf: 5)"
"Asn/Pro/Pro",5,326.1590542,9.158394895,"C14H22N4O5",3,"Asn.Pro.Pro",FALSE,NA,"Asn/Pro/Pro (conf: 5)"
"Asn/Pro/Ser",5,316.1384393,11.67925487,"C12H20N4O6",4,"Asn.Pro.Ser",FALSE,NA,"Asn/Pro/Ser (conf: 5)"
"Asn/Ser/Thr/Thr/Tyr",5,584.2446278,10.247969,"C24H36N6O11",4,"Asn.Ser.Thr.Thr.Tyr",FALSE,NA,"Asn/Ser/Thr/Thr/Tyr (conf: 5)"
"Asn/Thr/Cys/Pro",5,433.1633493,10.15420186,"C16H27N5O7S",6,"Asn.Thr.Cys.Pro",FALSE,NA,"Asn/Thr/Cys/Pro (conf: 5)"
"Asn/Val/Asn/Gly",7,402.1864721,9.21044587,"C15H26N6O7",9,"Asn.Val.Asn.Gly",FALSE,NA,"Asn/Val/Asn/Gly (conf: 7)"
"Asn/Val/Asp/Tyr",5,509.2124632,12.82613948,"C22H31N5O9",17,"Asn.Val.Asp.Tyr",FALSE,NA,"Asn/Val/Asp/Tyr (conf: 5)"
"Asp/Arg/Ser/Ser/Tyr",5,626.2661871,7.124563809,"C25H38N8O11",7,"Asp.Arg.Ser.Ser.Tyr",FALSE,NA,"Asp/Arg/Ser/Ser/Tyr (conf: 5)"
"Asp/Asn/Pro/Pro/Thr",5,542.2341275,8.951118908,"C22H34N6O10",3,"Asp.Asn.Pro.Pro.Thr",FALSE,NA,"Asp/Asn/Pro/Pro/Thr (conf: 5)"
"Asp/Asn/Ser/Ser/Thr",5,522.1914093,9.762590698,"C18H30N6O12",3,"Asp.Asn.Ser.Ser.Thr",FALSE,NA,"Asp/Asn/Ser/Ser/Thr (conf: 5)"
"Asp/Asp/Asn/Pro/Ser",5,546.1923766,12.27045106,"C20H30N6O12",1,"Asp.Asp.Asn.Pro.Ser",FALSE,NA,"Asp/Asp/Asn/Pro/Ser (conf: 5)"
"Asp/Asp/Asp/Arg/Trp",5,705.2712145,5.871407496,"C29H39N9O12",1,"Asp.Asp.Asp.Arg.Trp",FALSE,NA,"Asp/Asp/Asp/Arg/Trp (conf: 5)"
"Asp/Asp/Asp/Gly/His",5,557.1726644,11.29150121,"C20H27N7O12",1,"Asp.Asp.Asp.Gly.His.1",FALSE,NA,"Asp/Asp/Asp/Gly/His (conf: 5)"
"Asp/Asp/Asp/Gly/His",7,557.1726319,10.88843272,"C20H27N7O12",1,"Asp.Asp.Asp.Gly.His",FALSE,NA,"Asp/Asp/Asp/Gly/His (conf: 7)"
"Asp/Asp/Asp/Pro/Ser",5,547.1754848,11.84755866,"C20H29N5O13",1,"Asp.Asp.Asp.Pro.Ser",FALSE,NA,"Asp/Asp/Asp/Pro/Ser (conf: 5)"
"Asp/Asp/Asp/Pro/Thr",5,561.1910268,9.449582653,"C21H31N5O13",2,"Asp.Asp.Asp.Pro.Thr",FALSE,NA,"Asp/Asp/Asp/Pro/Thr (conf: 5)"
"Asp/Asp/Asp/Pro/Tyr",7,645.1887697,11.65839304,"C26H33N5O13",1,"Asp.Asp.Asp.Pro.Tyr",FALSE,NA,"Asp/Asp/Asp/Pro/Tyr (conf: 7)"
"Asp/Asp/Asp/Tyr/Tyr",5,689.2175536,12.32083386,"C30H35N5O14",1,"Asp.Asp.Asp.Tyr.Tyr",FALSE,NA,"Asp/Asp/Asp/Tyr/Tyr (conf: 5)"
"Asp/Asp/Cys/Cys",7,454.0830505,12.03957727,"C14H22N4O9S2",2,"Asp.Asp.Cys.Cys",FALSE,NA,"Asp/Asp/Cys/Cys (conf: 7)"
"Asp/Asp/Glu/Arg/Tyr",5,696.2710551,19.16642456,"C28H40N8O13",1,"Asp.Asp.Glu.Arg.Tyr",FALSE,NA,"Asp/Asp/Glu/Arg/Tyr (conf: 5)"
"Asp/Asp/Glu/Ile/Thr",5,591.239034,8.585918274,"C23H37N5O13",6,"Asp.Asp.Glu.Ile.Thr",FALSE,NA,"Asp/Asp/Glu/Ile/Thr (conf: 5)"
"Asp/Asp/Glu/Leu/Val",7,589.2601443,8.673869871,"C24H39N5O12",8,"Asp.Asp.Glu.Leu.Val",FALSE,NA,"Asp/Asp/Glu/Leu/Val (conf: 7)"
"Asp/Asp/Glu/Met/Gln",5,636.2059065,5.166570246,"C23H36N6O13S",3,"Asp.Asp.Glu.Met.Gln",FALSE,NA,"Asp/Asp/Glu/Met/Gln (conf: 5)"
"Asp/Asp/Glu/Ser/Ser",5,551.1700785,12.78644132,"C19H29N5O14",2,"Asp.Asp.Glu.Ser.Ser",FALSE,NA,"Asp/Asp/Glu/Ser/Ser (conf: 5)"
"Asp/Asp/Glu/Thr/Thr",7,579.2018184,9.004146532,"C21H33N5O14",3,"Asp.Asp.Glu.Thr.Thr",FALSE,NA,"Asp/Asp/Glu/Thr/Thr (conf: 7)"
"Asp/Asp/Gly/Asn/Pro",5,516.1815048,21.06965595,"C19H28N6O11",1,"Asp.Asp.Gly.Asn.Pro",FALSE,NA,"Asp/Asp/Gly/Asn/Pro (conf: 5)"
"Asp/Asp/Gly/His/Arg",7,598.2448961,2.516749424,"C22H34N10O10",3,"Asp.Asp.Gly.His.Arg",FALSE,NA,"Asp/Asp/Gly/His/Arg (conf: 7)"
"Asp/Asp/Gly/Pro",5,402.1387229,11.77738391,"C15H22N4O9",1,"Asp.Asp.Gly.Pro",FALSE,NA,"Asp/Asp/Gly/Pro (conf: 5)"
"Asp/Asp/Gly/Pro/Gln",7,566.1742286,10.41216666,"C20H30N6O11",3,"Asp.Asp.Gly.Pro.Gln",FALSE,NA,"Asp/Asp/Gly/Pro/Gln (conf: 7)"
"Asp/Asp/Gly/Trp/Trp",5,677.2451286,5.021682757,"C32H35N7O10",1,"Asp.Asp.Gly.Trp.Trp",FALSE,NA,"Asp/Asp/Gly/Trp/Trp (conf: 5)"
"Asp/Asp/His/His/Gln",7,672.2232911,4.605148875,"C25H34N10O11",2,"Asp.Asp.His.His.Gln",FALSE,NA,"Asp/Asp/His/His/Gln (conf: 7)"
"Asp/Asp/His/Ile/Arg",5,654.3090661,2.278996667,"C26H42N10O10",5,"Asp.Asp.His.Ile.Arg",FALSE,NA,"Asp/Asp/His/Ile/Arg (conf: 5)"
"Asp/Asp/His/Leu/Val",5,597.2764674,7.617333862,"C25H39N7O10",7,"Asp.Asp.His.Leu.Val",FALSE,NA,"Asp/Asp/His/Leu/Val (conf: 5)"
"Asp/Asp/His/Met/Trp",5,702.2435712,6.31901187,"C30H38N8O10S",2,"Asp.Asp.His.Met.Trp",FALSE,NA,"Asp/Asp/His/Met/Trp (conf: 5)"
"Asp/Asp/Lys/Gln/Arg",7,660.319691,10.13703325,"C25H44N10O11",3,"Asp.Asp.Lys.Gln.Arg",FALSE,NA,"Asp/Asp/Lys/Gln/Arg (conf: 7)"
"Asp/Asp/Met/Asn/Arg",5,649.2476998,5.230989238,"C23H39N9O11S",3,"Asp.Asp.Met.Asn.Arg",FALSE,NA,"Asp/Asp/Met/Asn/Arg (conf: 5)"
"Asp/Asp/Met/Pro/Tyr",5,639.2209719,9.702749388,"C27H37N5O11S",2,"Asp.Asp.Met.Pro.Tyr",FALSE,NA,"Asp/Asp/Met/Pro/Tyr (conf: 5)"
"Asp/Asp/Met/Ser/Ser",5,553.1691358,2.443857609,"C19H31N5O12S",4,"Asp.Asp.Met.Ser.Ser",FALSE,NA,"Asp/Asp/Met/Ser/Ser (conf: 5)"
"Asp/Asp/Pro/His",5,482.1751885,12.22608965,"C19H26N6O9",2,"Asp.Asp.Pro.His",FALSE,NA,"Asp/Asp/Pro/His (conf: 5)"
"Asp/Asp/Thr/Thr/Thr",5,551.2071789,8.289943339,"C20H33N5O13",3,"Asp.Asp.Thr.Thr.Thr",FALSE,NA,"Asp/Asp/Thr/Thr/Thr (conf: 5)"
"Asp/Cys",5,236.0465917,11.34508678,"C7H12N2O5S",2,"Asp.Cys",FALSE,NA,"Asp/Cys (conf: 5)"
"Asp/Cys/Cys/Gln",7,467.1146823,11.91441265,"C15H25N5O8S2",6,"Asp.Cys.Cys.Gln",FALSE,NA,"Asp/Cys/Cys/Gln (conf: 7)"
"Asp/Cys/Cys/Ser",7,426.0879653,12.80797789,"C13H22N4O8S2",3,"Asp.Cys.Cys.Ser",FALSE,NA,"Asp/Cys/Cys/Ser (conf: 7)"
"Asp/Cys/Gln/Tyr",5,527.1676873,7.280743408,"C21H29N5O9S",7,"Asp.Cys.Gln.Tyr",FALSE,NA,"Asp/Cys/Gln/Tyr (conf: 5)"
"Asp/Cys/Gly/Gly",7,396.0953733,13.63007757,"C11H18N4O7S",4,"Asp.Cys.Gly.Gly",FALSE,NA,"Asp/Cys/Gly/Gly (conf: 7)"
"Asp/Cys/Ser",7,369.0839674,13.06264017,"C10H17N3O7S",2,"Asp.Cys.Ser",FALSE,NA,"Asp/Cys/Ser (conf: 7)"
"Asp/Gln",5,261.0961137,11.39776952,"C9H15N3O6",8,"Asp.Gln",FALSE,NA,"Asp/Gln (conf: 5)"
"Asp/Gln/Gln/Gln/Val",5,616.2818939,12.39556667,"C24H40N8O11",8,"Asp.Gln.Gln.Gln.Val",FALSE,NA,"Asp/Gln/Gln/Gln/Val (conf: 5)"
"Asp/Glu/Asn/Pro/Val",5,572.2442132,21.04984932,"C23H36N6O11",5,"Asp.Glu.Asn.Pro.Val",FALSE,NA,"Asp/Glu/Asn/Pro/Val (conf: 5)"
"Asp/Glu/Gln/Gln/Gln",5,646.2561614,4.702060936,"C24H38N8O13",2,"Asp.Glu.Gln.Gln.Gln",FALSE,NA,"Asp/Glu/Gln/Gln/Gln (conf: 5)"
"Asp/Glu/Glu/Glu",5,520.1648995,11.73149606,"C19H28N4O13",1,"Asp.Glu.Glu.Glu",FALSE,NA,"Asp/Glu/Glu/Glu (conf: 5)"
"Asp/Glu/Glu/Glu/Glu",7,649.2072239,11.05361896,"C24H35N5O16",1,"Asp.Glu.Glu.Glu.Glu",FALSE,NA,"Asp/Glu/Glu/Glu/Glu (conf: 7)"
"Asp/Glu/Glu/Ile",5,504.2069541,9.180880165,"C20H32N4O11",4,"Asp.Glu.Glu.Ile",FALSE,NA,"Asp/Glu/Glu/Ile (conf: 5)"
"Asp/Glu/Glu/Trp",5,577.2024798,11.14058039,"C25H31N5O11",1,"Asp.Glu.Glu.Trp",FALSE,NA,"Asp/Glu/Glu/Trp (conf: 5)"
"Asp/Glu/His/Ile/Ile",5,625.3074973,6.601970362,"C27H43N7O10",7,"Asp.Glu.His.Ile.Ile",FALSE,NA,"Asp/Glu/His/Ile/Ile (conf: 5)"
"Asp/Glu/Phe/His/His",5,683.2651682,12.23562087,"C30H37N9O10",1,"Asp.Glu.Phe.His.His",FALSE,NA,"Asp/Glu/Phe/His/His (conf: 5)"
"Asp/Gly/Asn/Arg/Arg",5,616.3036652,12.66615724,"C22H40N12O9",1,"Asp.Gly.Asn.Arg.Arg",FALSE,NA,"Asp/Gly/Asn/Arg/Arg (conf: 5)"
"Asp/Gly/Asn/Gln/Ser",5,519.1916953,8.833258775,"C18H29N7O11",6,"Asp.Gly.Asn.Gln.Ser",FALSE,NA,"Asp/Gly/Asn/Gln/Ser (conf: 5)"
"Asp/Gly/Asn/Pro/Ser",5,488.1857215,10.12156151,"C18H28N6O10",1,"Asp.Gly.Asn.Pro.Ser",FALSE,NA,"Asp/Gly/Asn/Pro/Ser (conf: 5)"
"Asp/Gly/His/His/Thr",5,565.2254653,9.596587728,"C22H31N9O9",3,"Asp.Gly.His.His.Thr",FALSE,NA,"Asp/Gly/His/His/Thr (conf: 5)"
"Asp/Gly/Ser/His",5,414.1494552,11.86770418,"C15H22N6O8",2,"Asp.Gly.Ser.His",FALSE,NA,"Asp/Gly/Ser/His (conf: 5)"
"Asp/Gly/Ser/Ser/Tyr",5,527.1856385,10.4289327,"C21H29N5O11",1,"Asp.Gly.Ser.Ser.Tyr",FALSE,NA,"Asp/Gly/Ser/Ser/Tyr (conf: 5)"
"Asp/Gly/Tyr",7,370.1489441,9.188896477,"C15H19N3O7",2,"Asp.Gly.Tyr",FALSE,NA,"Asp/Gly/Tyr (conf: 7)"
"Asp/His/Ile/Thr/Thr",5,585.2751666,12.28299404,"C24H39N7O10",11,"Asp.His.Ile.Thr.Thr",FALSE,NA,"Asp/His/Ile/Thr/Thr (conf: 5)"
"Asp/His/Lys/Arg/Arg",7,710.3946171,2.830645036,"C28H50N14O8",1,"Asp.His.Lys.Arg.Arg",FALSE,NA,"Asp/His/Lys/Arg/Arg (conf: 7)"
"Asp/His/Met/Tyr/Tyr",5,727.2635992,19.31962904,"C33H41N7O10S",3,"Asp.His.Met.Tyr.Tyr",FALSE,NA,"Asp/His/Met/Tyr/Tyr (conf: 5)"
"Asp/Ile/Ile/Ser",5,446.2378744,8.545972951,"C19H34N4O8",11,"Asp.Ile.Ile.Ser",FALSE,NA,"Asp/Ile/Ile/Ser (conf: 5)"
"Asp/Leu/Pro/Ser",5,430.2064862,8.413590698,"C18H30N4O8",7,"Asp.Leu.Pro.Ser",FALSE,NA,"Asp/Leu/Pro/Ser (conf: 5)"
"Asp/Leu/Ser/Ser",5,420.1859581,9.607192502,"C16H28N4O9",10,"Asp.Leu.Ser.Ser",FALSE,NA,"Asp/Leu/Ser/Ser (conf: 5)"
"Asp/Leu/Val/Pro",5,442.2429094,9.255735706,"C20H34N4O7",6,"Asp.Leu.Val.Pro",FALSE,NA,"Asp/Leu/Val/Pro (conf: 5)"
"Asp/Lys/Asp/Tyr",5,539.2231507,12.89775073,"C23H33N5O10",14,"Asp.Lys.Asp.Tyr",FALSE,NA,"Asp/Lys/Asp/Tyr (conf: 5)"
"Asp/Lys/Thr/Trp",5,548.2593998,12.3188459,"C25H36N6O8",13,"Asp.Lys.Thr.Trp",FALSE,NA,"Asp/Lys/Thr/Trp (conf: 5)"
"Asp/Met/Arg/Trp/Tyr",7,769.322675,12.46177698,"C35H47N9O9S",1,"Asp.Met.Arg.Trp.Tyr",FALSE,NA,"Asp/Met/Arg/Trp/Tyr (conf: 7)"
"Asp/Met/Asp/Gly",5,436.1261836,8.322842226,"C15H24N4O9S",5,"Asp.Met.Asp.Gly",FALSE,NA,"Asp/Met/Asp/Gly (conf: 5)"
"Asp/Met/Asp/Gly",7,436.126585,11.76865003,"C15H24N4O9S",5,"Asp.Met.Asp.Gly.1",FALSE,NA,"Asp/Met/Asp/Gly (conf: 7)"
"Asp/Met/Cys/Cys",7,470.0972054,10.31587335,"C15H26N4O7S3",2,"Asp.Met.Cys.Cys",FALSE,NA,"Asp/Met/Cys/Cys (conf: 7)"
"Asp/Met/Met/Ser/Tyr",5,645.2135661,6.741652864,"C26H39N5O10S2",2,"Asp.Met.Met.Ser.Tyr",FALSE,NA,"Asp/Met/Met/Ser/Tyr (conf: 5)"
"Asp/Met/Trp/Tyr",5,613.2207624,8.607612691,"C29H35N5O8S",1,"Asp.Met.Trp.Tyr",FALSE,NA,"Asp/Met/Trp/Tyr (conf: 5)"
"Asp/Met/Tyr/Tyr",7,612.1873028,10.53079196,"C27H34N4O9S",1,"Asp.Met.Tyr.Tyr",FALSE,NA,"Asp/Met/Tyr/Tyr (conf: 7)"
"Asp/Phe/Asn/Asn/Trp",7,694.2714733,9.669867852,"C32H38N8O10",2,"Asp.Phe.Asn.Asn.Trp",FALSE,NA,"Asp/Phe/Asn/Asn/Trp (conf: 7)"
"Asp/Phe/Cys/Gly",5,440.1362072,8.271631348,"C18H24N4O7S",3,"Asp.Phe.Cys.Gly",FALSE,NA,"Asp/Phe/Cys/Gly (conf: 5)"
"Asp/Phe/Gly/Asn/Tyr",5,614.2337926,7.122157428,"C28H34N6O10",1,"Asp.Phe.Gly.Asn.Tyr",FALSE,NA,"Asp/Phe/Gly/Asn/Tyr (conf: 5)"
"Asp/Phe/Gly/Pro",7,456.1615071,11.01428901,"C20H26N4O7",2,"Asp.Phe.Gly.Pro",FALSE,NA,"Asp/Phe/Gly/Pro (conf: 7)"
"Asp/Phe/His/His/His",5,691.2828209,19.24563448,"C31H37N11O8",1,"Asp.Phe.His.His.His",FALSE,NA,"Asp/Phe/His/His/His (conf: 5)"
"Asp/Pro",5,230.0902791,11.11799537,"C9H14N2O5",6,"Asp.Pro",FALSE,NA,"Asp/Pro (conf: 5)"
"Asp/Pro",5,230.0903298,12.51637535,"C9H14N2O5",6,"Asp.Pro.1",FALSE,NA,"Asp/Pro (conf: 5)"
"Asp/Pro",5,230.0903481,9.233021282,"C9H14N2O5",6,"Asp.Pro.2",FALSE,NA,"Asp/Pro (conf: 5)"
"Asp/Pro/Gln/Ser/Ser",5,532.2133388,10.36799282,"C20H32N6O11",12,"Asp.Pro.Gln.Ser.Ser",FALSE,NA,"Asp/Pro/Gln/Ser/Ser (conf: 5)"
"Asp/Pro/Gln/Ser/Ser",5,532.2134879,9.563201335,"C20H32N6O11",12,"Asp.Pro.Gln.Ser.Ser.1",FALSE,NA,"Asp/Pro/Gln/Ser/Ser (conf: 5)"
"Asp/Pro/Pro",5,327.1432367,11.15293753,"C14H21N3O6",1,"Asp.Pro.Pro",FALSE,NA,"Asp/Pro/Pro (conf: 5)"
"Asp/Pro/Pro",7,327.143413,9.059861329,"C14H21N3O6",1,"Asp.Pro.Pro.1",FALSE,NA,"Asp/Pro/Pro (conf: 7)"
"Asp/Pro/Ser",7,317.1223612,11.82956269,"C12H19N3O7",2,"Asp.Pro.Ser",FALSE,NA,"Asp/Pro/Ser (conf: 7)"
"Asp/Pro/Thr/Thr/Tyr",7,595.2490758,4.968116111,"C26H37N5O11",13,"Asp.Pro.Thr.Thr.Tyr",FALSE,NA,"Asp/Pro/Thr/Thr/Tyr (conf: 7)"
"Asp/Thr/Cys/Cys",7,440.1035847,12.4817943,"C14H24N4O8S2",4,"Asp.Thr.Cys.Cys",FALSE,NA,"Asp/Thr/Cys/Cys (conf: 7)"
"Asp/Thr/Trp/Tyr",5,583.2279291,7.512460214,"C28H33N5O9",3,"Asp.Thr.Trp.Tyr",FALSE,NA,"Asp/Thr/Trp/Tyr (conf: 5)"
"Asp/Thr/Val/Ser",5,420.1857557,12.22601666,"C16H28N4O9",10,"Asp.Thr.Val.Ser",FALSE,NA,"Asp/Thr/Val/Ser (conf: 5)"
"Asp/Trp/Asp/Pro",5,531.1967017,8.286505391,"C24H29N5O9",2,"Asp.Trp.Asp.Pro",FALSE,NA,"Asp/Trp/Asp/Pro (conf: 5)"
"Asp/Trp/Gly/Gly",7,469.1366016,10.60307119,"C19H23N5O7",6,"Asp.Trp.Gly.Gly",FALSE,NA,"Asp/Trp/Gly/Gly (conf: 7)"
"Asp/Tyr",7,313.127422,11.21816845,"C13H16N2O6",3,"Asp.Tyr",FALSE,NA,"Asp/Tyr (conf: 7)"
"Asp/Val/Asp/Gly",5,404.15457,9.1894271,"C15H24N4O9",8,"Asp.Val.Asp.Gly",FALSE,NA,"Asp/Val/Asp/Gly (conf: 5)"
"Asp/Val/Gly/Gly",5,346.148885,10.77493504,"C13H22N4O7",11,"Asp.Val.Gly.Gly",FALSE,NA,"Asp/Val/Gly/Gly (conf: 5)"
"Asp/Val/Pro/Pro",5,426.2115854,12.21394202,"C19H30N4O7",2,"Asp.Val.Pro.Pro",FALSE,NA,"Asp/Val/Pro/Pro (conf: 5)"
"Asparagine",10,132.0534518,10.34730763,"C4H8N2O3",6,"Asparagine",TRUE,"AA","Asparagine (conf: 10)"
"Asparaginyl-Hydroxyproline",5,245.101167,8.87852015,"C9H15N3O5",2,"Asparaginyl.Hydroxyproline",FALSE,NA,"Asparaginyl-Hydroxyproline (conf: 5)"
"Asparaginyl-Hydroxyproline",5,245.1011711,7.221681617,"C9H15N3O5",2,"Asparaginyl.Hydroxyproline.1",FALSE,NA,"Asparaginyl-Hydroxyproline (conf: 5)"
"Asparaginyl-Hydroxyproline",5,245.1011933,12.39850983,"C9H15N3O5",2,"Asparaginyl.Hydroxyproline.3",FALSE,NA,"Asparaginyl-Hydroxyproline (conf: 5)"
"Asparaginyl-Hydroxyproline",5,245.101195,7.952937352,"C9H15N3O5",2,"Asparaginyl.Hydroxyproline.4",FALSE,NA,"Asparaginyl-Hydroxyproline (conf: 5)"
"Asparaginyl-Hydroxyproline",5,245.1013447,6.695639038,"C9H15N3O5",2,"Asparaginyl.Hydroxyproline.5",FALSE,NA,"Asparaginyl-Hydroxyproline (conf: 5)"
"Asparaginyl-Hydroxyproline",7,245.1011748,12.06248001,"C9H15N3O5",2,"Asparaginyl.Hydroxyproline.2",FALSE,NA,"Asparaginyl-Hydroxyproline (conf: 7)"
"Aspartate-semialdehyde",6,117.0426002,11.01463544,"C4H7NO3",6,"Aspartate.semialdehyde.1",FALSE,NA,"Aspartate-semialdehyde (conf: 6)"
"Aspartate-semialdehyde",6,117.0426131,6.165709727,"C4H7NO3",6,"Aspartate.semialdehyde.2",FALSE,NA,"Aspartate-semialdehyde (conf: 6)"
"Aspartate-semialdehyde",8,117.0425994,6.723889751,"C4H7NO3",6,"Aspartate.semialdehyde",FALSE,NA,"Aspartate-semialdehyde (conf: 8)"
"Aspartic acid",10,133.0374753,10.42609512,"C4H7NO4",3,"Aspartic.acid",TRUE,"AA","Aspartic acid (conf: 10)"
"Aspartylglycosamine",5,335.1328969,11.26953276,"C12H21N3O8",4,"Aspartylglycosamine",FALSE,NA,"Aspartylglycosamine (conf: 5)"
"Aspidinol",5,224.1048486,2.693526885,"C12H16O4",17,"Aspidinol",FALSE,NA,"Aspidinol (conf: 5)"
"aspoquinolone A",7,465.2148113,5.713283944,"C27H31NO6",2,"aspoquinolone.A",FALSE,NA,"aspoquinolone A (conf: 7)"
"Aspulvinone H",7,449.2195764,4.610348856,"C27H28O5",2,"Aspulvinone.H",FALSE,NA,"Aspulvinone H (conf: 7)"
"Asticolorin B",5,536.1842532,6.743534465,"C33H28O7",1,"Asticolorin.B",FALSE,NA,"Asticolorin B (conf: 5)"
"aszonalenin",7,395.1614009,7.898503769,"C23H23N3O2",1,"aszonalenin",FALSE,NA,"aszonalenin (conf: 7)"
"Athamantin",5,430.1987835,5.219299439,"C24H30O7",5,"Athamantin",FALSE,NA,"Athamantin (conf: 5)"
"ATPA",5,228.1109736,5.920387678,"C10H16N2O4",5,"ATPA",FALSE,NA,"ATPA (conf: 5)"
"ATPA",5,228.1110175,6.711924744,"C10H16N2O4",5,"ATPA.1",FALSE,NA,"ATPA (conf: 5)"
"ATPA",5,228.1110239,7.279224158,"C10H16N2O4",5,"ATPA.2",FALSE,NA,"ATPA (conf: 5)"
"ATPA",7,228.1110334,7.926847347,"C10H16N2O4",5,"ATPA.3",FALSE,NA,"ATPA (conf: 7)"
"ATPA",7,228.1110498,9.210582282,"C10H16N2O4",5,"ATPA.4",FALSE,NA,"ATPA (conf: 7)"
"Aureusidin 6-O-glucoside",5,448.1002584,5.098651141,"C21H20O11",47,"Aureusidin.6.O.glucoside",FALSE,NA,"Aureusidin 6-O-glucoside (conf: 5)"
"Australine",5,189.1000149,7.290870929,"C8H15NO4",12,"Australine",FALSE,NA,"Australine (conf: 5)"
"Avenalumin III",5,291.0890006,10.89386869,"C18H13NO3",1,"Avenalumin.III",FALSE,NA,"Avenalumin III (conf: 5)"
"Avenanthramide A2",5,361.1157581,8.407966653,"C18H19NO7",2,"Avenanthramide.A2",FALSE,NA,"Avenanthramide A2 (conf: 5)"
"Avenic acid A",5,322.1376748,13.57747424,"C12H22N2O8",4,"Avenic.acid.A",FALSE,NA,"Avenic acid A (conf: 5)"
"Avenic acid A",5,322.1377114,10.36357359,"C12H22N2O8",4,"Avenic.acid.A.1",FALSE,NA,"Avenic acid A (conf: 5)"
"Avenic acid A",7,322.1377248,10.88833965,"C12H22N2O8",4,"Avenic.acid.A.2",FALSE,NA,"Avenic acid A (conf: 7)"
"Avenic acid A",7,358.1139286,12.6073233,"C12H22N2O8",4,"Avenic.acid.A.3",FALSE,NA,"Avenic acid A (conf: 7)"
"Avenic acid A",7,358.1140189,13.219665,"C12H22N2O8",4,"Avenic.acid.A.4",FALSE,NA,"Avenic acid A (conf: 7)"
"Axillarenic acid",7,398.3394976,2.347131717,"C24H46O4",5,"Axillarenic.acid",FALSE,NA,"Axillarenic acid (conf: 7)"
"Azelaic acid",7,188.104856,7.258563396,"C9H16O4",12,"Azelaic.acid",TRUE,"","Azelaic acid (conf: 7)"
"Azidocillin",7,411.0770657,11.54595351,"C16H17N5O4S",1,"Azidocillin",FALSE,NA,"Azidocillin (conf: 7)"
"Azimsulfuron",5,424.1024724,9.355470153,"C13H16N10O5S",1,"Azimsulfuron",FALSE,NA,"Azimsulfuron (conf: 5)"
"Azimsulfuron",5,424.1025123,11.04454598,"C13H16N10O5S",1,"Azimsulfuron.1",FALSE,NA,"Azimsulfuron (conf: 5)"
"Azimsulfuron",7,470.1080604,6.108311515,"C13H16N10O5S",1,"Azimsulfuron.2",FALSE,NA,"Azimsulfuron (conf: 7)"
"b-D-Xylopyranosyl-(1->4)-a-L-rhamnopyranosyl-(1->2)-L-arabinose",7,450.1350856,8.003461324,"C16H28O13",1,"b.D.Xylopyranosyl..1..4..a.L.rhamnopyranosyl..1..2..L.arabinose",FALSE,NA,"b-D-Xylopyranosyl-(1->4)-a-L-rhamnopyranosyl-(1->2)-L-arabinose (conf: 7)"
"bacillithiol-fosfomycin",5,536.1069164,9.506753126,"C16H29N2O14PS",1,"bacillithiol.fosfomycin",FALSE,NA,"bacillithiol-fosfomycin (conf: 5)"
"bacteriohopanetetrol",5,546.4651364,2.446035083,"C35H62O4",4,"bacteriohopanetetrol",FALSE,NA,"bacteriohopanetetrol (conf: 5)"
"Baikiain",5,127.0632637,7.329217185,"C6H9NO2",11,"Baikiain",FALSE,NA,"Baikiain (conf: 5)"
"Bakkenolide A",5,234.1618831,2.588394608,"C15H22O2",80,"Bakkenolide.A",FALSE,NA,"Bakkenolide A (conf: 5)"
"Balfourodinium",7,320.1737776,12.04481828,"C17H21NO4",11,"Balfourodinium",FALSE,NA,"Balfourodinium (conf: 7)"
"Balofloxacin",7,435.180014,5.328456344,"C20H24FN3O4",1,"Balofloxacin",FALSE,NA,"Balofloxacin (conf: 7)"
"Balsoxine",7,298.1318374,2.393139052,"C17H15NO3",5,"Balsoxine",FALSE,NA,"Balsoxine (conf: 7)"
"Baptifoline",7,260.1524626,5.607893536,"C15H20N2O2",2,"Baptifoline",FALSE,NA,"Baptifoline (conf: 7)"
"Barbituric acid",6,128.0222373,6.074267726,"C4H4N2O3",4,"Barbituric.acid",FALSE,NA,"Barbituric acid (conf: 6)"
"BBT",5,134.0191884,5.02874624,"C8H6S",1,"BBT",FALSE,NA,"BBT (conf: 5)"
"BBT(OH)2",5,168.024699,10.04122651,"C8H8O2S",1,"BBT.OH.2",FALSE,NA,"BBT(OH)2 (conf: 5)"
"BBT(OH)2",5,168.0247125,5.310547664,"C8H8O2S",1,"BBT.OH.2.1",FALSE,NA,"BBT(OH)2 (conf: 5)"
"Behenic acid",6,340.3340413,2.341748375,"C22H44O2",20,"Behenic.acid",FALSE,NA,"Behenic acid (conf: 6)"
"Behenyl linolenate",7,603.596002,2.453348874,"C40H74O2",3,"Behenyl.linolenate",FALSE,NA,"Behenyl linolenate (conf: 7)"
"Bellendine",5,205.1104209,5.044679556,"C12H15NO2",3,"Bellendine",FALSE,NA,"Bellendine (conf: 5)"
"Bendiocarb",5,223.0844032,4.495384922,"C11H13NO4",8,"Bendiocarb",FALSE,NA,"Bendiocarb (conf: 5)"
"Bendiocarb",5,223.0844258,2.809339765,"C11H13NO4",8,"Bendiocarb.1",FALSE,NA,"Bendiocarb (conf: 5)"
"Bendiocarb",5,223.0845051,5.899154844,"C11H13NO4",8,"Bendiocarb.2",FALSE,NA,"Bendiocarb (conf: 5)"
"Bensulfuron methyl",7,427.1166348,5.774179785,"C16H18N4O7S",1,"Bensulfuron.methyl",FALSE,NA,"Bensulfuron methyl (conf: 7)"
"Benzimidazole",5,118.053026,4.456446215,"C7H6N2",3,"Benzimidazole",FALSE,NA,"Benzimidazole (conf: 5)"
"Benzoic acid",6,122.0367267,8.319681091,"C7H6O2",7,"Benzoic.acid",FALSE,NA,"Benzoic acid (conf: 6)"
"Benzoic acid",8,122.0367721,7.573854852,"C7H6O2",7,"Benzoic.acid.1",FALSE,NA,"Benzoic acid (conf: 8)"
"Benzosimuline",5,305.141702,11.81941279,"C20H19NO2",1,"Benzosimuline",FALSE,NA,"Benzosimuline (conf: 5)"
"Benzothiazole",7,135.0142273,2.993081051,"C7H5NS",1,"Benzothiazole",FALSE,NA,"Benzothiazole (conf: 7)"
"Benzoyl-CoA",8,871.1419977,7.255092857,"C28H40N7O17P3S",1,"Benzoyl.CoA",FALSE,NA,"Benzoyl-CoA (conf: 8)"
"benzoyl cyanide",5,131.0370499,6.449778204,"C8H5NO",7,"benzoyl.cyanide",FALSE,NA,"benzoyl cyanide (conf: 5)"
"benzoyl cyanide",5,131.0370656,4.519383331,"C8H5NO",7,"benzoyl.cyanide.1",FALSE,NA,"benzoyl cyanide (conf: 5)"
"Benzoyl meso-tartaric acid",5,254.042619,7.192741984,"C11H10O7",1,"Benzoyl.meso.tartaric.acid",FALSE,NA,"Benzoyl meso-tartaric acid (conf: 5)"
"Benzoylmalic acid",5,238.0478778,7.569419545,"C11H10O6",3,"Benzoylmalic.acid",FALSE,NA,"Benzoylmalic acid (conf: 5)"
"Benzyl (2R,3S)-2-methyl-3-hydroxybutanoate",5,208.1100058,5.19803014,"C12H16O3",27,"Benzyl..2R_3S..2.methyl.3.hydroxybutanoate",FALSE,NA,"Benzyl (2R,3S)-2-methyl-3-hydroxybutanoate (conf: 5)"
"Benzyl 2-methyl-3-oxobutanoate",5,206.0943153,4.442704314,"C12H14O3",18,"Benzyl.2.methyl.3.oxobutanoate",FALSE,NA,"Benzyl 2-methyl-3-oxobutanoate (conf: 5)"
"Benzyl beta-primeveroside",5,402.1518163,7.314092752,"C18H26O10",3,"Benzyl.beta.primeveroside",FALSE,NA,"Benzyl beta-primeveroside (conf: 5)"
"Berberrubine",7,321.0998197,8.708989742,"C19H15NO4",3,"Berberrubine",FALSE,NA,"Berberrubine (conf: 7)"
"beta-Alanopine",7,159.0531614,6.967525786,"C6H9NO4",5,"beta.Alanopine",FALSE,NA,"beta-Alanopine (conf: 7)"
"beta-aspartyl-L-alanine",7,204.0745719,10.80457813,"C7H12N2O5",6,"beta.aspartyl.L.alanine",FALSE,NA,"beta-aspartyl-L-alanine (conf: 7)"
"beta-aspartyl-L-leucine",7,246.1215719,9.394509199,"C10H18N2O5",9,"beta.aspartyl.L.leucine",FALSE,NA,"beta-aspartyl-L-leucine (conf: 7)"
"beta-aspartyl-L-phenylalanine",5,280.1059685,7.124881578,"C13H16N2O5",4,"beta.aspartyl.L.phenylalanine",FALSE,NA,"beta-aspartyl-L-phenylalanine (conf: 5)"
"beta-D-galactosyl-cholate",7,570.3411506,4.844338117,"C30H50O10",1,"beta.D.galactosyl.cholate",FALSE,NA,"beta-D-galactosyl-cholate (conf: 7)"
"Beta-D-Glucopyranuronic acid",5,314.0639162,7.702197687,"C13H14O9",7,"Beta.D.Glucopyranuronic.acid",FALSE,NA,"Beta-D-Glucopyranuronic acid (conf: 5)"
"beta-D-Man-4,6-pyruvate",5,250.0691008,4.757403407,"C9H14O8",1,"beta.D.Man.4_6.pyruvate",FALSE,NA,"beta-D-Man-4,6-pyruvate (conf: 5)"
"beta-Damascenone",5,190.1356767,2.622989244,"C13H18O",6,"beta.Damascenone",FALSE,NA,"beta-Damascenone (conf: 5)"
"beta-fenchocamphorone",7,166.1357858,2.69849623,"C11H18O",11,"beta.fenchocamphorone",FALSE,NA,"beta-fenchocamphorone (conf: 7)"
"beta-Glucogallin",5,332.0743331,5.866076397,"C13H16O10",9,"beta.Glucogallin",FALSE,NA,"beta-Glucogallin (conf: 5)"
"beta-L-arabinofuranosyl-(1->2)-1-O-methyl-beta-L-arabinofuranose",5,296.1108313,7.065637944,"C11H20O9",1,"beta.L.arabinofuranosyl..1..2..1.O.methyl.beta.L.arabinofuranose",FALSE,NA,"beta-L-arabinofuranosyl-(1->2)-1-O-methyl-beta-L-arabinofuranose (conf: 5)"
"beta-L-arabinofuranosyl-(1->2)-1-O-methyl-beta-L-arabinofuranose",5,296.1108397,8.375399973,"C11H20O9",1,"beta.L.arabinofuranosyl..1..2..1.O.methyl.beta.L.arabinofuranose.1",FALSE,NA,"beta-L-arabinofuranosyl-(1->2)-1-O-methyl-beta-L-arabinofuranose (conf: 5)"
"beta-L-arabinofuranosyl-(1->2)-1-O-methyl-beta-L-arabinofuranose",7,318.0927849,7.438072415,"C11H20O9",1,"beta.L.arabinofuranosyl..1..2..1.O.methyl.beta.L.arabinofuranose.2",FALSE,NA,"beta-L-arabinofuranosyl-(1->2)-1-O-methyl-beta-L-arabinofuranose (conf: 7)"
"Beta-Tyrosine",6,181.0738226,6.993634936,"C9H11NO3",9,"Beta.Tyrosine",FALSE,NA,"Beta-Tyrosine (conf: 6)"
"Betaine",8,117.0787774,6.913151042,"C5H11NO2",13,"Betaine",FALSE,NA,"Betaine (conf: 8)"
"Betaine-13C5, 15N",8,123.0926483,6.910623645,"[13C]5H11[15N]O2",2,"Betaine.13C5_.15N",FALSE,NA,"Betaine-13C5, 15N (conf: 8)"
"Betaine aldehyde",6,101.0841596,6.741638725,"C5H11NO",8,"Betaine.aldehyde",FALSE,NA,"Betaine aldehyde (conf: 6)"
"Bethanidine",7,177.1265484,11.87600268,"C10H15N3",1,"Bethanidine",FALSE,NA,"Bethanidine (conf: 7)"
"Betonicine",5,159.0894875,6.81667469,"C7H13NO3",15,"Betonicine",FALSE,NA,"Betonicine (conf: 5)"
"Betonicine",5,159.0895423,5.010046797,"C7H13NO3",15,"Betonicine.1",FALSE,NA,"Betonicine (conf: 5)"
"bhas#22",7,398.2279722,11.45888101,"C19H36O7",2,"bhas.22",FALSE,NA,"bhas#22 (conf: 7)"
"bhas#24",5,390.2614672,3.003397793,"C20H38O7",2,"bhas.24",FALSE,NA,"bhas#24 (conf: 5)"
"bhas#24",5,390.2618912,2.473653447,"C20H38O7",2,"bhas.24.1",FALSE,NA,"bhas#24 (conf: 5)"
"Bicalutamide",7,476.0657381,6.405640338,"C18H14F4N2O4S",1,"Bicalutamide",FALSE,NA,"Bicalutamide (conf: 7)"
"Bicozamycin",5,302.1114734,11.67675287,"C12H18N2O7",2,"Bicozamycin",FALSE,NA,"Bicozamycin (conf: 5)"
"Bicozamycin",7,302.1114763,8.311131585,"C12H18N2O7",2,"Bicozamycin.1",FALSE,NA,"Bicozamycin (conf: 7)"
"Biliverdin",6,582.2480435,2.779504829,"C33H34N4O6",4,"Biliverdin",FALSE,NA,"Biliverdin (conf: 6)"
"Biochanin A",5,284.0687148,4.524418956,"C16H12O5",24,"Biochanin.A",FALSE,NA,"Biochanin A (conf: 5)"
"biolumazine",7,240.0858391,5.04954713,"C9H12N4O4",1,"biolumazine",FALSE,NA,"biolumazine (conf: 7)"
"Biotin",8,244.0882675,5.281329328,"C10H16N2O3S",1,"Biotin",TRUE,"","Biotin (conf: 8)"
"Biotin amide",5,243.1041815,6.446327613,"C10H17N3O2S",1,"Biotin.amide",FALSE,NA,"Biotin amide (conf: 5)"
"Biotin sulfone",5,276.0779613,9.198855082,"C10H16N2O5S",1,"Biotin.sulfone",FALSE,NA,"Biotin sulfone (conf: 5)"
"Biotin sulfone",5,276.0782774,4.894638193,"C10H16N2O5S",1,"Biotin.sulfone.1",FALSE,NA,"Biotin sulfone (conf: 5)"
"bis-(2-hydroxyethyl) terephthalate",5,254.0793185,9.16792915,"C12H14O6",7,"bis..2.hydroxyethyl..terephthalate",FALSE,NA,"bis-(2-hydroxyethyl) terephthalate (conf: 5)"
"bis-D-fructos 2',1:2,1'-dianhydride",5,324.1056739,11.89319946,"C12H20O10",7,"bis.D.fructos.2._1.2_1..dianhydride",FALSE,NA,"bis-D-fructos 2',1:2,1'-dianhydride (conf: 5)"
"bis-D-fructos 2',1:2,1'-dianhydride",5,324.1057674,9.171960344,"C12H20O10",7,"bis.D.fructos.2._1.2_1..dianhydride.1",FALSE,NA,"bis-D-fructos 2',1:2,1'-dianhydride (conf: 5)"
"Bis(4-isothiocyanatobutyl) disulfide",5,292.0196058,11.39039886,"C10H16N2S4",1,"Bis.4.isothiocyanatobutyl..disulfide",FALSE,NA,"Bis(4-isothiocyanatobutyl) disulfide (conf: 5)"
"bis(glycerophosphoglycerol)",5,400.0536003,11.31224246,"C9H22O13P2",1,"bis.glycerophosphoglycerol.",FALSE,NA,"bis(glycerophosphoglycerol) (conf: 5)"
"bis(glycerophosphoglycerol)",5,400.0543074,8.604666103,"C9H22O13P2",1,"bis.glycerophosphoglycerol..1",FALSE,NA,"bis(glycerophosphoglycerol) (conf: 5)"
"Bitertanol",7,373.1556414,4.736779539,"C20H23N3O2",1,"Bitertanol",FALSE,NA,"Bitertanol (conf: 7)"
"BL IV",5,466.0896169,9.976203482,"C24H18O10",1,"BL.IV",FALSE,NA,"BL IV (conf: 5)"
"Blighinone",7,330.0378277,4.416620865,"C16H10O8",3,"Blighinone",FALSE,NA,"Blighinone (conf: 7)"
"blumenin",5,548.2476373,5.584111496,"C25H40O13",1,"blumenin",FALSE,NA,"blumenin (conf: 5)"
"Blumenol C glucoside",7,372.2145324,2.625607727,"C19H32O7",2,"Blumenol.C.glucoside",FALSE,NA,"Blumenol C glucoside (conf: 7)"
"Blumenol C glucoside",7,389.2414685,4.969103969,"C19H32O7",2,"Blumenol.C.glucoside.1",FALSE,NA,"Blumenol C glucoside (conf: 7)"
"Boc-Asn",5,232.1059595,6.208534451,"C9H16N2O5",8,"Boc.Asn",FALSE,NA,"Boc-Asn (conf: 5)"
"Bornesitol",6,194.0790797,8.432937097,"C7H14O6",12,"Bornesitol",FALSE,NA,"Bornesitol (conf: 6)"
"Bornesitol",8,216.0608038,9.327395384,"C7H14O6",12,"Bornesitol.1",FALSE,NA,"Bornesitol (conf: 8)"
"Bornyl-diphosphate",5,314.0685609,12.02347868,"C10H20O7P2",4,"Bornyl.diphosphate",FALSE,NA,"Bornyl-diphosphate (conf: 5)"
"Botrydial",5,310.1776908,2.48351888,"C17H26O5",4,"Botrydial",FALSE,NA,"Botrydial (conf: 5)"
"BPH-652",7,386.0586219,5.102369927,"C16H19O7PS",1,"BPH.652",FALSE,NA,"BPH-652 (conf: 7)"
"Brij 97",5,708.5389084,19.54364378,"C38H76O11",1,"Brij.97",FALSE,NA,"Brij 97 (conf: 5)"
"Bromide",5,79.92614859,8.033070439,"HBr",1,"Bromide",FALSE,NA,"Bromide (conf: 5)"
"Brunfelsamidine",5,109.0639195,6.281484953,"C5H7N3",2,"Brunfelsamidine",FALSE,NA,"Brunfelsamidine (conf: 5)"
"bryostatin 15",5,920.4420491,19.53836221,"C47H68O18",1,"bryostatin.15",FALSE,NA,"bryostatin 15 (conf: 5)"
"Buchananine",5,285.084779,5.902014211,"C12H15NO7",2,"Buchananine",FALSE,NA,"Buchananine (conf: 5)"
"Buchananine",5,285.0849307,7.152008074,"C12H15NO7",2,"Buchananine.1",FALSE,NA,"Buchananine (conf: 5)"
"Buddledin A",7,276.1725778,2.65902098,"C17H24O3",9,"Buddledin.A",FALSE,NA,"Buddledin A (conf: 7)"
"Burseran",7,386.1724873,5.019364368,"C22H26O6",7,"Burseran",FALSE,NA,"Burseran (conf: 7)"
"But-1-ene-1,2,4-tricarboxylate",8,188.0320461,13.10168837,"C7H8O6",6,"But.1.ene.1_2_4.tricarboxylate",FALSE,NA,"But-1-ene-1,2,4-tricarboxylate (conf: 8)"
"But-2-enoic acid",5,86.03675094,9.230964415,"C4H6O2",12,"But.2.enoic.acid",FALSE,NA,"But-2-enoic acid (conf: 5)"
"Butalbital",5,224.1159521,9.023182268,"C11H16N2O3",1,"Butalbital",FALSE,NA,"Butalbital (conf: 5)"
"Butalbital",5,224.115999,5.621027415,"C11H16N2O3",1,"Butalbital.1",FALSE,NA,"Butalbital (conf: 5)"
"Butalbital",5,224.1160804,3.038739768,"C11H16N2O3",1,"Butalbital.2",FALSE,NA,"Butalbital (conf: 5)"
"Butalbital",5,224.1161584,10.11700328,"C11H16N2O3",1,"Butalbital.4",FALSE,NA,"Butalbital (conf: 5)"
"Butalbital",7,224.1160994,10.45917795,"C11H16N2O3",1,"Butalbital.3",FALSE,NA,"Butalbital (conf: 7)"
"Butanoylphosphate",6,168.0188001,9.73134713,"C4H9O5P",2,"Butanoylphosphate",FALSE,NA,"Butanoylphosphate (conf: 6)"
"Butenylcarnitine",5,229.1314279,4.440445668,"C11H19NO4",1,"Butenylcarnitine",FALSE,NA,"Butenylcarnitine (conf: 5)"
"Butyric acid",6,88.05239731,4.001940877,"C4H8O2",12,"Butyric.acid.1",FALSE,NA,"Butyric acid (conf: 6)"
"Butyric acid",8,88.05234496,4.491754872,"C4H8O2",12,"Butyric.acid",FALSE,NA,"Butyric acid (conf: 8)"
"Butyrylcholine",5,173.141544,4.794525327,"C9H19NO2",4,"Butyrylcholine",FALSE,NA,"Butyrylcholine (conf: 5)"
"C.I. Acid Red 13",5,458.0234649,18.58159451,"C20H14N2O7S2",2,"C.I..Acid.Red.13",FALSE,NA,"C.I. Acid Red 13 (conf: 5)"
"C34-phenolphthiodiolenone A",5,530.4338838,2.285389657,"C34H58O4",1,"C34.phenolphthiodiolenone.A",FALSE,NA,"C34-phenolphthiodiolenone A (conf: 5)"
"C34-phenolphthiotriol A",5,534.4652546,2.279848849,"C34H62O4",1,"C34.phenolphthiotriol.A",FALSE,NA,"C34-phenolphthiotriol A (conf: 5)"
"C36-phenolphthiodiolenone A",7,558.4653131,2.277083333,"C36H62O4",4,"C36.phenolphthiodiolenone.A",FALSE,NA,"C36-phenolphthiodiolenone A (conf: 7)"
"C36-phenolphthiotriol A",5,562.4970558,2.281739994,"C36H66O4",1,"C36.phenolphthiotriol.A",FALSE,NA,"C36-phenolphthiotriol A (conf: 5)"
"Cadiamine",7,282.1944254,5.003902739,"C15H26N2O3",1,"Cadiamine",FALSE,NA,"Cadiamine (conf: 7)"
"Caffeic acid 3-glucoside",5,342.0950968,5.116110896,"C15H18O9",27,"Caffeic.acid.3.glucoside.1",FALSE,NA,"Caffeic acid 3-glucoside (conf: 5)"
"Caffeic acid 3-glucoside",7,342.0950321,11.72750836,"C15H18O9",27,"Caffeic.acid.3.glucoside",FALSE,NA,"Caffeic acid 3-glucoside (conf: 7)"
"Caffeic acid 3-O-glucuronide",5,356.0741928,9.960550558,"C15H16O10",20,"Caffeic.acid.3.O.glucuronide",FALSE,NA,"Caffeic acid 3-O-glucuronide (conf: 5)"
"Caffeic acid 3-O-glucuronide",5,356.0745373,8.835207997,"C15H16O10",20,"Caffeic.acid.3.O.glucuronide.1",FALSE,NA,"Caffeic acid 3-O-glucuronide (conf: 5)"
"Caffeic acid 3-sulfate",5,259.999121,15.0431339,"C9H8O7S",5,"Caffeic.acid.3.sulfate",FALSE,NA,"Caffeic acid 3-sulfate (conf: 5)"
"Caffeic acid 3-sulfate",5,259.9991455,11.28170973,"C9H8O7S",5,"Caffeic.acid.3.sulfate.1",FALSE,NA,"Caffeic acid 3-sulfate (conf: 5)"
"Caffeic acid 3-sulfate",5,259.9991674,12.95258105,"C9H8O7S",5,"Caffeic.acid.3.sulfate.2",FALSE,NA,"Caffeic acid 3-sulfate (conf: 5)"
"Caffeine",5,194.0804776,6.281847212,"C8H10N4O2",2,"Caffeine.1",FALSE,NA,"Caffeine (conf: 5)"
"Caffeine",7,194.0804305,5.589602185,"C8H10N4O2",2,"Caffeine",FALSE,NA,"Caffeine (conf: 7)"
"Caffeoyl aspartic acid",7,341.0746674,8.357917803,"C13H13NO7",1,"Caffeoyl.aspartic.acid",FALSE,NA,"Caffeoyl aspartic acid (conf: 7)"
"Caffeoyl aspartic acid",7,341.0746823,10.06324249,"C13H13NO7",1,"Caffeoyl.aspartic.acid.1",FALSE,NA,"Caffeoyl aspartic acid (conf: 7)"
"Cajanone",7,439.1989654,8.766786176,"C25H26O6",19,"Cajanone",FALSE,NA,"Cajanone (conf: 7)"
"Calanolide A",5,370.1773181,3.10263044,"C22H26O5",8,"Calanolide.A",FALSE,NA,"Calanolide A (conf: 5)"
"Calomelanol C",7,404.1253214,10.16852642,"C24H20O6",2,"Calomelanol.C",FALSE,NA,"Calomelanol C (conf: 7)"
"Calomelanol G",5,432.1203238,5.892897718,"C25H20O7",1,"Calomelanol.G",FALSE,NA,"Calomelanol G (conf: 5)"
"Calopogoniumisoflavone B",5,348.0992426,7.618786218,"C21H16O5",3,"Calopogoniumisoflavone.B",FALSE,NA,"Calopogoniumisoflavone B (conf: 5)"
"Calystegine B2",5,175.0844431,9.07284943,"C7H13NO4",6,"Calystegine.B2.1",FALSE,NA,"Calystegine B2 (conf: 5)"
"Calystegine B2",7,175.0844353,8.641108622,"C7H13NO4",6,"Calystegine.B2",FALSE,NA,"Calystegine B2 (conf: 7)"
"Campesteryl glucoside",5,562.42263,2.326153433,"C34H58O6",1,"Campesteryl.glucoside",FALSE,NA,"Campesteryl glucoside (conf: 5)"
"Canaliculatol",7,702.1868088,6.045425854,"C42H32O9",3,"Canaliculatol",FALSE,NA,"Canaliculatol (conf: 7)"
"Cantleyine",5,207.0894814,3.675726368,"C11H13NO3",7,"Cantleyine",FALSE,NA,"Cantleyine (conf: 5)"
"Capensinidin",5,344.0889456,9.298565569,"C18H16O7",23,"Capensinidin",FALSE,NA,"Capensinidin (conf: 5)"
"Capric acid",6,172.1462887,2.597691936,"C10H20O2",43,"Capric.acid",FALSE,NA,"Capric acid (conf: 6)"
"Caproic acid",7,116.0837338,3.021825278,"C6H12O2",32,"Caproic.acid",FALSE,NA,"Caproic acid (conf: 7)"
"Caprylic acid",10,144.1150036,2.75675427,"C8H16O2",43,"Caprylic.acid",TRUE,"","Caprylic acid (conf: 10)"
"Capryloylglycine",9,201.1364953,2.753197299,"C10H19NO3",4,"Capryloylglycine",TRUE,"","Capryloylglycine (conf: 9)"
"Capsiamide",5,269.2719296,25.69886028,"C17H35NO",1,"Capsiamide",FALSE,NA,"Capsiamide (conf: 5)"
"Capsoside A",5,694.3785975,3.000681016,"C33H58O15",1,"Capsoside.A",FALSE,NA,"Capsoside A (conf: 5)"
"carbapen-2-em-3-carboxylate",5,153.0426456,8.39279626,"C7H7NO3",20,"carbapen.2.em.3.carboxylate",FALSE,NA,"carbapen-2-em-3-carboxylate (conf: 5)"
"Carbendazim",7,227.0463654,4.169883333,"C9H9N3O2",1,"Carbendazim",FALSE,NA,"Carbendazim (conf: 7)"
"Carbetamide",7,236.1161875,2.958280633,"C12H16N2O3",6,"Carbetamide",FALSE,NA,"Carbetamide (conf: 7)"
"Carbidopa",5,226.0953434,4.982351094,"C10H14N2O4",3,"Carbidopa.1",FALSE,NA,"Carbidopa (conf: 5)"
"Carbidopa",5,226.0953878,6.280089807,"C10H14N2O4",3,"Carbidopa.2",FALSE,NA,"Carbidopa (conf: 5)"
"Carbidopa",7,226.0952681,5.741543596,"C10H14N2O4",3,"Carbidopa",FALSE,NA,"Carbidopa (conf: 7)"
"Carboplatin",7,388.0716107,4.965899338,"C6H12N2O4Pt",1,"Carboplatin",FALSE,NA,"Carboplatin (conf: 7)"
"Cardiospermin",7,275.1006256,4.81582817,"C11H17NO7",4,"Cardiospermin",FALSE,NA,"Cardiospermin (conf: 7)"
"Carmine red",7,514.0719292,5.031798282,"C22H20O13",31,"Carmine.red",FALSE,NA,"Carmine red (conf: 7)"
"Carnitinamide",7,160.1211518,11.69014144,"C7H16N2O2",6,"Carnitinamide",FALSE,NA,"Carnitinamide (conf: 7)"
"Carnitine",10,161.1050289,8.594206484,"C7H15NO3",3,"Carnitine",TRUE,"","Carnitine (conf: 10)"
"Carnocin U I49",7,334.20495,4.064402763,"C22H26N2O",1,"Carnocin.U.I49",FALSE,NA,"Carnocin U I49 (conf: 7)"
"Carnocin U I49",7,334.2049631,2.672297116,"C22H26N2O",1,"Carnocin.U.I49.1",FALSE,NA,"Carnocin U I49 (conf: 7)"
"Carnosine",10,226.1065596,10.84374825,"C9H14N4O3",4,"Carnosine",TRUE,"","Carnosine (conf: 10)"
"Carnosol",7,330.1832678,2.780328193,"C20H26O4",9,"Carnosol",FALSE,NA,"Carnosol (conf: 7)"
"Carotamine",7,307.0728406,5.373737639,"C14H13N3O3",1,"Carotamine",FALSE,NA,"Carotamine (conf: 7)"
"Casein K",7,130.0741979,8.026663421,"C5H10N2O2",6,"Casein.K",FALSE,NA,"Casein K (conf: 7)"
"Castanospermine",5,189.1000957,8.242864514,"C8H15NO4",12,"Castanospermine",FALSE,NA,"Castanospermine (conf: 5)"
"Catechin-4-ol 3-O-beta-D-glycopyranoside",5,468.1273911,4.446251605,"C21H24O12",8,"Catechin.4.ol.3.O.beta.D.glycopyranoside",FALSE,NA,"Catechin-4-ol 3-O-beta-D-glycopyranoside (conf: 5)"
"Catechin-4-ol 3-O-beta-D-glycopyranoside",5,468.127478,3.047404283,"C21H24O12",8,"Catechin.4.ol.3.O.beta.D.glycopyranoside.1",FALSE,NA,"Catechin-4-ol 3-O-beta-D-glycopyranoside (conf: 5)"
"Catechin 3-O-gallate",7,464.0711683,11.60115746,"C22H18O10",1,"Catechin.3.O.gallate",FALSE,NA,"Catechin 3-O-gallate (conf: 7)"
"CDP-6-deoxy-alpha-D-gulose",5,549.0758197,10.62245578,"C15H25N3O15P2",1,"CDP.6.deoxy.alpha.D.gulose",FALSE,NA,"CDP-6-deoxy-alpha-D-gulose (conf: 5)"
"CDP-Ethanolamine",10,446.0604987,11.87990638,"C11H20N4O11P2",1,"CDP.Ethanolamine",TRUE,"","CDP-Ethanolamine (conf: 10)"
"CDP-N-dimethylethanolamine",7,491.118459,10.35949471,"C13H24N4O11P2",1,"CDP.N.dimethylethanolamine",FALSE,NA,"CDP-N-dimethylethanolamine (conf: 7)"
"CDP-N-methylethanolamine",6,460.0768939,6.309050591,"C12H22N4O11P2",2,"CDP.N.methylethanolamine",FALSE,NA,"CDP-N-methylethanolamine (conf: 6)"
"CDP-ribitol",6,537.0753603,7.022492525,"C14H25N3O15P2",1,"CDP.ribitol",FALSE,NA,"CDP-ribitol (conf: 6)"
"CDP-ribitol",6,537.0762346,12.42442588,"C14H25N3O15P2",1,"CDP.ribitol.1",FALSE,NA,"CDP-ribitol (conf: 6)"
"CDP-ribitol",8,583.082077,11.61728844,"C14H25N3O15P2",1,"CDP.ribitol.2",FALSE,NA,"CDP-ribitol (conf: 8)"
"Cefazolin",5,454.030616,8.93101015,"C14H14N8O4S3",1,"Cefazolin",FALSE,NA,"Cefazolin (conf: 5)"
"Cellobiono-1,5-lactone",5,340.1008169,9.299506419,"C12H20O11",11,"Cellobiono.1_5.lactone",FALSE,NA,"Cellobiono-1,5-lactone (conf: 5)"
"Cellulose, microcrystalline",8,416.1531751,11.24634603,"C14H26O11",2,"Cellulose_.microcrystalline",FALSE,NA,"Cellulose, microcrystalline (conf: 8)"
"Centarol",5,238.1933813,2.47903869,"C15H26O2",51,"Centarol",FALSE,NA,"Centarol (conf: 5)"
"Cephalosporin C",7,461.1106963,10.85428453,"C16H21N3O8S",1,"Cephalosporin.C",FALSE,NA,"Cephalosporin C (conf: 7)"
"Cer(d18:0/h24:0)",7,667.6484291,2.457812693,"C42H85NO4",3,"Cer.d18.0.h24.0.",FALSE,NA,"Cer(d18:0/h24:0) (conf: 7)"
"Cerebronic acid",5,384.360136,2.317784931,"C24H48O3",6,"Cerebronic.acid",FALSE,NA,"Cerebronic acid (conf: 5)"
"CerP(d34:1)",7,617.4789045,2.681009779,"C34H68NO6P",1,"CerP.d34.1.",FALSE,NA,"CerP(d34:1) (conf: 7)"
"CerP(d34:1)",7,617.4791646,4.351430994,"C34H68NO6P",1,"CerP.d34.1..1",FALSE,NA,"CerP(d34:1) (conf: 7)"
"CerP(d36:1)",5,645.5102157,4.281045979,"C36H72NO6P",1,"CerP.d36.1.",FALSE,NA,"CerP(d36:1) (conf: 5)"
"CerP(d40:1)",5,701.573356,3.945733344,"C40H80NO6P",2,"CerP.d40.1.",FALSE,NA,"CerP(d40:1) (conf: 5)"
"CerP(d42:1)",5,729.6040731,2.670196542,"C42H84NO6P",1,"CerP.d42.1.",FALSE,NA,"CerP(d42:1) (conf: 5)"
"CerP(d42:2)",7,727.5888801,3.900329897,"C42H82NO6P",2,"CerP.d42.2.",FALSE,NA,"CerP(d42:2) (conf: 7)"
"Cervonyl carnitine",5,471.3351398,2.76255459,"C29H45NO4",1,"Cervonyl.carnitine",FALSE,NA,"Cervonyl carnitine (conf: 5)"
"Chalconaringenin 2'-O-glucoside 4'-O-gentobioside",5,758.2273235,10.99813681,"C33H42O20",2,"Chalconaringenin.2..O.glucoside.4..O.gentobioside",FALSE,NA,"Chalconaringenin 2'-O-glucoside 4'-O-gentobioside (conf: 5)"
"Cheilanthifoline",7,342.1580637,2.776355147,"C19H19NO4",13,"Cheilanthifoline",FALSE,NA,"Cheilanthifoline (conf: 7)"
"Chelirubine",5,361.0941256,9.615254984,"C21H15NO5",1,"Chelirubine",FALSE,NA,"Chelirubine (conf: 5)"
"Chicoric acid",5,474.0793882,4.392504567,"C22H18O12",6,"Chicoric.acid",FALSE,NA,"Chicoric acid (conf: 5)"
"Chicoric acid",7,474.0793899,3.118963193,"C22H18O12",6,"Chicoric.acid.1",FALSE,NA,"Chicoric acid (conf: 7)"
"Chlorate",7,83.96137315,5.085213894,"HClO3",1,"Chlorate",FALSE,NA,"Chlorate (conf: 7)"
"Chlorate",7,83.96137709,8.446743351,"HClO3",1,"Chlorate.1",FALSE,NA,"Chlorate (conf: 7)"
"Chlorflavonin",7,378.0499419,4.804445903,"C18H15ClO7",1,"Chlorflavonin",FALSE,NA,"Chlorflavonin (conf: 7)"
"Chlorflavonin",7,378.0504989,5.218413745,"C18H15ClO7",1,"Chlorflavonin.1",FALSE,NA,"Chlorflavonin (conf: 7)"
"chlorobromuron",5,291.9617746,8.025968951,"C9H10BrClN2O2",1,"chlorobromuron",FALSE,NA,"chlorobromuron (conf: 5)"
"Chlorosphaerolactylate D",7,410.0578229,6.007436187,"C15H25Cl3O4",1,"Chlorosphaerolactylate.D",FALSE,NA,"Chlorosphaerolactylate D (conf: 7)"
"chlorosuccinate",5,151.9875613,7.212513821,"C4H5ClO4",1,"chlorosuccinate",FALSE,NA,"chlorosuccinate (conf: 5)"
"chlorotoluron",5,212.0716768,2.72754404,"C10H13ClN2O",1,"chlorotoluron",FALSE,NA,"chlorotoluron (conf: 5)"
"Choline sulfate",7,183.0563837,6.649490725,"C5H13NO4S",1,"Choline.sulfate",FALSE,NA,"Choline sulfate (conf: 7)"
"Chondroitin",5,379.1112512,7.860632201,"C14H21NO11",4,"Chondroitin",FALSE,NA,"Chondroitin (conf: 5)"
"Chondroitin",7,379.1115929,9.471241116,"C14H21NO11",4,"Chondroitin.1",FALSE,NA,"Chondroitin (conf: 7)"
"Chondroitin 4-sulfate",5,477.0791233,13.28613337,"C14H23NO15S",1,"Chondroitin.4.sulfate",FALSE,NA,"Chondroitin 4-sulfate (conf: 5)"
"chondroitin sulfate E (GalNAc4,6diS-GlcA) proteoglycan",5,207.0563311,5.821773012,"C10H10ClN3",1,"chondroitin.sulfate.E..GalNAc4_6diS.GlcA..proteoglycan",FALSE,NA,"chondroitin sulfate E (GalNAc4,6diS-GlcA) proteoglycan (conf: 5)"
"chondroitin sulfate E (GalNAc4,6diS-GlcA) proteoglycan",7,207.0564209,6.497612631,"C10H10ClN3",1,"chondroitin.sulfate.E..GalNAc4_6diS.GlcA..proteoglycan.1",FALSE,NA,"chondroitin sulfate E (GalNAc4,6diS-GlcA) proteoglycan (conf: 7)"
"Chorismate",6,226.0478712,9.049374109,"C10H10O6",9,"Chorismate",FALSE,NA,"Chorismate (conf: 6)"
"Cibarian",7,382.0862999,8.083006032,"C12H18N2O12",2,"Cibarian",FALSE,NA,"Cibarian (conf: 7)"
"Ciceritol",5,518.1850345,12.1201034,"C19H34O16",1,"Ciceritol",FALSE,NA,"Ciceritol (conf: 5)"
"Cicutoxin",5,258.1620232,2.394638135,"C17H22O2",13,"Cicutoxin",FALSE,NA,"Cicutoxin (conf: 5)"
"Cinnamyl alcohol",5,134.0731209,2.966332237,"C9H10O",15,"Cinnamyl.alcohol",FALSE,NA,"Cinnamyl alcohol (conf: 5)"
"cis-(homo)2aconitate",7,202.047827,9.600808716,"C8H10O6",3,"cis..homo.2aconitate",FALSE,NA,"cis-(homo)2aconitate (conf: 7)"
"cis-(homo)3aconitate",7,216.063204,10.59471462,"C9H12O6",1,"cis..homo.3aconitate",FALSE,NA,"cis-(homo)3aconitate (conf: 7)"
"cis-1,3,4,6,7,11b-Hexahydro-9-methoxy-2H-benzo[a]quinolizine-3- carboxylic acid",7,261.1365191,8.548581671,"C15H19NO3",3,"cis.1_3_4_6_7_11b.Hexahydro.9.methoxy.2H.benzo.a.quinolizine.3..carboxylic.acid",FALSE,NA,"cis-1,3,4,6,7,11b-Hexahydro-9-methoxy-2H-benzo[a]quinolizine-3- carboxylic acid (conf: 7)"
"cis-2-Methylaconitate",6,188.0320936,10.47316172,"C7H8O6",6,"cis.2.Methylaconitate",FALSE,NA,"cis-2-Methylaconitate (conf: 6)"
"cis-3-(3-Carboxyethenyl)-3,5-cyclohexadiene-1,2-diol",6,182.0578972,11.52858119,"C9H10O4",37,"cis.3..3.Carboxyethenyl..3_5.cyclohexadiene.1_2.diol",FALSE,NA,"cis-3-(3-Carboxyethenyl)-3,5-cyclohexadiene-1,2-diol (conf: 6)"
"cis-3-(Carboxy-ethyl)-3,5-cyclo-hexadiene-1,2-diol",6,184.0735986,9.451728936,"C9H12O4",21,"cis.3..Carboxy.ethyl..3_5.cyclo.hexadiene.1_2.diol",FALSE,NA,"cis-3-(Carboxy-ethyl)-3,5-cyclo-hexadiene-1,2-diol (conf: 6)"
"cis-3-Hexenyl b-primeveroside",5,394.183178,4.677961555,"C17H30O10",1,"cis.3.Hexenyl.b.primeveroside",FALSE,NA,"cis-3-Hexenyl b-primeveroside (conf: 5)"
"cis-4-Octenedioic acid",7,172.0735495,11.44276294,"C8H12O4",7,"cis.4.Octenedioic.acid",FALSE,NA,"cis-4-Octenedioic acid (conf: 7)"
"cis-5-Decenedioic acid",7,200.1048661,6.793552686,"C10H16O4",14,"cis.5.Decenedioic.acid",FALSE,NA,"cis-5-Decenedioic acid (conf: 7)"
"cis-5-Tetradecenoylcarnitine",5,369.2880741,2.933019355,"C21H39NO4",2,"cis.5.Tetradecenoylcarnitine",FALSE,NA,"cis-5-Tetradecenoylcarnitine (conf: 5)"
"cis-Acetylacrylate",2.5,114.0316837,4.494876312,"C5H6O3",9,"cis.Acetylacrylate",FALSE,NA,"cis-Acetylacrylate (conf: 2.5)"
"cis-Aconitic acid",10,174.0164448,13.54929245,"C6H6O6",5,"cis.Aconitic.acid",TRUE,"TCA","cis-Aconitic acid (conf: 10)"
"cis-Cyclo(aspartylphenylalanyl)",5,262.0953699,4.555136757,"C13H14N2O4",1,"cis.Cyclo.aspartylphenylalanyl.",FALSE,NA,"cis-Cyclo(aspartylphenylalanyl) (conf: 5)"
"Citicoline",10,488.1075537,11.0040339,"C14H26N4O11P2",1,"Citicoline",TRUE,"","Citicoline (conf: 10)"
"Citramalic acid",8,148.0371555,7.963796242,"C5H8O5",15,"Citramalic.acid",FALSE,NA,"Citramalic acid (conf: 8)"
"Citreovirone",7,314.0093638,10.02262383,"C12H14Cl2O4",1,"Citreovirone",FALSE,NA,"Citreovirone (conf: 7)"
"Citric acid",10,192.0269753,13.99045751,"C6H8O7",13,"Citric.acid",TRUE,"TCA","Citric acid (conf: 10)"
"Citrinin",7,250.0845988,5.216810788,"C13H14O5",8,"Citrinin",FALSE,NA,"Citrinin (conf: 7)"
"Citrinin",7,267.1108572,3.087085636,"C13H14O5",8,"Citrinin.1",FALSE,NA,"Citrinin (conf: 7)"
"Citrulline",8,175.0956882,10.87550235,"C6H13N3O3",3,"Citrulline",TRUE,"","Citrulline (conf: 8)"
"Citrusinine II",5,287.0797134,9.235667893,"C15H13NO5",2,"Citrusinine.II",FALSE,NA,"Citrusinine II (conf: 5)"
"Cladinose",5,176.1048062,2.946735513,"C8H16O4",2,"Cladinose",FALSE,NA,"Cladinose (conf: 5)"
"Cladinose",5,176.104944,5.032218228,"C8H16O4",2,"Cladinose.1",FALSE,NA,"Cladinose (conf: 5)"
"Clavulanate",7,199.0480595,6.58980749,"C8H9NO5",3,"Clavulanate",FALSE,NA,"Clavulanate (conf: 7)"
"Clitocine",7,304.1135187,7.364196497,"C9H13N5O6",1,"Clitocine",FALSE,NA,"Clitocine (conf: 7)"
"Clitocine",7,323.0631003,6.153537547,"C9H13N5O6",1,"Clitocine.1",FALSE,NA,"Clitocine (conf: 7)"
"Clonazepam",7,337.0233855,13.66859994,"C15H10ClN3O3",1,"Clonazepam",FALSE,NA,"Clonazepam (conf: 7)"
"Clusianose",5,344.1312542,10.25552014,"C12H24O11",4,"Clusianose",FALSE,NA,"Clusianose (conf: 5)"
"CMP-2-aminoethylphosphonate",6,430.0654545,10.91863852,"C11H20N4O10P2",1,"CMP.2.aminoethylphosphonate",FALSE,NA,"CMP-2-aminoethylphosphonate (conf: 6)"
"CMP-N-glycoloylneuraminate",8,630.1427377,11.8901356,"C20H31N4O17P",2,"CMP.N.glycoloylneuraminate",FALSE,NA,"CMP-N-glycoloylneuraminate (conf: 8)"
"CMP-N-trimethyl-2-aminoethylphosphonate",6,472.1126404,10.13313153,"C14H26N4O10P2",1,"CMP.N.trimethyl.2.aminoethylphosphonate",FALSE,NA,"CMP-N-trimethyl-2-aminoethylphosphonate (conf: 6)"
"Cobalamin",7,663.7776253,19.14827415,"C62H87CoN13O14P",1,"Cobalamin",FALSE,NA,"Cobalamin (conf: 7)"
"Cochlearine",7,283.1180347,7.247161497,"C15H19NO3",3,"Cochlearine",FALSE,NA,"Cochlearine (conf: 7)"
"Codonopsine",5,267.1470841,7.668355897,"C14H21NO4",3,"Codonopsine",FALSE,NA,"Codonopsine (conf: 5)"
"Codonopsine",5,267.1471555,6.093384429,"C14H21NO4",3,"Codonopsine.1",FALSE,NA,"Codonopsine (conf: 5)"
"coelenterazine hcp",7,421.17723,6.641219863,"C25H25N3O2",1,"coelenterazine.hcp",FALSE,NA,"coelenterazine hcp (conf: 7)"
"coelenterazine v",7,447.1587478,10.68408194,"C28H21N3O3",1,"coelenterazine.v",FALSE,NA,"coelenterazine v (conf: 7)"
"Coenzyme A",8,767.1160474,10.09238053,"C21H36N7O16P3S",1,"Coenzyme.A",FALSE,NA,"Coenzyme A (conf: 8)"
"Coformycin",5,284.1121638,10.52943101,"C11H16N4O5",4,"Coformycin",FALSE,NA,"Coformycin (conf: 5)"
"Coformycin",7,301.1386438,14.00405269,"C11H16N4O5",4,"Coformycin.1",FALSE,NA,"Coformycin (conf: 7)"
"Cohibin A",5,548.4808501,2.510220444,"C35H64O4",3,"Cohibin.A",FALSE,NA,"Cohibin A (conf: 5)"
"Cohibin A",5,548.4809352,3.377852876,"C35H64O4",3,"Cohibin.A.1",FALSE,NA,"Cohibin A (conf: 5)"
"Cohibin C",5,576.5124359,2.730799989,"C37H68O4",4,"Cohibin.C",FALSE,NA,"Cohibin C (conf: 5)"
"Coniferyl alcohol",7,180.0785932,2.704906989,"C10H12O3",39,"Coniferyl.alcohol",FALSE,NA,"Coniferyl alcohol (conf: 7)"
"Conivaptan",5,498.205648,10.69733224,"C32H26N4O2",1,"Conivaptan",FALSE,NA,"Conivaptan (conf: 5)"
"Convicine",5,305.0859726,12.84512757,"C10H15N3O8",2,"Convicine",FALSE,NA,"Convicine (conf: 5)"
"Convicine",7,305.0860189,10.65853331,"C10H15N3O8",2,"Convicine.1",FALSE,NA,"Convicine (conf: 7)"
"copper chloride",7,168.843949,8.343756137,"Cl2Cu",1,"copper.chloride",FALSE,NA,"copper chloride (conf: 7)"
"Coprine",5,202.0954612,11.72100321,"C8H14N2O4",8,"Coprine",FALSE,NA,"Coprine (conf: 5)"
"coptisine",7,319.0838891,9.34572361,"C19H13NO4",1,"coptisine",FALSE,NA,"coptisine (conf: 7)"
"Corchoionol C 9-glucoside",5,386.1939312,3.022312647,"C19H30O8",4,"Corchoionol.C.9.glucoside",FALSE,NA,"Corchoionol C 9-glucoside (conf: 5)"
"Corchoionol C 9-glucoside",7,408.175256,8.793576837,"C19H30O8",4,"Corchoionol.C.9.glucoside.1",FALSE,NA,"Corchoionol C 9-glucoside (conf: 7)"
"Corchoionol C 9-glucoside",7,408.175288,8.362862404,"C19H30O8",4,"Corchoionol.C.9.glucoside.2",FALSE,NA,"Corchoionol C 9-glucoside (conf: 7)"
"Corchoionoside B",5,400.173266,3.757887645,"C19H28O9",1,"Corchoionoside.B",FALSE,NA,"Corchoionoside B (conf: 5)"
"Cortisol",7,362.209177,4.394910931,"C21H30O5",15,"Cortisol",FALSE,NA,"Cortisol (conf: 7)"
"Cortisone",5,360.1933801,4.415434237,"C21H28O5",9,"Cortisone",FALSE,NA,"Cortisone (conf: 5)"
"Cortolone",7,366.2404734,4.313246006,"C21H34O5",10,"Cortolone",FALSE,NA,"Cortolone (conf: 7)"
"Cotinine glucuronide",5,352.1271402,12.15724421,"C16H20N2O7",1,"Cotinine.glucuronide",FALSE,NA,"Cotinine glucuronide (conf: 5)"
"Coumarin",5,146.0367762,4.736030595,"C9H6O2",4,"Coumarin",FALSE,NA,"Coumarin (conf: 5)"
"Coumestrin",7,430.0901848,5.002234483,"C21H18O10",20,"Coumestrin",FALSE,NA,"Coumestrin (conf: 7)"
"CPD0-1656",5,193.0586406,10.5264887,"C6H11NO6",2,"CPD0.1656",FALSE,NA,"CPD0-1656 (conf: 5)"
"CPPU",5,247.0516275,2.435491952,"C12H10ClN3O",1,"CPPU",FALSE,NA,"CPPU (conf: 5)"
"Creatine",10,131.0692928,9.612681137,"C4H9N3O2",2,"Creatine",TRUE,"","Creatine (conf: 10)"
"Creatinine",10,113.0587791,5.812070949,"C4H7N3O",1,"Creatinine",TRUE,"","Creatinine (conf: 10)"
"Crotanecine",5,171.0895697,8.457096781,"C8H13NO3",2,"Crotanecine.1",FALSE,NA,"Crotanecine (conf: 5)"
"Crotanecine",7,171.0895462,10.07940474,"C8H13NO3",2,"Crotanecine",FALSE,NA,"Crotanecine (conf: 7)"
"Crustecdysone",5,480.3093385,2.914504593,"C27H44O7",6,"Crustecdysone",FALSE,NA,"Crustecdysone (conf: 5)"
"Cryogenine",5,435.2038579,5.01903692,"C26H29NO5",1,"Cryogenine",FALSE,NA,"Cryogenine (conf: 5)"
"Cuauhtemone",5,252.1726898,2.457755911,"C15H24O3",28,"Cuauhtemone",FALSE,NA,"Cuauhtemone (conf: 5)"
"Cuscohygrine",7,241.2154675,4.500010189,"C13H24N2O",2,"Cuscohygrine",FALSE,NA,"Cuscohygrine (conf: 7)"
"Cyananin",5,379.9974363,18.51235618,"C16H10Cl2N2O5",1,"Cyananin",FALSE,NA,"Cyananin (conf: 5)"
"Cyanidin 3-glucoside",5,448.1001713,5.83070235,"C21H20O11",47,"Cyanidin.3.glucoside",FALSE,NA,"Cyanidin 3-glucoside (conf: 5)"
"Cyclic AMP",8,329.0527706,5.802439056,"C10H12N5O6P",3,"Cyclic.AMP",TRUE,"","Cyclic AMP (conf: 8)"
"cyclic di-3',5'-adenylate",5,658.106352,11.02960058,"C20H24N10O12P2",1,"cyclic.di.3._5..adenylate",FALSE,NA,"cyclic di-3',5'-adenylate (conf: 5)"
"cyclo-(L-tyrosyl-L-tyrosyl)",7,326.1269274,5.161775653,"C18H18N2O4",1,"cyclo..L.tyrosyl.L.tyrosyl.",FALSE,NA,"cyclo-(L-tyrosyl-L-tyrosyl) (conf: 7)"
"Cyclo(deltaAla-L-Val)",5,168.0898615,4.421947857,"C8H12N2O2",3,"Cyclo.deltaAla.L.Val.",FALSE,NA,"Cyclo(deltaAla-L-Val) (conf: 5)"
"cyclo(glycyl-L-prolyl)",5,154.0742078,4.887067717,"C7H10N2O2",1,"cyclo.glycyl.L.prolyl.",FALSE,NA,"cyclo(glycyl-L-prolyl) (conf: 5)"
"cyclo(glycyl-L-prolyl)",7,154.0742319,14.89704738,"C7H10N2O2",1,"cyclo.glycyl.L.prolyl..1",FALSE,NA,"cyclo(glycyl-L-prolyl) (conf: 7)"
"cyclo[(Z)-alpha,beta-didehydrophenylalanyl-L-leucyl]",5,258.1368282,6.269312852,"C15H18N2O2",1,"cyclo..Z..alpha_beta.didehydrophenylalanyl.L.leucyl.",FALSE,NA,"cyclo[(Z)-alpha,beta-didehydrophenylalanyl-L-leucyl] (conf: 5)"
"Cyclodopa glucoside",7,357.1060535,12.20806944,"C15H19NO9",4,"Cyclodopa.glucoside",FALSE,NA,"Cyclodopa glucoside (conf: 7)"
"cycloheptadienyl",5,224.0684544,8.255995195,"C11H12O5",20,"cycloheptadienyl",FALSE,NA,"cycloheptadienyl (conf: 5)"
"cycloheptadienyl",5,224.068545,7.183036049,"C11H12O5",20,"cycloheptadienyl.2",FALSE,NA,"cycloheptadienyl (conf: 5)"
"cycloheptadienyl",5,224.0685897,3.795906469,"C11H12O5",20,"cycloheptadienyl.3",FALSE,NA,"cycloheptadienyl (conf: 5)"
"cycloheptadienyl",7,224.0685293,9.442466129,"C11H12O5",20,"cycloheptadienyl.1",FALSE,NA,"cycloheptadienyl (conf: 7)"
"Cyclohex-2-enone",7,96.05744368,4.441817745,"C6H8O",9,"Cyclohex.2.enone",FALSE,NA,"Cyclohex-2-enone (conf: 7)"
"cyclopenol",7,310.0948146,12.86027474,"C17H14N2O4",1,"cyclopenol",FALSE,NA,"cyclopenol (conf: 7)"
"cyclopentanehexanoic acid",5,268.2038685,2.449693011,"C16H28O3",4,"cyclopentanehexanoic.acid",FALSE,NA,"cyclopentanehexanoic acid (conf: 5)"
"Cyclopentanone",5,84.05740266,2.943750008,"C5H8O",12,"Cyclopentanone",FALSE,NA,"Cyclopentanone (conf: 5)"
"cyclopropane phosphatidylglycerol (dioctadec-11,12-cyclo-anoyl, n-C18:0 cyclo)",7,824.5534508,3.097912343,"C44H83O10P",2,"cyclopropane.phosphatidylglycerol..dioctadec.11_12.cyclo.anoyl_.n.C18.0.cyclo.",FALSE,NA,"cyclopropane phosphatidylglycerol (dioctadec-11,12-cyclo-anoyl, n-C18:0 cyclo) (conf: 7)"
"Cys/Arg/Thr/Tyr/Tyr",5,704.2959787,7.060085077,"C31H44N8O9S",1,"Cys.Arg.Thr.Tyr.Tyr",FALSE,NA,"Cys/Arg/Thr/Tyr/Tyr (conf: 5)"
"Cys/Asn/Arg/Arg/Tyr",7,710.3290302,19.15637082,"C28H46N12O8S",1,"Cys.Asn.Arg.Arg.Tyr",FALSE,NA,"Cys/Asn/Arg/Arg/Tyr (conf: 7)"
"Cys/Asn/Gln/Arg/Tyr",5,682.2848888,6.730710909,"C27H42N10O9S",1,"Cys.Asn.Gln.Arg.Tyr",FALSE,NA,"Cys/Asn/Gln/Arg/Tyr (conf: 5)"
"Cys/Asp/Asp/Asn/Asn",7,579.1589977,6.259074343,"C19H29N7O12S",1,"Cys.Asp.Asp.Asn.Asn",FALSE,NA,"Cys/Asp/Asp/Asn/Asn (conf: 7)"
"Cys/Asp/Asp/Asn/Thr",5,566.164145,8.349931008,"C19H30N6O12S",3,"Cys.Asp.Asp.Asn.Thr",FALSE,NA,"Cys/Asp/Asp/Asn/Thr (conf: 5)"
"Cys/Asp/Asp/Asp/Glu",7,641.1480969,14.30405251,"C20H29N5O14S",1,"Cys.Asp.Asp.Asp.Glu",FALSE,NA,"Cys/Asp/Asp/Asp/Glu (conf: 7)"
"Cys/Asp/Asp/Asp/Met",5,597.1416409,13.31625281,"C20H31N5O12S2",2,"Cys.Asp.Asp.Asp.Met",FALSE,NA,"Cys/Asp/Asp/Asp/Met (conf: 5)"
"Cys/Asp/Asp/Asp/Tyr",7,629.1650389,10.53857639,"C24H31N5O13S",1,"Cys.Asp.Asp.Asp.Tyr",FALSE,NA,"Cys/Asp/Asp/Asp/Tyr (conf: 7)"
"Cys/Asp/Asp/Glu/Met",5,611.1571719,2.429400007,"C21H33N5O12S2",2,"Cys.Asp.Asp.Glu.Met",FALSE,NA,"Cys/Asp/Asp/Glu/Met (conf: 5)"
"Cys/Asp/Asp/Gly/Pro",5,505.1471365,6.099072388,"C18H27N5O10S",1,"Cys.Asp.Asp.Gly.Pro",FALSE,NA,"Cys/Asp/Asp/Gly/Pro (conf: 5)"
"Cys/Asp/Asp/Phe/Phe",5,645.2094916,6.483606325,"C29H35N5O10S",1,"Cys.Asp.Asp.Phe.Phe",FALSE,NA,"Cys/Asp/Asp/Phe/Phe (conf: 5)"
"Cys/Asp/Asp/Pro/Ser",5,535.1584888,25.4723495,"C19H29N5O11S",1,"Cys.Asp.Asp.Pro.Ser",FALSE,NA,"Cys/Asp/Asp/Pro/Ser (conf: 5)"
"Cys/Asp/Asp/Pro/Thr",5,549.1734781,7.005599976,"C20H31N5O11S",2,"Cys.Asp.Asp.Pro.Thr",FALSE,NA,"Cys/Asp/Asp/Pro/Thr (conf: 5)"
"Cys/Asp/Glu/Phe/Trp",5,698.2375058,7.798426213,"C32H38N6O10S",1,"Cys.Asp.Glu.Phe.Trp",FALSE,NA,"Cys/Asp/Glu/Phe/Trp (conf: 5)"
"Cys/Asp/Gly/His/Asn",7,544.1707986,10.04404423,"C19H28N8O9S",1,"Cys.Asp.Gly.His.Asn",FALSE,NA,"Cys/Asp/Gly/His/Asn (conf: 7)"
"Cys/Asp/Gly/His/Pro",5,527.1799977,12.48122075,"C20H29N7O8S",1,"Cys.Asp.Gly.His.Pro",FALSE,NA,"Cys/Asp/Gly/His/Pro (conf: 5)"
"Cys/Asp/Gly/Pro/Ser",7,477.1533152,10.93230218,"C17H27N5O9S",1,"Cys.Asp.Gly.Pro.Ser",FALSE,NA,"Cys/Asp/Gly/Pro/Ser (conf: 7)"
"Cys/Asp/Gly/Pro/Tyr",5,553.1836389,5.106856318,"C23H31N5O9S",1,"Cys.Asp.Gly.Pro.Tyr",FALSE,NA,"Cys/Asp/Gly/Pro/Tyr (conf: 5)"
"Cys/Asp/Gly/Ser/Tyr",7,560.1903675,11.62149304,"C21H29N5O10S",1,"Cys.Asp.Gly.Ser.Tyr",FALSE,NA,"Cys/Asp/Gly/Ser/Tyr (conf: 7)"
"Cys/Asp/His/Met/Met",5,635.1856836,4.570907452,"C23H37N7O8S3",1,"Cys.Asp.His.Met.Met",FALSE,NA,"Cys/Asp/His/Met/Met (conf: 5)"
"Cys/Asp/Lys/Gln/Tyr",5,655.2634102,5.011612956,"C27H41N7O10S",4,"Cys.Asp.Lys.Gln.Tyr",FALSE,NA,"Cys/Asp/Lys/Gln/Tyr (conf: 5)"
"Cys/Asp/Met/Met/Met",5,629.1686203,7.728831724,"C22H39N5O8S4",1,"Cys.Asp.Met.Met.Met",FALSE,NA,"Cys/Asp/Met/Met/Met (conf: 5)"
"Cys/Asp/Met/Ser/Ser",7,563.1328181,10.40965111,"C18H31N5O10S2",3,"Cys.Asp.Met.Ser.Ser",FALSE,NA,"Cys/Asp/Met/Ser/Ser (conf: 7)"
"Cys/Asp/Phe/His/Met",5,651.213335,7.728974321,"C27H37N7O8S2",1,"Cys.Asp.Phe.His.Met",FALSE,NA,"Cys/Asp/Phe/His/Met (conf: 5)"
"Cys/Asp/Phe/Phe/Asn",7,644.2268117,5.603430664,"C29H36N6O9S",2,"Cys.Asp.Phe.Phe.Asn",FALSE,NA,"Cys/Asp/Phe/Phe/Asn (conf: 7)"
"Cys/Asp/Phe/Pro/Pro",5,577.2203379,10.53542189,"C26H35N5O8S",1,"Cys.Asp.Phe.Pro.Pro",FALSE,NA,"Cys/Asp/Phe/Pro/Pro (conf: 5)"
"Cys/Cys/Asn/Asn/Pro",7,549.1686362,10.42312532,"C19H31N7O8S2",2,"Cys.Cys.Asn.Asn.Pro",FALSE,NA,"Cys/Cys/Asn/Asn/Pro (conf: 7)"
"Cys/Cys/Asn/Gln/Thr",5,567.1779595,10.65549429,"C19H33N7O9S2",3,"Cys.Cys.Asn.Gln.Thr",FALSE,NA,"Cys/Cys/Asn/Gln/Thr (conf: 5)"
"Cys/Cys/Asn/Ser/Ser",5,512.1360058,10.92697174,"C16H28N6O9S2",1,"Cys.Cys.Asn.Ser.Ser",FALSE,NA,"Cys/Cys/Asn/Ser/Ser (conf: 5)"
"Cys/Cys/Asn/Ser/Thr",5,526.151351,11.082256,"C17H30N6O9S2",2,"Cys.Cys.Asn.Ser.Thr.1",FALSE,NA,"Cys/Cys/Asn/Ser/Thr (conf: 5)"
"Cys/Cys/Asn/Ser/Thr",7,526.151319,11.8156543,"C17H30N6O9S2",2,"Cys.Cys.Asn.Ser.Thr",FALSE,NA,"Cys/Cys/Asn/Ser/Thr (conf: 7)"
"Cys/Cys/Asn/Ser/Trp",7,633.1653462,5.303527025,"C24H33N7O8S2",2,"Cys.Cys.Asn.Ser.Trp",FALSE,NA,"Cys/Cys/Asn/Ser/Trp (conf: 7)"
"Cys/Cys/Asp/Arg/Tyr",5,658.2203973,10.47009197,"C25H38N8O9S2",1,"Cys.Cys.Asp.Arg.Tyr",FALSE,NA,"Cys/Cys/Asp/Arg/Tyr (conf: 5)"
"Cys/Cys/Asp/Asn/Gln",7,581.1575433,11.20640063,"C19H31N7O10S2",2,"Cys.Cys.Asp.Asn.Gln",FALSE,NA,"Cys/Cys/Asp/Asn/Gln (conf: 7)"
"Cys/Cys/Asp/Asn/Tyr",5,616.1621684,12.10171947,"C23H32N6O10S2",1,"Cys.Cys.Asp.Asn.Tyr",FALSE,NA,"Cys/Cys/Asp/Asn/Tyr (conf: 5)"
"Cys/Cys/Asp/Gly/Asn",5,510.1212865,5.803966671,"C16H26N6O9S2",1,"Cys.Cys.Asp.Gly.Asn",FALSE,NA,"Cys/Cys/Asp/Gly/Asn (conf: 5)"
"Cys/Cys/Asp/Gly/Ser",7,483.1095817,12.25551535,"C15H25N5O9S2",1,"Cys.Cys.Asp.Gly.Ser",FALSE,NA,"Cys/Cys/Asp/Gly/Ser (conf: 7)"
"Cys/Cys/Asp/Gly/Ser",7,529.1144944,9.720068359,"C15H25N5O9S2",1,"Cys.Cys.Asp.Gly.Ser.1",FALSE,NA,"Cys/Cys/Asp/Gly/Ser (conf: 7)"
"Cys/Cys/Asp/Met/Asn",5,584.1387263,6.060264896,"C19H32N6O9S3",2,"Cys.Cys.Asp.Met.Asn",FALSE,NA,"Cys/Cys/Asp/Met/Asn (conf: 5)"
"Cys/Cys/Asp/Met/Tyr",5,633.1603425,5.790092093,"C24H35N5O9S3",1,"Cys.Cys.Asp.Met.Tyr",FALSE,NA,"Cys/Cys/Asp/Met/Tyr (conf: 5)"
"Cys/Cys/Asp/Pro/Thr",7,559.1381908,13.83699646,"C19H31N5O9S2",2,"Cys.Cys.Asp.Pro.Thr",FALSE,NA,"Cys/Cys/Asp/Pro/Thr (conf: 7)"
"Cys/Cys/Cys/Arg/Thr",7,606.1684902,7.052214348,"C19H36N8O7S3",1,"Cys.Cys.Cys.Arg.Thr",FALSE,NA,"Cys/Cys/Cys/Arg/Thr (conf: 7)"
"Cys/Cys/Cys/Arg/Tyr",5,646.2037103,7.616964175,"C24H38N8O7S3",1,"Cys.Cys.Cys.Arg.Tyr",FALSE,NA,"Cys/Cys/Cys/Arg/Tyr (conf: 5)"
"Cys/Cys/Cys/Cys/Ile",7,543.1309523,12.00784486,"C18H33N5O6S4",3,"Cys.Cys.Cys.Cys.Ile",FALSE,NA,"Cys/Cys/Cys/Cys/Ile (conf: 7)"
"Cys/Cys/Cys/Cys/Lys",5,558.1412305,8.305465488,"C18H34N6O6S4",1,"Cys.Cys.Cys.Cys.Lys",FALSE,NA,"Cys/Cys/Cys/Cys/Lys (conf: 5)"
"Cys/Cys/Cys/Cys/Met",7,561.0878954,10.55511664,"C17H31N5O6S5",1,"Cys.Cys.Cys.Cys.Met",FALSE,NA,"Cys/Cys/Cys/Cys/Met (conf: 7)"
"Cys/Cys/Cys/Cys/Pro",5,527.0999394,10.22395772,"C17H29N5O6S4",1,"Cys.Cys.Cys.Cys.Pro",FALSE,NA,"Cys/Cys/Cys/Cys/Pro (conf: 5)"
"Cys/Cys/Cys/Gln",5,455.0960155,12.61458736,"C14H25N5O6S3",2,"Cys.Cys.Cys.Gln",FALSE,NA,"Cys/Cys/Cys/Gln (conf: 5)"
"Cys/Cys/Cys/Glu/Ser",7,589.1177867,9.036707706,"C17H29N5O9S3",2,"Cys.Cys.Cys.Glu.Ser",FALSE,NA,"Cys/Cys/Cys/Glu/Ser (conf: 7)"
"Cys/Cys/Cys/Gly/Trp",5,570.1397373,11.80105248,"C22H30N6O6S3",1,"Cys.Cys.Cys.Gly.Trp",FALSE,NA,"Cys/Cys/Cys/Gly/Trp (conf: 5)"
"Cys/Cys/Cys/His/Ile",5,577.1811341,5.277566667,"C21H35N7O6S3",3,"Cys.Cys.Cys.His.Ile",FALSE,NA,"Cys/Cys/Cys/His/Ile (conf: 5)"
"Cys/Cys/Cys/His/Ser",5,551.1287529,5.79885463,"C18H29N7O7S3",1,"Cys.Cys.Cys.His.Ser",FALSE,NA,"Cys/Cys/Cys/His/Ser (conf: 5)"
"Cys/Cys/Cys/Lys/Met",5,586.1735267,5.816449203,"C20H38N6O6S4",1,"Cys.Cys.Cys.Lys.Met",FALSE,NA,"Cys/Cys/Cys/Lys/Met (conf: 5)"
"Cys/Cys/Cys/Met/Asn",5,572.1209046,11.15104201,"C18H32N6O7S4",1,"Cys.Cys.Cys.Met.Asn",FALSE,NA,"Cys/Cys/Cys/Met/Asn (conf: 5)"
"Cys/Cys/Cys/Met/Pro",7,555.1311496,13.81477441,"C19H33N5O6S4",1,"Cys.Cys.Cys.Met.Pro",FALSE,NA,"Cys/Cys/Cys/Met/Pro (conf: 7)"
"Cys/Cys/Cys/Ser/Ser",5,501.1025238,8.340195567,"C15H27N5O8S3",1,"Cys.Cys.Cys.Ser.Ser",FALSE,NA,"Cys/Cys/Cys/Ser/Ser (conf: 5)"
"Cys/Cys/Cys/Thr/Thr",5,529.1327194,8.931256497,"C17H31N5O8S3",2,"Cys.Cys.Cys.Thr.Thr",FALSE,NA,"Cys/Cys/Cys/Thr/Thr (conf: 5)"
"Cys/Cys/Cys/Trp/Trp",5,699.1962739,11.01482533,"C31H37N7O6S3",1,"Cys.Cys.Cys.Trp.Trp",FALSE,NA,"Cys/Cys/Cys/Trp/Trp (conf: 5)"
"Cys/Cys/Gln/Arg",5,508.1894232,5.35345322,"C17H32N8O6S2",3,"Cys.Cys.Gln.Arg",FALSE,NA,"Cys/Cys/Gln/Arg (conf: 5)"
"Cys/Cys/Glu/Phe/Met",7,677.1866995,11.21278392,"C25H37N5O8S3",1,"Cys.Cys.Glu.Phe.Met",FALSE,NA,"Cys/Cys/Glu/Phe/Met (conf: 7)"
"Cys/Cys/Glu/Phe/Tyr",5,663.2038988,8.609631529,"C29H37N5O9S2",1,"Cys.Cys.Glu.Phe.Tyr",FALSE,NA,"Cys/Cys/Glu/Phe/Tyr (conf: 5)"
"Cys/Cys/Gly",7,281.0504321,11.03305355,"C8H15N3O4S2",1,"Cys.Cys.Gly",FALSE,NA,"Cys/Cys/Gly (conf: 7)"
"Cys/Cys/Gly/Gln/Ser",7,496.1408537,10.73659889,"C16H28N6O8S2",3,"Cys.Cys.Gly.Gln.Ser",FALSE,NA,"Cys/Cys/Gly/Gln/Ser (conf: 7)"
"Cys/Cys/Gly/Gln/Thr",5,510.1557501,10.17702521,"C17H30N6O8S2",4,"Cys.Cys.Gly.Gln.Thr",FALSE,NA,"Cys/Cys/Gly/Gln/Thr (conf: 5)"
"Cys/Cys/Gly/Gln/Thr",5,510.1564203,11.63634082,"C17H30N6O8S2",4,"Cys.Cys.Gly.Gln.Thr.1",FALSE,NA,"Cys/Cys/Gly/Gln/Thr (conf: 5)"
"Cys/Cys/Gly/His/Lys",7,582.1819539,6.168231587,"C20H34N8O6S2",1,"Cys.Cys.Gly.His.Lys",FALSE,NA,"Cys/Cys/Gly/His/Lys (conf: 7)"
"Cys/Cys/Gly/Lys/Ser",5,496.1771346,8.320864014,"C17H32N6O7S2",1,"Cys.Cys.Gly.Lys.Ser",FALSE,NA,"Cys/Cys/Gly/Lys/Ser (conf: 5)"
"Cys/Cys/Gly/Pro/Tyr",7,577.1430439,6.347110915,"C22H31N5O7S2",1,"Cys.Cys.Gly.Pro.Tyr",FALSE,NA,"Cys/Cys/Gly/Pro/Tyr (conf: 7)"
"Cys/Cys/Gly/Ser",7,414.0878876,10.08782478,"C11H20N4O6S2",1,"Cys.Cys.Gly.Ser",FALSE,NA,"Cys/Cys/Gly/Ser (conf: 7)"
"Cys/Cys/Gly/Tyr",7,444.1132716,8.285178324,"C17H24N4O6S2",1,"Cys.Cys.Gly.Tyr",FALSE,NA,"Cys/Cys/Gly/Tyr (conf: 7)"
"Cys/Cys/His/Gln/Ser",5,576.1794443,7.194072995,"C20H32N8O8S2",2,"Cys.Cys.His.Gln.Ser",FALSE,NA,"Cys/Cys/His/Gln/Ser (conf: 5)"
"Cys/Cys/His/His/His",7,671.1832603,4.701389546,"C24H33N11O6S2",1,"Cys.Cys.His.His.His",FALSE,NA,"Cys/Cys/His/His/His (conf: 7)"
"Cys/Cys/His/Met/Thr",5,593.176456,8.274568983,"C21H35N7O7S3",1,"Cys.Cys.His.Met.Thr",FALSE,NA,"Cys/Cys/His/Met/Thr (conf: 5)"
"Cys/Cys/His/Thr/Trp",5,648.2157161,7.789081021,"C27H36N8O7S2",1,"Cys.Cys.His.Thr.Trp",FALSE,NA,"Cys/Cys/His/Thr/Trp (conf: 5)"
"Cys/Cys/Lys/Ser/Trp",5,625.235222,5.789007241,"C26H39N7O7S2",1,"Cys.Cys.Lys.Ser.Trp",FALSE,NA,"Cys/Cys/Lys/Ser/Trp (conf: 5)"
"Cys/Cys/Phe/His/Pro",5,605.2098649,7.520063867,"C26H35N7O6S2",1,"Cys.Cys.Phe.His.Pro",FALSE,NA,"Cys/Cys/Phe/His/Pro (conf: 5)"
"Cys/Cys/Phe/Met/Met",5,633.1776428,8.298080354,"C25H39N5O6S4",1,"Cys.Cys.Phe.Met.Met",FALSE,NA,"Cys/Cys/Phe/Met/Met (conf: 5)"
"Cys/Cys/Phe/Met/Met",7,669.1554833,12.18174028,"C25H39N5O6S4",1,"Cys.Cys.Phe.Met.Met.1",FALSE,NA,"Cys/Cys/Phe/Met/Met (conf: 7)"
"Cys/Cys/Phe/Phe/Gly",5,575.1864573,10.19795332,"C26H33N5O6S2",1,"Cys.Cys.Phe.Phe.Gly",FALSE,NA,"Cys/Cys/Phe/Phe/Gly (conf: 5)"
"Cys/Cys/Phe/Phe/Gly",5,575.186572,11.04863271,"C26H33N5O6S2",1,"Cys.Cys.Phe.Phe.Gly.1",FALSE,NA,"Cys/Cys/Phe/Phe/Gly (conf: 5)"
"Cys/Cys/Pro",5,321.0812306,6.334040363,"C11H19N3O4S2",1,"Cys.Cys.Pro",FALSE,NA,"Cys/Cys/Pro (conf: 5)"
"Cys/Cys/Pro/Gln/Arg",5,605.2418374,10.54186384,"C22H39N9O7S2",1,"Cys.Cys.Pro.Gln.Arg",FALSE,NA,"Cys/Cys/Pro/Gln/Arg (conf: 5)"
"Cys/Cys/Pro/Pro/Arg",7,574.2363471,9.112270662,"C22H38N8O6S2",2,"Cys.Cys.Pro.Pro.Arg",FALSE,NA,"Cys/Cys/Pro/Pro/Arg (conf: 7)"
"Cys/Cys/Pro/Ser",7,430.0952025,12.81304946,"C14H24N4O6S2",1,"Cys.Cys.Pro.Ser",FALSE,NA,"Cys/Cys/Pro/Ser (conf: 7)"
"Cys/Cys/Ser/Ser/Ser",5,485.1248635,5.856734029,"C15H27N5O9S2",1,"Cys.Cys.Ser.Ser.Ser",FALSE,NA,"Cys/Cys/Ser/Ser/Ser (conf: 5)"
"Cys/Cys/Thr/Trp/Tyr",5,674.218839,5.164599423,"C30H38N6O8S2",1,"Cys.Cys.Thr.Trp.Tyr",FALSE,NA,"Cys/Cys/Thr/Trp/Tyr (conf: 5)"
"Cys/Cys/Tyr/Tyr",7,572.1382355,7.423278721,"C24H30N4O7S2",1,"Cys.Cys.Tyr.Tyr",FALSE,NA,"Cys/Cys/Tyr/Tyr (conf: 7)"
"Cys/Glu/Glu/Phe/Met",7,693.1910967,5.227583927,"C27H39N5O10S2",2,"Cys.Glu.Glu.Phe.Met",FALSE,NA,"Cys/Glu/Glu/Phe/Met (conf: 7)"
"Cys/Glu/Gly/Ser/Ser",5,481.147042,10.09093888,"C16H27N5O10S",3,"Cys.Glu.Gly.Ser.Ser",FALSE,NA,"Cys/Glu/Gly/Ser/Ser (conf: 5)"
"Cys/Glu/His/Lys/Trp",5,701.296851,5.218328173,"C31H43N9O8S",3,"Cys.Glu.His.Lys.Trp",FALSE,NA,"Cys/Glu/His/Lys/Trp (conf: 5)"
"Cys/Glu/Lys/Met/Met",5,640.2379918,7.074983998,"C24H44N6O8S3",2,"Cys.Glu.Lys.Met.Met",FALSE,NA,"Cys/Glu/Lys/Met/Met (conf: 5)"
"Cys/Glu/Pro/Thr/Val",5,547.2304814,4.775598766,"C22H37N5O9S",7,"Cys.Glu.Pro.Thr.Val",FALSE,NA,"Cys/Glu/Pro/Thr/Val (conf: 5)"
"Cys/Gly/Gln/Ser/Ser",5,480.1644075,10.42921273,"C16H28N6O9S",3,"Cys.Gly.Gln.Ser.Ser",FALSE,NA,"Cys/Gly/Gln/Ser/Ser (conf: 5)"
"Cys/Gly/His/Asn/Asn",5,543.1866975,9.41976841,"C19H29N9O8S",1,"Cys.Gly.His.Asn.Asn",FALSE,NA,"Cys/Gly/His/Asn/Asn (conf: 5)"
"Cys/Gly/His/Asn/Ser",5,516.1759277,5.556213204,"C18H28N8O8S",1,"Cys.Gly.His.Asn.Ser",FALSE,NA,"Cys/Gly/His/Asn/Ser (conf: 5)"
"Cys/Gly/His/His/Asn",5,566.2030543,8.240633321,"C21H30N10O7S",1,"Cys.Gly.His.His.Asn",FALSE,NA,"Cys/Gly/His/His/Asn (conf: 5)"
"Cys/Gly/Lys/Met/Asn",5,551.2187669,6.311125288,"C20H37N7O7S2",4,"Cys.Gly.Lys.Met.Asn",FALSE,NA,"Cys/Gly/Lys/Met/Asn (conf: 5)"
"Cys/Gly/Pro",5,275.0941395,11.70022685,"C10H17N3O4S",1,"Cys.Gly.Pro",FALSE,NA,"Cys/Gly/Pro (conf: 5)"
"Cys/His/Gln/Ser/Ser",7,560.2020191,5.761391375,"C20H32N8O9S",3,"Cys.His.Gln.Ser.Ser",FALSE,NA,"Cys/His/Gln/Ser/Ser (conf: 7)"
"Cys/His/His/Asn/Asn",5,623.2228706,6.451469509,"C23H33N11O8S",1,"Cys.His.His.Asn.Asn",FALSE,NA,"Cys/His/His/Asn/Asn (conf: 5)"
"Cys/Ile/Pro/Thr/Trp",5,618.2835907,2.393794062,"C29H42N6O7S",4,"Cys.Ile.Pro.Thr.Trp",FALSE,NA,"Cys/Ile/Pro/Thr/Trp (conf: 5)"
"Cys/Ile/Thr/Thr/Tyr",5,599.261756,5.212969991,"C26H41N5O9S",6,"Cys.Ile.Thr.Thr.Tyr",FALSE,NA,"Cys/Ile/Thr/Thr/Tyr (conf: 5)"
"Cys/Leu/Cys/Cys",7,457.1494522,7.287732179,"C15H28N4O5S3",6,"Cys.Leu.Cys.Cys",FALSE,NA,"Cys/Leu/Cys/Cys (conf: 7)"
"Cys/Leu/Phe/Pro",5,478.2253266,7.07668678,"C23H34N4O5S",4,"Cys.Leu.Phe.Pro",FALSE,NA,"Cys/Leu/Phe/Pro (conf: 5)"
"Cys/Lys/Asn/Tyr",5,526.2199653,8.875867495,"C22H34N6O7S",4,"Cys.Lys.Asn.Tyr",FALSE,NA,"Cys/Lys/Asn/Tyr (conf: 5)"
"Cys/Lys/Gln/Tyr/Tyr",7,739.2779351,6.699431075,"C32H45N7O9S",1,"Cys.Lys.Gln.Tyr.Tyr",FALSE,NA,"Cys/Lys/Gln/Tyr/Tyr (conf: 7)"
"Cys/Lys/Thr/Ser",5,437.1943318,10.85895293,"C16H31N5O7S",2,"Cys.Lys.Thr.Ser",FALSE,NA,"Cys/Lys/Thr/Ser (conf: 5)"
"Cys/Met/Arg/Thr/Tyr",7,708.2491637,10.5402256,"C27H44N8O8S2",1,"Cys.Met.Arg.Thr.Tyr",FALSE,NA,"Cys/Met/Arg/Thr/Tyr (conf: 7)"
"Cys/Met/Asn/Gln/Thr",5,595.2099245,9.010884498,"C21H37N7O9S2",5,"Cys.Met.Asn.Gln.Thr",FALSE,NA,"Cys/Met/Asn/Gln/Thr (conf: 5)"
"Cys/Met/Asn/Ser/Ser",7,540.1669551,12.1252615,"C18H32N6O9S2",3,"Cys.Met.Asn.Ser.Ser",FALSE,NA,"Cys/Met/Asn/Ser/Ser (conf: 7)"
"Cys/Met/Cys/Cys",5,458.0790137,7.399732164,"C14H26N4O5S4",2,"Cys.Met.Cys.Cys",FALSE,NA,"Cys/Met/Cys/Cys (conf: 5)"
"Cys/Met/Gly/Pro",7,406.1342699,12.79964663,"C15H26N4O5S2",2,"Cys.Met.Gly.Pro",FALSE,NA,"Cys/Met/Gly/Pro (conf: 7)"
"Cys/Met/Gly/Pro",7,406.1348296,11.96311789,"C15H26N4O5S2",2,"Cys.Met.Gly.Pro.1",FALSE,NA,"Cys/Met/Gly/Pro (conf: 7)"
"Cys/Met/Met/Asn/Pro",5,594.1961394,10.34232013,"C22H38N6O7S3",1,"Cys.Met.Met.Asn.Pro",FALSE,NA,"Cys/Met/Met/Asn/Pro (conf: 5)"
"Cys/Met/Met/Asn/Tyr",7,682.189327,6.338100627,"C26H40N6O8S3",1,"Cys.Met.Met.Asn.Tyr",FALSE,NA,"Cys/Met/Met/Asn/Tyr (conf: 7)"
"Cys/Met/Met/Met/Pro",5,611.1951772,8.929254641,"C23H41N5O6S4",1,"Cys.Met.Met.Met.Pro",FALSE,NA,"Cys/Met/Met/Met/Pro (conf: 5)"
"Cys/Met/Met/Thr",7,501.1754833,7.240541954,"C17H32N4O6S3",1,"Cys.Met.Met.Thr",FALSE,NA,"Cys/Met/Met/Thr (conf: 7)"
"Cys/Met/Pro/Pro/Ser",7,533.1973831,14.0316779,"C21H35N5O7S2",1,"Cys.Met.Pro.Pro.Ser",FALSE,NA,"Cys/Met/Pro/Pro/Ser (conf: 7)"
"Cys/Met/Pro/Ser",5,436.1458057,9.336881454,"C16H28N4O6S2",1,"Cys.Met.Pro.Ser",FALSE,NA,"Cys/Met/Pro/Ser (conf: 5)"
"Cys/Met/Trp/Trp/Tyr",5,787.2810949,5.890672208,"C39H45N7O7S2",1,"Cys.Met.Trp.Trp.Tyr",FALSE,NA,"Cys/Met/Trp/Trp/Tyr (conf: 5)"
"Cys/Phe/Gln/Arg/Ser",5,639.28106,12.29383955,"C26H41N9O8S",5,"Cys.Phe.Gln.Arg.Ser",FALSE,NA,"Cys/Phe/Gln/Arg/Ser (conf: 5)"
"Cys/Phe/Gly/Lys/Met",5,584.244823,10.25004199,"C25H40N6O6S2",1,"Cys.Phe.Gly.Lys.Met",FALSE,NA,"Cys/Phe/Gly/Lys/Met (conf: 5)"
"Cys/Phe/His/Pro/Arg",5,658.3018453,8.630390246,"C29H42N10O6S",1,"Cys.Phe.His.Pro.Arg",FALSE,NA,"Cys/Phe/His/Pro/Arg (conf: 5)"
"Cys/Phe/Met/Met/Trp",7,762.2545271,19.17923643,"C33H44N6O6S3",1,"Cys.Phe.Met.Met.Trp",FALSE,NA,"Cys/Phe/Met/Met/Trp (conf: 7)"
"Cys/Phe/Phe/Gln",5,543.2157125,9.15061669,"C26H33N5O6S",2,"Cys.Phe.Phe.Gln",FALSE,NA,"Cys/Phe/Phe/Gln (conf: 5)"
"Cys/Phe/Ser/Ser/Tyr",5,605.2144334,8.926221952,"C27H35N5O9S",3,"Cys.Phe.Ser.Ser.Tyr",FALSE,NA,"Cys/Phe/Ser/Ser/Tyr (conf: 5)"
"Cys/Phe/Trp/Cys",5,557.1758454,7.485880835,"C26H31N5O5S2",2,"Cys.Phe.Trp.Cys",FALSE,NA,"Cys/Phe/Trp/Cys (conf: 5)"
"Cys/Pro/Pro",5,315.1251751,9.34557437,"C13H21N3O4S",1,"Cys.Pro.Pro",FALSE,NA,"Cys/Pro/Pro (conf: 5)"
"Cys/Ser",7,208.0518041,11.99385004,"C6H12N2O4S",3,"Cys.Ser",FALSE,NA,"Cys/Ser (conf: 7)"
"Cys/Thr/Cys/Pro",5,422.130207,11.78477359,"C15H26N4O6S2",2,"Cys.Thr.Cys.Pro",FALSE,NA,"Cys/Thr/Cys/Pro (conf: 5)"
"Cys/Tyr",5,284.0828302,11.04951274,"C12H16N2O4S",2,"Cys.Tyr",FALSE,NA,"Cys/Tyr (conf: 5)"
"Cystathionine",8,222.067498,12.42126508,"C7H14N2O4S",3,"Cystathionine",TRUE,"","Cystathionine (conf: 8)"
"Cystathionine ketimine",5,203.0251988,10.00569816,"C7H9NO4S",1,"Cystathionine.ketimine",FALSE,NA,"Cystathionine ketimine (conf: 5)"
"Cysteic acid",10,169.004486,10.78355509,"C3H7NO5S",1,"Cysteic.acid",TRUE,"","Cysteic acid (conf: 10)"
"Cysteine",6,121.0196516,9.351358629,"C3H7NO2S",1,"Cysteine",FALSE,NA,"Cysteine (conf: 6)"
"Cysteine",6,121.0197079,10.31604369,"C3H7NO2S",1,"Cysteine.2",FALSE,NA,"Cysteine (conf: 6)"
"Cysteine",6,121.0197781,11.72670005,"C3H7NO2S",1,"Cysteine.3",FALSE,NA,"Cysteine (conf: 6)"
"Cysteine",8,121.0196929,8.516478177,"C3H7NO2S",1,"Cysteine.1",FALSE,NA,"Cysteine (conf: 8)"
"Cysteine-S-sulfate",10,200.9765301,11.65296913,"C3H7NO5S2",1,"Cysteine.S.sulfate",TRUE,"","Cysteine-S-sulfate (conf: 10)"
"Cysteinosuccinic acid",7,237.0307596,4.626592544,"C7H11NO6S",1,"Cysteinosuccinic.acid",FALSE,NA,"Cysteinosuccinic acid (conf: 7)"
"Cysteinosuccinic acid",7,237.0307672,12.98358389,"C7H11NO6S",1,"Cysteinosuccinic.acid.1",FALSE,NA,"Cysteinosuccinic acid (conf: 7)"
"Cysteinosuccinic acid",7,273.0073513,12.50774371,"C7H11NO6S",1,"Cysteinosuccinic.acid.2",FALSE,NA,"Cysteinosuccinic acid (conf: 7)"
"Cysteinyl-Hydroxyproline",5,234.067537,5.105881071,"C8H14N2O4S",2,"Cysteinyl.Hydroxyproline",FALSE,NA,"Cysteinyl-Hydroxyproline (conf: 5)"
"Cystine",10,240.0238023,11.70738555,"C6H12N2O4S2",1,"Cystine",TRUE,"","Cystine (conf: 10)"
"Cytarabine",2.5,243.0855181,9.475194225,"C9H13N3O5",5,"Cytarabine",FALSE,NA,"Cytarabine (conf: 2.5)"
"Cytidine",10,243.0856638,7.221027067,"C9H13N3O5",5,"Cytidine",TRUE,"","Cytidine (conf: 10)"
"Cytidine 2',3'-cyclic phosphate",6,305.0413645,10.89257816,"C9H12N3O7P",2,"Cytidine.2._3..cyclic.phosphate",FALSE,NA,"Cytidine 2',3'-cyclic phosphate (conf: 6)"
"Cytidine monophosphate",10,323.051853,11.38918559,"C9H14N3O8P",3,"Cytidine.monophosphate",TRUE,"","Cytidine monophosphate (conf: 10)"
"Cytosine",10,111.0430942,6.78634998,"C4H5N3O",2,"Cytosine",TRUE,"Nucleobase","Cytosine (conf: 10)"
"cytosyl-beta-D-glucuronate",5,287.0754592,5.836836173,"C10H13N3O7",1,"cytosyl.beta.D.glucuronate",FALSE,NA,"cytosyl-beta-D-glucuronate (conf: 5)"
"DAHP",6,288.0245566,12.04045594,"C7H13O10P",1,"DAHP",FALSE,NA,"DAHP (conf: 6)"
"Damascenine",5,195.0894806,2.70635321,"C10H13NO3",8,"Damascenine",FALSE,NA,"Damascenine (conf: 5)"
"Danielone",5,212.0685216,7.679608072,"C10H12O5",20,"Danielone",FALSE,NA,"Danielone (conf: 5)"
"dapsone hydroxylamine",7,300.0338899,10.80808017,"C12H12N2O3S",1,"dapsone.hydroxylamine",FALSE,NA,"dapsone hydroxylamine (conf: 7)"
"Darlingine",7,219.1258275,4.572197846,"C13H17NO2",7,"Darlingine",FALSE,NA,"Darlingine (conf: 7)"
"Darlingine",7,241.107819,8.437939305,"C13H17NO2",7,"Darlingine.1",FALSE,NA,"Darlingine (conf: 7)"
"deacetylravidomycin V",5,521.2047889,9.418006388,"C29H31NO8",1,"deacetylravidomycin.V",FALSE,NA,"deacetylravidomycin V (conf: 5)"
"decadienoic acid",8,168.1150196,4.334125831,"C10H16O2",63,"decadienoic.acid",FALSE,NA,"decadienoic acid (conf: 8)"
"decanamide",5,171.162272,25.55738151,"C10H21NO",2,"decanamide",FALSE,NA,"decanamide (conf: 5)"
"Decanoylcarnitine",5,315.2410333,3.60636723,"C17H33NO4",1,"Decanoylcarnitine",FALSE,NA,"Decanoylcarnitine (conf: 5)"
"Decanoylcholine",7,257.235437,6.865974705,"C15H31NO2",1,"Decanoylcholine",FALSE,NA,"Decanoylcholine (conf: 7)"
"Dehydro-4-methoxycyclobrassinin",5,262.0235925,5.43098334,"C12H10N2OS2",1,"Dehydro.4.methoxycyclobrassinin",FALSE,NA,"Dehydro-4-methoxycyclobrassinin (conf: 5)"
"Dehydro-4-methoxycyclobrassinin",7,262.0236247,11.1166506,"C12H10N2OS2",1,"Dehydro.4.methoxycyclobrassinin.1",FALSE,NA,"Dehydro-4-methoxycyclobrassinin (conf: 7)"
"Dehydroascorbate",6,174.0161606,7.047722568,"C6H6O6",5,"Dehydroascorbate",FALSE,NA,"Dehydroascorbate (conf: 6)"
"Dehydroascorbate",6,174.0163958,6.407878966,"C6H6O6",5,"Dehydroascorbate.1",FALSE,NA,"Dehydroascorbate (conf: 6)"
"Dehydroascorbate",6,174.0164139,8.323946766,"C6H6O6",5,"Dehydroascorbate.2",FALSE,NA,"Dehydroascorbate (conf: 6)"
"Dehydroascorbate",8,174.0164474,9.205457527,"C6H6O6",5,"Dehydroascorbate.3",FALSE,NA,"Dehydroascorbate (conf: 8)"
"dehydrocyclopeptine",7,278.1056153,5.282996799,"C17H14N2O2",1,"dehydrocyclopeptine",FALSE,NA,"dehydrocyclopeptine (conf: 7)"
"Dehydrodolineone",5,334.0471283,7.669022013,"C19H10O6",1,"Dehydrodolineone",FALSE,NA,"Dehydrodolineone (conf: 5)"
"Dehydrodolineone",5,334.0482752,18.54277778,"C19H10O6",1,"Dehydrodolineone.1",FALSE,NA,"Dehydrodolineone (conf: 5)"
"Dehydrojuvabione",5,264.1725846,2.809338723,"C16H24O3",4,"Dehydrojuvabione",FALSE,NA,"Dehydrojuvabione (conf: 5)"
"Dehydrosiphonochalynol",7,302.1665962,2.847330475,"C22H22O",1,"Dehydrosiphonochalynol",FALSE,NA,"Dehydrosiphonochalynol (conf: 7)"
"Dehydrovomifoliol",7,222.1256432,2.758098364,"C13H18O3",13,"Dehydrovomifoliol",FALSE,NA,"Dehydrovomifoliol (conf: 7)"
"Dehydroxymethylflazine",7,278.0686428,14.14191723,"C16H10N2O3",1,"Dehydroxymethylflazine",FALSE,NA,"Dehydroxymethylflazine (conf: 7)"
"Deidaclin",5,271.1055036,7.348285454,"C12H17NO6",3,"Deidaclin",FALSE,NA,"Deidaclin (conf: 5)"
"Deidaclin",5,271.1056505,6.816998273,"C12H17NO6",3,"Deidaclin.1",FALSE,NA,"Deidaclin (conf: 5)"
"Deidaclin",5,271.1056704,8.633184475,"C12H17NO6",3,"Deidaclin.2",FALSE,NA,"Deidaclin (conf: 5)"
"Deidaclin",5,271.1057068,5.409764923,"C12H17NO6",3,"Deidaclin.3",FALSE,NA,"Deidaclin (conf: 5)"
"Deidaclin",5,271.1057139,7.905443548,"C12H17NO6",3,"Deidaclin.4",FALSE,NA,"Deidaclin (conf: 5)"
"Delphinidin 3-glucoside",5,464.0959399,6.08588501,"C21H20O12",66,"Delphinidin.3.glucoside",FALSE,NA,"Delphinidin 3-glucoside (conf: 5)"
"delta-Guanidinovaleric acid",5,159.1007858,10.04093218,"C6H13N3O2",1,"delta.Guanidinovaleric.acid",FALSE,NA,"delta-Guanidinovaleric acid (conf: 5)"
"delta(L-2-Aminoadipyl)-L-cysteinyl-D-valine",7,363.1465223,8.340501894,"C14H25N3O6S",7,"delta.L.2.Aminoadipyl..L.cysteinyl.D.valine",FALSE,NA,"delta(L-2-Aminoadipyl)-L-cysteinyl-D-valine (conf: 7)"
"Demonomethylchlorpromazine",5,304.0796692,5.077440792,"C16H17ClN2S",1,"Demonomethylchlorpromazine",FALSE,NA,"Demonomethylchlorpromazine (conf: 5)"
"Deoxy-5-methylcytidylate",5,321.0731487,9.854478718,"C10H16N3O7P",1,"Deoxy.5.methylcytidylate",FALSE,NA,"Deoxy-5-methylcytidylate (conf: 5)"
"Deoxyadenosine monophosphate",10,331.0681521,8.704226404,"C10H14N5O6P",3,"Deoxyadenosine.monophosphate",TRUE,"","Deoxyadenosine monophosphate (conf: 10)"
"Deoxycytidine",10,249.0724835,6.303790983,"C9H13N3O4",1,"Deoxycytidine",TRUE,"","Deoxycytidine (conf: 10)"
"Deoxygomisin A",5,400.188255,5.036062569,"C23H28O6",5,"Deoxygomisin.A",FALSE,NA,"Deoxygomisin A (conf: 5)"
"Deoxyguanidinoproclavaminic acid",5,228.122199,5.585351738,"C9H16N4O3",1,"Deoxyguanidinoproclavaminic.acid",FALSE,NA,"Deoxyguanidinoproclavaminic acid (conf: 5)"
"Deoxyguanidinoproclavaminic acid",7,228.1222412,10.09920633,"C9H16N4O3",1,"Deoxyguanidinoproclavaminic.acid.1",FALSE,NA,"Deoxyguanidinoproclavaminic acid (conf: 7)"
"Deoxyinosine",8,274.0677865,5.153356355,"C10H12N4O4",4,"Deoxyinosine",FALSE,NA,"Deoxyinosine (conf: 8)"
"Deoxyloganic acid",5,360.1414774,4.464631161,"C16H24O9",5,"Deoxyloganic.acid",FALSE,NA,"Deoxyloganic acid (conf: 5)"
"Deoxyloganic acid",5,360.141481,7.358021496,"C16H24O9",5,"Deoxyloganic.acid.1",FALSE,NA,"Deoxyloganic acid (conf: 5)"
"Deoxyloganin",5,374.1575452,4.436180115,"C17H26O9",1,"Deoxyloganin",FALSE,NA,"Deoxyloganin (conf: 5)"
"Deoxyloganin",5,374.1575699,2.887128481,"C17H26O9",1,"Deoxyloganin.1",FALSE,NA,"Deoxyloganin (conf: 5)"
"Deoxynupharidine",7,233.1779588,2.648845705,"C15H23NO",2,"Deoxynupharidine",FALSE,NA,"Deoxynupharidine (conf: 7)"
"deoxypumiloside",5,496.184282,4.916954005,"C26H28N2O8",1,"deoxypumiloside",FALSE,NA,"deoxypumiloside (conf: 5)"
"Deoxyribose",6,134.0579136,5.510258057,"C5H10O4",13,"Deoxyribose",FALSE,NA,"Deoxyribose (conf: 6)"
"Deoxyribose 5-monophosphate",8,214.0242211,9.932724688,"C5H11O7P",7,"Deoxyribose.5.monophosphate",FALSE,NA,"Deoxyribose 5-monophosphate (conf: 8)"
"Deoxyuridine",10,228.0747409,4.873154616,"C9H12N2O5",3,"Deoxyuridine",TRUE,"","Deoxyuridine (conf: 10)"
"Depdecin",7,228.100012,3.02617957,"C11H16O5",3,"Depdecin",FALSE,NA,"Depdecin (conf: 7)"
"Dermatan",5,517.1461679,7.832831641,"C18H31NO14S",1,"Dermatan",FALSE,NA,"Dermatan (conf: 5)"
"Desethylchloroquine",5,291.1506111,2.869129304,"C16H22ClN3",1,"Desethylchloroquine",FALSE,NA,"Desethylchloroquine (conf: 5)"
"desulfo-7-deoxycylindrospermopsin",7,319.1632966,8.400654416,"C15H21N5O3",1,"desulfo.7.deoxycylindrospermopsin",FALSE,NA,"desulfo-7-deoxycylindrospermopsin (conf: 7)"
"Desulfoglucotropeolin",7,329.0933332,4.742148204,"C14H19NO6S",3,"Desulfoglucotropeolin",FALSE,NA,"Desulfoglucotropeolin (conf: 7)"
"Dethiobiotin",6,214.1315167,5.339651653,"C10H18N2O3",3,"Dethiobiotin",FALSE,NA,"Dethiobiotin (conf: 6)"
"Dethiobiotin",6,214.1316324,8.816381147,"C10H18N2O3",3,"Dethiobiotin.1",FALSE,NA,"Dethiobiotin (conf: 6)"
"Dethiobiotin",6,214.1316496,8.038888697,"C10H18N2O3",3,"Dethiobiotin.3",FALSE,NA,"Dethiobiotin (conf: 6)"
"Dethiobiotin",6,214.1317138,6.023515024,"C10H18N2O3",3,"Dethiobiotin.4",FALSE,NA,"Dethiobiotin (conf: 6)"
"Dethiobiotin",8,214.1316362,4.434901625,"C10H18N2O3",3,"Dethiobiotin.2",FALSE,NA,"Dethiobiotin (conf: 8)"
"DG(1,3-16:0)(D5)",7,590.5642767,3.438526452,"C35H63D5O5",1,"DG.1_3.16.0..D5.",FALSE,NA,"DG(1,3-16:0)(D5) (conf: 7)"
"DG(23:0)",5,442.365868,2.416233351,"C26H50O5",1,"DG.23.0.",FALSE,NA,"DG(23:0) (conf: 5)"
"DG(30:3)",6,534.4289803,2.322929865,"C33H58O5",1,"DG.30.3.",FALSE,NA,"DG(30:3) (conf: 6)"
"DG(31:2)",6,550.4605132,2.330635053,"C34H62O5",1,"DG.31.2.",FALSE,NA,"DG(31:2) (conf: 6)"
"DG(31:3)",6,548.4444511,2.364056879,"C34H60O5",1,"DG.31.3.",FALSE,NA,"DG(31:3) (conf: 6)"
"DG(33:5)",6,572.4447071,2.324209761,"C36H60O5",1,"DG.33.5.",FALSE,NA,"DG(33:5) (conf: 6)"
"DG(36:2)",8,642.5208673,3.18758908,"C39H72O5",1,"DG.36.2.",FALSE,NA,"DG(36:2) (conf: 8)"
"DG(36:3)",8,640.5051753,3.211497103,"C39H70O5",1,"DG.36.3.",FALSE,NA,"DG(36:3) (conf: 8)"
"DG(P-32:1)",6,550.4968576,3.530471523,"C35H66O4",5,"DG.P.32.1.",FALSE,NA,"DG(P-32:1) (conf: 6)"
"DHAP(18:0)",5,422.2796928,2.93007759,"C21H43O6P",3,"DHAP.18.0.",FALSE,NA,"DHAP(18:0) (conf: 5)"
"Di-n-heptyl phthalate",5,362.2453884,2.481244256,"C22H34O4",18,"Di.n.heptyl.phthalate",FALSE,NA,"Di-n-heptyl phthalate (conf: 5)"
"Diacetylfusarochromanone",5,376.1636893,4.514278336,"C19H24N2O6",1,"Diacetylfusarochromanone",FALSE,NA,"Diacetylfusarochromanone (conf: 5)"
"Diaminopimelic acid",10,190.0952787,13.37562526,"C7H14N2O4",7,"Diaminopimelic.acid",TRUE,"","Diaminopimelic acid (conf: 10)"
"DIBOA-Glc",5,343.0902869,6.408046538,"C14H17NO9",2,"DIBOA.Glc",FALSE,NA,"DIBOA-Glc (conf: 5)"
"dichloro-7,11-dimethyl-3-methylene-hydroxy-12-tridecatrienoic acid",7,368.0709642,8.435873588,"C16H22Cl2O3",1,"dichloro.7_11.dimethyl.3.methylene.hydroxy.12.tridecatrienoic.acid",FALSE,NA,"dichloro-7,11-dimethyl-3-methylene-hydroxy-12-tridecatrienoic acid (conf: 7)"
"dichloro-7,11-dimethyl-3-methylene-hydroxy-12-tridecatrienoic acid",7,368.0717414,10.65569838,"C16H22Cl2O3",1,"dichloro.7_11.dimethyl.3.methylene.hydroxy.12.tridecatrienoic.acid.1",FALSE,NA,"dichloro-7,11-dimethyl-3-methylene-hydroxy-12-tridecatrienoic acid (conf: 7)"
"Dichotosinin",5,478.1841858,4.667324163,"C24H30O10",2,"Dichotosinin",FALSE,NA,"Dichotosinin (conf: 5)"
"Diclobutrazol",5,327.0907071,2.479450577,"C15H19Cl2N3O",1,"Diclobutrazol",FALSE,NA,"Diclobutrazol (conf: 5)"
"Dictyoquinazol C",7,359.1482005,7.868402819,"C18H18N2O5",1,"Dictyoquinazol.C",FALSE,NA,"Dictyoquinazol C (conf: 7)"
"Didesmethyl doxepin",5,251.1310585,25.53619359,"C17H17NO",1,"Didesmethyl.doxepin",FALSE,NA,"Didesmethyl doxepin (conf: 5)"
"Dieporeticenin",5,572.4808706,2.447805769,"C37H64O4",2,"Dieporeticenin",FALSE,NA,"Dieporeticenin (conf: 5)"
"Diethanolamine",10,105.0788842,11.79580062,"C4H11NO2",2,"Diethanolamine",TRUE,"","Diethanolamine (conf: 10)"
"Diethofencarb",5,267.1471401,4.435806455,"C14H21NO4",3,"Diethofencarb",FALSE,NA,"Diethofencarb (conf: 5)"
"Diethyl adipate",5,202.1204851,2.758178489,"C10H18O4",10,"Diethyl.adipate",FALSE,NA,"Diethyl adipate (conf: 5)"
"Diethyl sulfate",5,154.0300111,5.764828359,"C4H10O4S",2,"Diethyl.sulfate",FALSE,NA,"Diethyl sulfate (conf: 5)"
"Diethyl tartrate",5,206.0791408,5.675663249,"C8H14O6",1,"Diethyl.tartrate.1",FALSE,NA,"Diethyl tartrate (conf: 5)"
"Diethyl tartrate",5,206.07922,5.133030668,"C8H14O6",1,"Diethyl.tartrate.2",FALSE,NA,"Diethyl tartrate (conf: 5)"
"Diethyl tartrate",7,206.0790917,10.65576618,"C8H14O6",1,"Diethyl.tartrate",FALSE,NA,"Diethyl tartrate (conf: 7)"
"Diethylhexyl adipate",5,370.3081068,2.442034945,"C22H42O4",6,"Diethylhexyl.adipate",FALSE,NA,"Diethylhexyl adipate (conf: 5)"
"diformylkynurenine",5,264.074769,6.048833895,"C12H12N2O5",1,"diformylkynurenine",FALSE,NA,"diformylkynurenine (conf: 5)"
"Dihomocholic acid",5,436.3187651,2.420015564,"C26H44O5",7,"Dihomocholic.acid",FALSE,NA,"Dihomocholic acid (conf: 5)"
"dihomocitrate",5,220.0583354,10.0485323,"C8H12O7",3,"dihomocitrate",FALSE,NA,"dihomocitrate (conf: 5)"
"dihomomethionine",5,177.0824687,4.053779891,"C7H15NO2S",2,"dihomomethionine",FALSE,NA,"dihomomethionine (conf: 5)"
"Dihydro-2,4-dimethyl-6-(2-methylpropyl)-4H-1,3,5-dithiazine",7,205.0955013,2.719942238,"C9H19NS2",4,"Dihydro.2_4.dimethyl.6..2.methylpropyl..4H.1_3_5.dithiazine",FALSE,NA,"Dihydro-2,4-dimethyl-6-(2-methylpropyl)-4H-1,3,5-dithiazine (conf: 7)"
"Dihydro-4-mercapto-3(2H)-furanone",7,118.0087538,7.480102872,"C4H6O2S",2,"Dihydro.4.mercapto.3.2H..furanone",FALSE,NA,"Dihydro-4-mercapto-3(2H)-furanone (conf: 7)"
"Dihydrobiopterin",8,239.1018316,7.833498269,"C9H13N5O3",3,"Dihydrobiopterin",FALSE,NA,"Dihydrobiopterin (conf: 8)"
"Dihydrocaffeic acid 3-O-glucuronide",7,358.0899758,13.72874258,"C15H18O10",17,"Dihydrocaffeic.acid.3.O.glucuronide",FALSE,NA,"Dihydrocaffeic acid 3-O-glucuronide (conf: 7)"
"dihydrocamalexate",7,246.0465101,5.760183312,"C12H10N2O2S",1,"dihydrocamalexate",FALSE,NA,"dihydrocamalexate (conf: 7)"
"Dihydroclavaminic acid",5,200.0796552,6.878033874,"C8H12N2O4",1,"Dihydroclavaminic.acid",FALSE,NA,"Dihydroclavaminic acid (conf: 5)"
"Dihydroferulic acid 4-sulfate",5,276.0304494,12.29744301,"C10H12O7S",2,"Dihydroferulic.acid.4.sulfate.2",FALSE,NA,"Dihydroferulic acid 4-sulfate (conf: 5)"
"Dihydroferulic acid 4-sulfate",7,276.0304435,7.843240286,"C10H12O7S",2,"Dihydroferulic.acid.4.sulfate",FALSE,NA,"Dihydroferulic acid 4-sulfate (conf: 7)"
"Dihydroferulic acid 4-sulfate",7,276.0304466,9.507653458,"C10H12O7S",2,"Dihydroferulic.acid.4.sulfate.1",FALSE,NA,"Dihydroferulic acid 4-sulfate (conf: 7)"
"Dihydronaringenin-O-sulphate",7,354.0409363,4.738670803,"C15H14O8S",13,"Dihydronaringenin.O.sulphate",FALSE,NA,"Dihydronaringenin-O-sulphate (conf: 7)"
"dihydrophaseic acid 4-O-beta-D-glucoside",5,444.1995943,6.121411773,"C21H32O10",2,"dihydrophaseic.acid.4.O.beta.D.glucoside",FALSE,NA,"dihydrophaseic acid 4-O-beta-D-glucoside (conf: 5)"
"dihydrothymidine",5,244.1059672,8.362344656,"C10H16N2O5",7,"dihydrothymidine",FALSE,NA,"dihydrothymidine (conf: 5)"
"dihydrothymidine",5,244.1059804,9.170168772,"C10H16N2O5",7,"dihydrothymidine.1",FALSE,NA,"dihydrothymidine (conf: 5)"
"dihydrothymidine",5,244.1060915,5.123855378,"C10H16N2O5",7,"dihydrothymidine.2",FALSE,NA,"dihydrothymidine (conf: 5)"
"dihydrothymidine",5,244.1061168,4.593409663,"C10H16N2O5",7,"dihydrothymidine.3",FALSE,NA,"dihydrothymidine (conf: 5)"
"Dihydrouracil",8,114.0428456,7.732925776,"C4H6N2O2",6,"Dihydrouracil",FALSE,NA,"Dihydrouracil (conf: 8)"
"Dihydrouracil",8,114.0429108,4.569420402,"C4H6N2O2",6,"Dihydrouracil.1",FALSE,NA,"Dihydrouracil (conf: 8)"
"Dihydroxyacetone phosphate",6,169.9980281,11.04072876,"C3H7O6P",3,"Dihydroxyacetone.phosphate",FALSE,NA,"Dihydroxyacetone phosphate (conf: 6)"
"Dihydrozeatin-O-glucoside",5,383.180409,8.316296988,"C16H25N5O6",12,"Dihydrozeatin.O.glucoside",FALSE,NA,"Dihydrozeatin-O-glucoside (conf: 5)"
"Dihydrozeatin riboside monophosphate",5,433.1367612,10.08692248,"C15H24N5O8P",1,"Dihydrozeatin.riboside.monophosphate",FALSE,NA,"Dihydrozeatin riboside monophosphate (conf: 5)"
"Dimethoate",5,228.9996534,5.346400574,"C5H12NO3PS2",1,"Dimethoate",FALSE,NA,"Dimethoate (conf: 5)"
"Dimethyl 2-galloylgalactarate",5,390.0803706,7.878632732,"C15H18O12",1,"Dimethyl.2.galloylgalactarate",FALSE,NA,"Dimethyl 2-galloylgalactarate (conf: 5)"
"Dimethyl sulfone",7,94.00870799,5.303987597,"C2H6O2S",2,"Dimethyl.sulfone",FALSE,NA,"Dimethyl sulfone (conf: 7)"
"Dimethylallyltryptophan",7,289.1791396,4.416790312,"C16H20N2O2",2,"Dimethylallyltryptophan",FALSE,NA,"Dimethylallyltryptophan (conf: 7)"
"Dimethyldisulfide",7,93.99097542,5.977021253,"C2H6S2",4,"Dimethyldisulfide",FALSE,NA,"Dimethyldisulfide (conf: 7)"
"Dimethylenetriurea",7,226.0789481,7.510151082,"C5H12N6O3",1,"Dimethylenetriurea",FALSE,NA,"Dimethylenetriurea (conf: 7)"
"Dimethylethanolamine",7,89.08403445,10.27419676,"C4H11NO",6,"Dimethylethanolamine",FALSE,NA,"Dimethylethanolamine (conf: 7)"
"Dimethylglycine",10,103.0632267,7.658713441,"C4H9NO2",17,"Dimethylglycine",TRUE,"","Dimethylglycine (conf: 10)"
"dimethylsuberimidate",7,200.1523498,10.36203105,"C10H20N2O2",3,"dimethylsuberimidate",FALSE,NA,"dimethylsuberimidate (conf: 7)"
"Dimethylsulfonioacetate",5,120.0243744,10.42487217,"C4H8O2S",8,"Dimethylsulfonioacetate",FALSE,NA,"Dimethylsulfonioacetate (conf: 5)"
"Dinorcapsaicin",7,277.1677489,2.516652688,"C16H23NO3",2,"Dinorcapsaicin",FALSE,NA,"Dinorcapsaicin (conf: 7)"
"Dinoseb acetate",7,299.1118734,5.191178192,"C12H14N2O6",1,"Dinoseb.acetate",FALSE,NA,"Dinoseb acetate (conf: 7)"
"Diosbulbinoside F",7,560.1864884,11.93384203,"C26H34O12",2,"Diosbulbinoside.F",FALSE,NA,"Diosbulbinoside F (conf: 7)"
"Diphenylmercury",5,356.0484049,10.61504669,"C12H10Hg",1,"Diphenylmercury",FALSE,NA,"Diphenylmercury (conf: 5)"
"Diphthamide",7,297.1799553,16.68835288,"C13H23N5O3",1,"Diphthamide",FALSE,NA,"Diphthamide (conf: 7)"
"dithioholomycin",5,216.0029777,8.524834416,"C7H8N2O2S2",1,"dithioholomycin",FALSE,NA,"dithioholomycin (conf: 5)"
"Dityrosine",5,360.1325193,10.96435466,"C18H20N2O6",5,"Dityrosine",FALSE,NA,"Dityrosine (conf: 5)"
"diuron",7,249.043718,19.69609664,"C9H10Cl2N2O",1,"diuron",FALSE,NA,"diuron (conf: 7)"
"diuron",7,249.0437618,8.488940856,"C9H10Cl2N2O",1,"diuron.1",FALSE,NA,"diuron (conf: 7)"
"Djenkolic acid",7,254.0395588,11.50262022,"C7H14N2O4S2",1,"Djenkolic.acid",FALSE,NA,"Djenkolic acid (conf: 7)"
"DL-2-Aminooctanoic acid",7,159.1259841,8.687429038,"C8H17NO2",7,"DL.2.Aminooctanoic.acid",FALSE,NA,"DL-2-Aminooctanoic acid (conf: 7)"
"DL-beta-hydroxynorvaline",5,133.073824,11.28238604,"C5H11NO3",7,"DL.beta.hydroxynorvaline",FALSE,NA,"DL-beta-hydroxynorvaline (conf: 5)"
"DL-Ornithino-L-alanine",5,219.1216201,6.717085425,"C8H17N3O4",1,"DL.Ornithino.L.alanine",FALSE,NA,"DL-Ornithino-L-alanine (conf: 5)"
"Docosa-4,7,10,13,16-pentaenoyl carnitine",5,473.350783,2.734417767,"C29H47NO4",4,"Docosa.4_7_10_13_16.pentaenoyl.carnitine",FALSE,NA,"Docosa-4,7,10,13,16-pentaenoyl carnitine (conf: 5)"
"Docosahexaenoic acid",5,328.2402212,2.358806312,"C22H32O2",15,"Docosahexaenoic.acid",FALSE,NA,"Docosahexaenoic acid (conf: 5)"
"Docosene",7,325.3709774,3.526339238,"C22H44",4,"Docosene",FALSE,NA,"Docosene (conf: 7)"
"Dodecanamide",7,199.1935978,2.624691403,"C12H25NO",1,"Dodecanamide",FALSE,NA,"Dodecanamide (conf: 7)"
"Dodecanedioic acid",5,230.1516833,4.441306969,"C12H22O4",7,"Dodecanedioic.acid",FALSE,NA,"Dodecanedioic acid (conf: 5)"
"Dodecanedioylcarnitine",5,373.2465678,3.095441393,"C19H35NO6",2,"Dodecanedioylcarnitine",FALSE,NA,"Dodecanedioylcarnitine (conf: 5)"
"Dodecanedioylcarnitine",5,373.2465751,3.541307471,"C19H35NO6",2,"Dodecanedioylcarnitine.1",FALSE,NA,"Dodecanedioylcarnitine (conf: 5)"
"Dodecanoic acid",8,200.1776283,2.497707539,"C12H24O2",21,"Dodecanoic.acid",FALSE,NA,"Dodecanoic acid (conf: 8)"
"Dodecanoylcarnitine",7,343.2723807,2.984680635,"C19H37NO4",3,"Dodecanoylcarnitine",FALSE,NA,"Dodecanoylcarnitine (conf: 7)"
"dodecyl sulfate",7,266.1552361,2.31094677,"C12H26O4S",2,"dodecyl.sulfate",FALSE,NA,"dodecyl sulfate (conf: 7)"
"Domesticoside",5,344.1106602,8.310223668,"C15H20O9",8,"Domesticoside",FALSE,NA,"Domesticoside (conf: 5)"
"Dopa",6,197.0688626,6.698079866,"C9H11NO4",4,"Dopa",FALSE,NA,"Dopa (conf: 6)"
"Dopa",6,197.0690106,5.569490822,"C9H11NO4",4,"Dopa.1",FALSE,NA,"Dopa (conf: 6)"
"Dopa",8,243.0744817,8.286836538,"C9H11NO4",4,"Dopa.2",FALSE,NA,"Dopa (conf: 8)"
"DOPA sulfate",5,277.025707,6.285190473,"C9H11NO7S",1,"DOPA.sulfate.2",FALSE,NA,"DOPA sulfate (conf: 5)"
"DOPA sulfate",7,277.0256786,9.235024196,"C9H11NO7S",1,"DOPA.sulfate",FALSE,NA,"DOPA sulfate (conf: 7)"
"DOPA sulfate",7,277.0256988,5.801845823,"C9H11NO7S",1,"DOPA.sulfate.1",FALSE,NA,"DOPA sulfate (conf: 7)"
"Dopachrome",6,193.0376487,8.265577557,"C9H7NO4",4,"Dopachrome",FALSE,NA,"Dopachrome (conf: 6)"
"Dopamine",6,153.0789574,4.541437096,"C8H11NO2",6,"Dopamine",FALSE,NA,"Dopamine (conf: 6)"
"Dopamine glucuronide",5,329.1107897,6.174903078,"C14H19NO8",1,"Dopamine.glucuronide",FALSE,NA,"Dopamine glucuronide (conf: 5)"
"Dopamine glucuronide",5,329.1109208,6.94507779,"C14H19NO8",1,"Dopamine.glucuronide.1",FALSE,NA,"Dopamine glucuronide (conf: 5)"
"Dopamine glucuronide",7,329.1111771,12.97440732,"C14H19NO8",1,"Dopamine.glucuronide.2",FALSE,NA,"Dopamine glucuronide (conf: 7)"
"Dopamine quinone",7,151.0633219,10.41227584,"C8H9NO2",19,"Dopamine.quinone",FALSE,NA,"Dopamine quinone (conf: 7)"
"Dopaquinone",6,195.0532332,5.778160226,"C9H9NO4",17,"Dopaquinone",FALSE,NA,"Dopaquinone (conf: 6)"
"Dopaxanthin",7,426.083344,8.318984531,"C18H18N2O8",1,"Dopaxanthin",FALSE,NA,"Dopaxanthin (conf: 7)"
"Dracorubin",5,488.1616648,7.204336215,"C32H24O5",1,"Dracorubin",FALSE,NA,"Dracorubin (conf: 5)"
"Droxidopa",5,213.0638043,8.427736541,"C9H11NO5",3,"Droxidopa",FALSE,NA,"Droxidopa (conf: 5)"
"dTDP-4-amino-4,6-dideoxy-5-C-methyl-L-mannose",7,607.1171998,6.345169143,"C17H29N3O14P2",1,"dTDP.4.amino.4_6.dideoxy.5.C.methyl.L.mannose",FALSE,NA,"dTDP-4-amino-4,6-dideoxy-5-C-methyl-L-mannose (conf: 7)"
"dTDP-L-epivancosamine",5,545.1168321,6.340564082,"C17H29N3O13P2",2,"dTDP.L.epivancosamine",FALSE,NA,"dTDP-L-epivancosamine (conf: 5)"
"dUDP",6,388.0076293,13.03248512,"C9H14N2O11P2",1,"dUDP",FALSE,NA,"dUDP (conf: 6)"
"Duloxetine",7,343.1239795,12.30728451,"C18H19NOS",1,"Duloxetine",FALSE,NA,"Duloxetine (conf: 7)"
"Durlettone",5,336.1356448,10.70883568,"C21H20O4",7,"Durlettone",FALSE,NA,"Durlettone (conf: 5)"
"Durlettone",5,336.1356586,9.231282727,"C21H20O4",7,"Durlettone.1",FALSE,NA,"Durlettone (conf: 5)"
"Dyspropterin",8,259.0681771,7.111132777,"C9H11N5O3",4,"Dyspropterin",FALSE,NA,"Dyspropterin (conf: 8)"
"Ecgonine",5,185.1051172,8.888734945,"C9H15NO3",10,"Ecgonine",FALSE,NA,"Ecgonine (conf: 5)"
"Ectoine",10,142.0742655,8.36571775,"C6H10N2O2",1,"Ectoine",TRUE,"","Ectoine (conf: 10)"
"eicosadienoylcarnitine",5,451.3663715,2.75521182,"C27H49NO4",1,"eicosadienoylcarnitine",FALSE,NA,"eicosadienoylcarnitine (conf: 5)"
"eicoseneoylcarnitine",5,453.3819317,2.735484984,"C27H51NO4",1,"eicoseneoylcarnitine",FALSE,NA,"eicoseneoylcarnitine (conf: 5)"
"Eicosenoic acid",8,310.2872154,2.364269355,"C20H38O2",25,"Eicosenoic.acid",FALSE,NA,"Eicosenoic acid (conf: 8)"
"Elaidic carnitine",7,425.3506413,4.409872963,"C25H47NO4",6,"Elaidic.carnitine",FALSE,NA,"Elaidic carnitine (conf: 7)"
"Eletriptan N-oxide",7,398.1659538,8.356089444,"C22H26N2O3S",1,"Eletriptan.N.oxide",FALSE,NA,"Eletriptan N-oxide (conf: 7)"
"Elongatin",5,396.1201108,10.96504362,"C22H20O7",4,"Elongatin",FALSE,NA,"Elongatin (conf: 5)"
"Emodin 8-glucoside",5,432.1057855,4.674701156,"C21H20O10",36,"Emodin.8.glucoside",FALSE,NA,"Emodin 8-glucoside (conf: 5)"
"Enicoflavine",5,211.0845049,2.913185489,"C10H13NO4",3,"Enicoflavine",FALSE,NA,"Enicoflavine (conf: 5)"
"Enmein",5,362.1728075,3.001532539,"C20H26O6",19,"Enmein",FALSE,NA,"Enmein (conf: 5)"
"epicatechin-3'-O-glucuronide",5,452.1316883,6.301414367,"C21H24O11",25,"epicatechin.3..O.glucuronide",FALSE,NA,"epicatechin-3'-O-glucuronide (conf: 5)"
"Epinepetalactone",5,166.0994014,2.99136396,"C10H14O2",34,"Epinepetalactone",FALSE,NA,"Epinepetalactone (conf: 5)"
"Epinephrine",8,200.1161143,8.737347839,"C9H13NO3",5,"Epinephrine",FALSE,NA,"Epinephrine (conf: 8)"
"Epinephrine glucuronide",5,359.1217887,11.76245524,"C15H21NO9",2,"Epinephrine.glucuronide",FALSE,NA,"Epinephrine glucuronide (conf: 5)"
"Epinephrine sulfate",5,263.0463667,9.335970779,"C9H13NO6S",2,"Epinephrine.sulfate",FALSE,NA,"Epinephrine sulfate (conf: 5)"
"Epinephrine sulfate",7,263.0464859,8.481532106,"C9H13NO6S",2,"Epinephrine.sulfate.1",FALSE,NA,"Epinephrine sulfate (conf: 7)"
"epoxy-hydroxy-ETE",7,208.1310778,2.979592469,"C9H20O5",1,"epoxy.hydroxy.ETE",FALSE,NA,"epoxy-hydroxy-ETE (conf: 7)"
"Epsilon-(gamma-Glutamyl)-lysine",5,275.1481706,12.33943853,"C11H21N3O5",12,"Epsilon..gamma.Glutamyl..lysine",FALSE,NA,"Epsilon-(gamma-Glutamyl)-lysine (conf: 5)"
"epsilon-guanidinocaproate",7,173.116417,7.176542223,"C7H15N3O2",3,"epsilon.guanidinocaproate",FALSE,NA,"epsilon-guanidinocaproate (conf: 7)"
"Equisetolic acid",7,482.4336257,2.319572588,"C30H58O4",2,"Equisetolic.acid",FALSE,NA,"Equisetolic acid (conf: 7)"
"Ergine",7,267.1373234,4.467103264,"C16H17N3O",1,"Ergine",FALSE,NA,"Ergine (conf: 7)"
"Ergothioneine",10,229.0885675,9.669247156,"C9H15N3O2S",2,"Ergothioneine",TRUE,"","Ergothioneine (conf: 10)"
"Erosnin",7,337.058059,6.110112035,"C18H8O6",1,"Erosnin",FALSE,NA,"Erosnin (conf: 7)"
"erucamide",5,337.3346527,8.356522049,"C22H43NO",1,"erucamide.1",FALSE,NA,"erucamide (conf: 5)"
"erucamide",7,337.3344073,2.52771129,"C22H43NO",1,"erucamide",FALSE,NA,"erucamide (conf: 7)"
"Erybraedin E",7,348.1363598,12.31663334,"C22H20O4",2,"Erybraedin.E",FALSE,NA,"Erybraedin E (conf: 7)"
"Erysothiopine",5,407.103578,11.01691747,"C19H21NO7S",2,"Erysothiopine",FALSE,NA,"Erysothiopine (conf: 5)"
"Erythritol 4-phosphate",5,202.0242315,10.98700011,"C4H11O7P",2,"Erythritol.4.phosphate",FALSE,NA,"Erythritol 4-phosphate (conf: 5)"
"Erythrityl Tetranitrate",7,301.9984424,11.7708611,"C4H6N4O12",1,"Erythrityl.Tetranitrate",FALSE,NA,"Erythrityl Tetranitrate (conf: 7)"
"Erythroascorbic acid 1'-a-D-glucoside",5,308.0745204,8.341457463,"C11H16O10",1,"Erythroascorbic.acid.1..a.D.glucoside",FALSE,NA,"Erythroascorbic acid 1'-a-D-glucoside (conf: 5)"
"Erythronic acid",8,136.0369613,6.47796452,"C4H8O5",2,"Erythronic.acid",FALSE,NA,"Erythronic acid (conf: 8)"
"Erythronic acid",8,136.0371612,12.33548174,"C4H8O5",2,"Erythronic.acid.1",FALSE,NA,"Erythronic acid (conf: 8)"
"Erythronic acid",8,136.0371747,11.96566339,"C4H8O5",2,"Erythronic.acid.2",FALSE,NA,"Erythronic acid (conf: 8)"
"Erythronic acid",8,136.0371754,8.293099434,"C4H8O5",2,"Erythronic.acid.3",FALSE,NA,"Erythronic acid (conf: 8)"
"Erythrose",6,120.0422898,6.69485216,"C4H8O4",8,"Erythrose",FALSE,NA,"Erythrose (conf: 6)"
"Erythrose 4-phosphate",8,200.0085793,11.21675457,"C4H9O7P",5,"Erythrose.4.phosphate",FALSE,NA,"Erythrose 4-phosphate (conf: 8)"
"Erythrulose",8,120.0422927,6.249786,"C4H8O4",8,"Erythrulose",FALSE,NA,"Erythrulose (conf: 8)"
"Etaconazole",5,327.0543265,3.837563097,"C14H15Cl2N3O2",1,"Etaconazole",FALSE,NA,"Etaconazole (conf: 5)"
"Ethiin",5,165.0459528,7.134673088,"C5H11NO3S",2,"Ethiin",FALSE,NA,"Ethiin (conf: 5)"
"Ethiofencarb",5,225.0822373,4.690107482,"C11H15NO2S",1,"Ethiofencarb",FALSE,NA,"Ethiofencarb (conf: 5)"
"Ethyl -3-hydroxybutyrate",7,132.078599,3.027972043,"C6H12O3",18,"Ethyl..3.hydroxybutyrate",FALSE,NA,"Ethyl -3-hydroxybutyrate (conf: 7)"
"Ethyl -3-hydroxyhexanoate",5,160.1099263,3.020322041,"C8H16O3",18,"Ethyl..3.hydroxyhexanoate",FALSE,NA,"Ethyl -3-hydroxyhexanoate (conf: 5)"
"Ethyl (S)-3-hydroxybutyrate glucoside",5,294.1315502,5.923828195,"C12H22O8",1,"Ethyl..S..3.hydroxybutyrate.glucoside",FALSE,NA,"Ethyl (S)-3-hydroxybutyrate glucoside (conf: 5)"
"Ethyl (S)-3-hydroxybutyrate glucoside",7,294.1316329,5.074822963,"C12H22O8",1,"Ethyl..S..3.hydroxybutyrate.glucoside.1",FALSE,NA,"Ethyl (S)-3-hydroxybutyrate glucoside (conf: 7)"
"Ethyl 3-methyl-9H-carbazole-9-carboxylate",7,253.10989,11.80490977,"C16H15NO2",2,"Ethyl.3.methyl.9H.carbazole.9.carboxylate",FALSE,NA,"Ethyl 3-methyl-9H-carbazole-9-carboxylate (conf: 7)"
"Ethyl 7-epi-12-hydroxyjasmonate glucoside",5,416.2046075,3.02017334,"C20H32O9",1,"Ethyl.7.epi.12.hydroxyjasmonate.glucoside",FALSE,NA,"Ethyl 7-epi-12-hydroxyjasmonate glucoside (conf: 5)"
"Ethyl 7-epi-12-hydroxyjasmonate glucoside",7,452.1806971,5.831713998,"C20H32O9",1,"Ethyl.7.epi.12.hydroxyjasmonate.glucoside.1",FALSE,NA,"Ethyl 7-epi-12-hydroxyjasmonate glucoside (conf: 7)"
"Ethyl beta-D-glucopyranoside",5,208.0946969,4.762928891,"C8H16O6",2,"Ethyl.beta.D.glucopyranoside",FALSE,NA,"Ethyl beta-D-glucopyranoside (conf: 5)"
"Ethyl beta-D-glucopyranoside",7,208.0947656,5.129680481,"C8H16O6",2,"Ethyl.beta.D.glucopyranoside.1",FALSE,NA,"Ethyl beta-D-glucopyranoside (conf: 7)"
"Ethyl beta-D-glucopyranoside",7,230.0764679,7.230733933,"C8H16O6",2,"Ethyl.beta.D.glucopyranoside.2",FALSE,NA,"Ethyl beta-D-glucopyranoside (conf: 7)"
"Ethyl carbamate",5,89.04766504,5.221967734,"C3H7NO2",9,"Ethyl.carbamate",FALSE,NA,"Ethyl carbamate (conf: 5)"
"Ethyl decadienoic acid",7,196.1462982,4.321689228,"C12H20O2",46,"Ethyl.decadienoic.acid",FALSE,NA,"Ethyl decadienoic acid (conf: 7)"
"Ethyl glucuronide",5,222.0740323,11.99739939,"C8H14O7",3,"Ethyl.glucuronide",FALSE,NA,"Ethyl glucuronide (conf: 5)"
"Ethyladipic acid",7,174.089192,6.550494073,"C8H14O4",7,"Ethyladipic.acid",FALSE,NA,"Ethyladipic acid (conf: 7)"
"Ethylene brassylate",5,270.1830678,2.99381398,"C15H26O4",1,"Ethylene.brassylate",FALSE,NA,"Ethylene brassylate (conf: 5)"
"Ethylmethylacetic acid",5,102.0679962,3.016946222,"C5H10O2",22,"Ethylmethylacetic.acid",FALSE,NA,"Ethylmethylacetic acid (conf: 5)"
"Etrimfos",5,292.0641485,10.3929249,"C10H17N2O4PS",1,"Etrimfos",FALSE,NA,"Etrimfos (conf: 5)"
"Eucaglobulin",7,249.0873564,2.376938711,"C23H30O12",2,"Eucaglobulin",FALSE,NA,"Eucaglobulin (conf: 7)"
"Eucalyptin",5,326.1148158,12.60730629,"C19H18O5",11,"Eucalyptin",FALSE,NA,"Eucalyptin (conf: 5)"
"Eucalyptin",7,326.115012,4.997301106,"C19H18O5",11,"Eucalyptin.1",FALSE,NA,"Eucalyptin (conf: 7)"
"Euchrenone b3",5,462.1673106,25.20777962,"C27H26O7",1,"Euchrenone.b3",FALSE,NA,"Euchrenone b3 (conf: 5)"
"Eugenyl benzoate",5,268.1094129,13.6766065,"C17H16O3",2,"Eugenyl.benzoate",FALSE,NA,"Eugenyl benzoate (conf: 5)"
"Eupachloroxin",5,428.1233836,6.466673279,"C20H25ClO8",1,"Eupachloroxin",FALSE,NA,"Eupachloroxin (conf: 5)"
"Eupachloroxin",7,428.1235665,5.912411635,"C20H25ClO8",1,"Eupachloroxin.1",FALSE,NA,"Eupachloroxin (conf: 7)"
"Europine",5,329.18388,5.440671846,"C16H27NO6",1,"Europine.1",FALSE,NA,"Europine (conf: 5)"
"Europine",7,329.1837232,6.645847101,"C16H27NO6",1,"Europine",FALSE,NA,"Europine (conf: 7)"
"Europine",7,329.1839299,5.026189792,"C16H27NO6",1,"Europine.2",FALSE,NA,"Europine (conf: 7)"
"Ezetimibe",5,409.1496367,7.342496504,"C24H21F2NO3",1,"Ezetimibe",FALSE,NA,"Ezetimibe (conf: 5)"
"FA (12:1) Decenedioic acid",6,200.1048367,7.881078023,"C10H16O4",14,"FA..12.1..Decenedioic.acid",FALSE,NA,"FA (12:1) Decenedioic acid (conf: 6)"
"FA (12:1) Decenedioic acid",8,200.1048414,3.426341928,"C10H16O4",14,"FA..12.1..Decenedioic.acid.1",FALSE,NA,"FA (12:1) Decenedioic acid (conf: 8)"
"FA (12:2)",6,196.1463212,2.445426883,"C12H20O2",46,"FA..12.2.",FALSE,NA,"FA (12:2) (conf: 6)"
"FA (16:2)",6,252.2089453,2.428353767,"C16H28O2",27,"FA..16.2.",FALSE,NA,"FA (16:2) (conf: 6)"
"FA (18:3)",6,278.2246565,2.331331708,"C18H30O2",42,"FA..18.3.",FALSE,NA,"FA (18:3) (conf: 6)"
"FA (18:4)",6,276.2090055,2.336522035,"C18H28O2",69,"FA..18.4.",FALSE,NA,"FA (18:4) (conf: 6)"
"FA (20:3)",6,306.2558387,2.388405921,"C20H34O2",31,"FA..20.3.",FALSE,NA,"FA (20:3) (conf: 6)"
"FA (22:5)",6,330.2558105,2.360602868,"C22H34O2",16,"FA..22.5.",FALSE,NA,"FA (22:5) (conf: 6)"
"FA (26:3)",6,390.3499057,2.343159674,"C26H46O2",5,"FA..26.3.",FALSE,NA,"FA (26:3) (conf: 6)"
"FA (8:2)",6,140.0836937,4.448196772,"C8H12O2",28,"FA..8.2.",FALSE,NA,"FA (8:2) (conf: 6)"
"FA dimethyl(20:3)",6,334.2871143,2.397188515,"C22H38O2",13,"FA.dimethyl.20.3.",FALSE,NA,"FA dimethyl(20:3) (conf: 6)"
"FA dioxo(10:0)",6,200.1047934,4.396318251,"C10H16O4",14,"FA.dioxo.10.0.",FALSE,NA,"FA dioxo(10:0) (conf: 6)"
"FA hydroxy(12:1)",6,178.0629622,8.04414839,"C10H10O3",35,"FA.hydroxy.12.1.",FALSE,NA,"FA hydroxy(12:1) (conf: 6)"
"FA hydroxy(15:0)",8,258.2195429,2.52995105,"C15H30O3",10,"FA.hydroxy.15.0.",FALSE,NA,"FA hydroxy(15:0) (conf: 8)"
"FA hydroxy(18:1)",6,294.2195249,2.450636554,"C18H30O3",58,"FA.hydroxy.18.1.",FALSE,NA,"FA hydroxy(18:1) (conf: 6)"
"FA hydroxy(24:0)",8,382.3444927,2.378731192,"C24H46O3",5,"FA.hydroxy.24.0.",FALSE,NA,"FA hydroxy(24:0) (conf: 8)"
"FA hydroxy(26:0)",6,412.3915661,2.329748929,"C26H52O3",5,"FA.hydroxy.26.0.",FALSE,NA,"FA hydroxy(26:0) (conf: 6)"
"FA hydroxy(7:0)",6,146.0942445,2.960307542,"C7H14O3",15,"FA.hydroxy.7.0.",FALSE,NA,"FA hydroxy(7:0) (conf: 6)"
"FA methyl (8:1)",6,156.1150316,2.669253896,"C9H16O2",41,"FA.methyl..8.1.",FALSE,NA,"FA methyl (8:1) (conf: 6)"
"FA methyl(16:1)",6,268.2401511,2.408676886,"C17H32O2",27,"FA.methyl.16.1.",FALSE,NA,"FA methyl(16:1) (conf: 6)"
"FA methyl(8:0)",6,158.1306483,2.652743022,"C9H18O2",38,"FA.methyl.8.0.",FALSE,NA,"FA methyl(8:0) (conf: 6)"
"FA oxo(14:2) cyclopentanebutanoic acid",6,240.1725345,2.94544247,"C14H24O3",3,"FA.oxo.14.2..cyclopentanebutanoic.acid",FALSE,NA,"FA oxo(14:2) cyclopentanebutanoic acid (conf: 6)"
"FA oxo(14:2) cyclopentanebutanoic acid",6,240.1725684,2.514573128,"C14H24O3",3,"FA.oxo.14.2..cyclopentanebutanoic.acid.1",FALSE,NA,"FA oxo(14:2) cyclopentanebutanoic acid (conf: 6)"
"FA oxo(15:0)",6,256.2039061,2.734393756,"C15H28O3",7,"FA.oxo.15.0.",FALSE,NA,"FA oxo(15:0) (conf: 6)"
"FA oxo(16:0)",6,270.2194592,2.444621515,"C16H30O3",20,"FA.oxo.16.0.",FALSE,NA,"FA oxo(16:0) (conf: 6)"
"FA oxo(19:0)",8,312.2666231,4.020731698,"C19H36O3",4,"FA.oxo.19.0.",FALSE,NA,"FA oxo(19:0) (conf: 8)"
"FA oxo(21:0)",6,340.2978807,2.362321505,"C21H40O3",5,"FA.oxo.21.0.",FALSE,NA,"FA oxo(21:0) (conf: 6)"
"FA oxo(22:0)",6,354.3131793,2.435002702,"C22H42O3",6,"FA.oxo.22.0.",FALSE,NA,"FA oxo(22:0) (conf: 6)"
"FA(26:5)",7,386.3185324,2.395628488,"C26H42O2",3,"FA.26.5.",FALSE,NA,"FA(26:5) (conf: 7)"
"FAD",10,785.1581303,7.657776423,"C27H33N9O15P2",1,"FAD",TRUE,"","FAD (conf: 10)"
"Fagaramide",5,247.1208498,4.427141924,"C14H17NO3",1,"Fagaramide",FALSE,NA,"Fagaramide (conf: 5)"
"Fagaramide",5,247.1208856,2.945266674,"C14H17NO3",1,"Fagaramide.1",FALSE,NA,"Fagaramide (conf: 5)"
"Fagomine",5,147.0895281,7.656077428,"C6H13NO3",7,"Fagomine.1",FALSE,NA,"Fagomine (conf: 5)"
"Fagomine",5,147.0895469,8.517302161,"C6H13NO3",7,"Fagomine.2",FALSE,NA,"Fagomine (conf: 5)"
"Fagomine",7,147.0895262,9.300576388,"C6H13NO3",7,"Fagomine",FALSE,NA,"Fagomine (conf: 7)"
"Fasoracetam",5,196.1213716,3.036234468,"C10H16N2O2",4,"Fasoracetam.2",FALSE,NA,"Fasoracetam (conf: 5)"
"Fasoracetam",7,196.121136,7.022628965,"C10H16N2O2",4,"Fasoracetam",FALSE,NA,"Fasoracetam (conf: 7)"
"Fasoracetam",7,196.1211749,5.426844624,"C10H16N2O2",4,"Fasoracetam.1",FALSE,NA,"Fasoracetam (conf: 7)"
"Febrifugine",5,301.1427308,4.796600605,"C16H19N3O3",4,"Febrifugine",FALSE,NA,"Febrifugine (conf: 5)"
"Fentin",5,368.0225532,13.07586382,"C18H16OSn",1,"Fentin",FALSE,NA,"Fentin (conf: 5)"
"Ferulic acid 4-sulfate",5,274.0148418,9.387725174,"C10H10O7S",2,"Ferulic.acid.4.sulfate",FALSE,NA,"Ferulic acid 4-sulfate (conf: 5)"
"Fibrin",7,167.0669271,7.48494646,"C5H11N3O2",3,"Fibrin",FALSE,NA,"Fibrin (conf: 7)"
"Flavin Mononucleotide",8,456.1044665,7.596479324,"C17H21N4O9P",1,"Flavin.Mononucleotide",TRUE,"","Flavin Mononucleotide (conf: 8)"
"Floribundine",7,281.1415534,25.34034417,"C18H19NO2",2,"Floribundine",FALSE,NA,"Floribundine (conf: 7)"
"Floribundoside",5,434.121643,6.497577226,"C21H22O10",57,"Floribundoside",FALSE,NA,"Floribundoside (conf: 5)"
"Fludiazepam",5,302.0624687,7.727179867,"C16H12ClFN2O",1,"Fludiazepam",FALSE,NA,"Fludiazepam (conf: 5)"
"Flufenprox",5,450.1206207,8.308365482,"C24H22ClF3O3",1,"Flufenprox",FALSE,NA,"Flufenprox (conf: 5)"
"Flumiclorac-pentyl",7,423.1256226,6.271992493,"C21H23ClFNO5",1,"Flumiclorac.pentyl",FALSE,NA,"Flumiclorac-pentyl (conf: 7)"
"Flumipropyn",5,347.0722377,2.427240245,"C18H15ClFNO3",1,"Flumipropyn",FALSE,NA,"Flumipropyn (conf: 5)"
"Flurbiprofen glucuronide",5,420.1227269,9.260170379,"C21H21FO8",1,"Flurbiprofen.glucuronide",FALSE,NA,"Flurbiprofen glucuronide (conf: 5)"
"formycin A",5,269.1125516,6.19870947,"C10H15N5O4",4,"formycin.A",FALSE,NA,"formycin A (conf: 5)"
"formylaminopyrimidine",5,166.0854502,4.552733292,"C7H10N4O",1,"formylaminopyrimidine",FALSE,NA,"formylaminopyrimidine (conf: 5)"
"formylurea",5,88.02725082,8.438998938,"C2H4N2O2",1,"formylurea",FALSE,NA,"formylurea (conf: 5)"
"fosmidomycin",5,183.0296558,11.51974499,"C4H10NO5P",1,"fosmidomycin",FALSE,NA,"fosmidomycin (conf: 5)"
"Frovatriptan",7,279.1142694,3.995005763,"C14H17N3O",1,"Frovatriptan",FALSE,NA,"Frovatriptan (conf: 7)"
"Fructofuranose 1,2':2,3'-dianhydride",7,324.1057709,6.527613217,"C12H20O10",7,"Fructofuranose.1_2..2_3..dianhydride",FALSE,NA,"Fructofuranose 1,2':2,3'-dianhydride (conf: 7)"
"Fructose",8,180.0633947,11.73619788,"C6H12O6",18,"Fructose",FALSE,NA,"Fructose (conf: 8)"
"fucofuranose",6,164.0685488,4.997879603,"C6H12O5",19,"fucofuranose",FALSE,NA,"fucofuranose (conf: 6)"
"Fuconate",6,180.0633765,6.87512043,"C6H12O6",18,"Fuconate",FALSE,NA,"Fuconate (conf: 6)"
"Fucosamine",7,163.0844521,7.098069386,"C6H13NO4",14,"Fucosamine",FALSE,NA,"Fucosamine (conf: 7)"
"Fucose",6,164.068411,11.75132818,"C6H12O5",19,"Fucose",FALSE,NA,"Fucose (conf: 6)"
"Fucose",6,164.0684937,6.836263972,"C6H12O5",19,"Fucose.1",FALSE,NA,"Fucose (conf: 6)"
"Fucose 1-phosphate",8,244.034851,11.18240002,"C6H13O8P",5,"Fucose.1.phosphate",FALSE,NA,"Fucose 1-phosphate (conf: 8)"
"Fukinolic acid",7,434.0846157,8.269786665,"C20H18O11",4,"Fukinolic.acid",FALSE,NA,"Fukinolic acid (conf: 7)"
"Fumaric acid",8,116.0109725,7.369132241,"C4H4O4",4,"Fumaric.acid",FALSE,NA,"Fumaric acid (conf: 8)"
"fumiquinazoline F-indoline-3'-ol",7,396.1192442,11.11454489,"C21H18N4O3",1,"fumiquinazoline.F.indoline.3..ol",FALSE,NA,"fumiquinazoline F-indoline-3'-ol (conf: 7)"
"fumiquinazoline F-indoline-3'-ol",7,410.1146876,4.797204046,"C21H18N4O3",1,"fumiquinazoline.F.indoline.3..ol.1",FALSE,NA,"fumiquinazoline F-indoline-3'-ol (conf: 7)"
"Furaneol 4-(6-malonylglucoside)",7,412.0773732,3.1422284,"C15H20O11",1,"Furaneol.4..6.malonylglucoside.",FALSE,NA,"Furaneol 4-(6-malonylglucoside) (conf: 7)"
"Furano[2'',3'':6,7]aurone",5,262.0627466,9.208063519,"C17H10O3",1,"Furano.2.._3...6_7.aurone",FALSE,NA,"Furano[2'',3'':6,7]aurone (conf: 5)"
"Furanopetasitin",7,432.1970932,13.12051834,"C24H32O5S",1,"Furanopetasitin",FALSE,NA,"Furanopetasitin (conf: 7)"
"Furoparadine",5,311.0787564,10.8870489,"C17H13NO5",1,"Furoparadine",FALSE,NA,"Furoparadine (conf: 5)"
"futalosine",7,414.1180906,7.887466626,"C19H18N4O7",1,"futalosine",FALSE,NA,"futalosine (conf: 7)"
"Gabaculine",5,139.0632362,6.525272049,"C7H9NO2",5,"Gabaculine",FALSE,NA,"Gabaculine (conf: 5)"
"Gabaculine",7,139.0633105,4.949058631,"C7H9NO2",5,"Gabaculine.1",FALSE,NA,"Gabaculine (conf: 7)"
"Gal-GlcNAc(S)-Gal",5,625.1530671,10.31927792,"C20H35NO19S",1,"Gal.GlcNAc.S..Gal",FALSE,NA,"Gal-GlcNAc(S)-Gal (conf: 5)"
"Galactinol",6,342.1161268,12.89038877,"C12H22O11",29,"Galactinol",FALSE,NA,"Galactinol (conf: 6)"
"Galacto-2-heptulose",6,210.0740695,9.235392942,"C7H14O7",3,"Galacto.2.heptulose",FALSE,NA,"Galacto-2-heptulose (conf: 6)"
"Galactonic acid",8,196.0582936,8.908371562,"C6H12O7",4,"Galactonic.acid",FALSE,NA,"Galactonic acid (conf: 8)"
"Galactonolactone",6,178.0476811,6.987901109,"C6H10O6",24,"Galactonolactone",FALSE,NA,"Galactonolactone (conf: 6)"
"Galactopinitol B",7,356.1316655,7.917581061,"C13H24O11",4,"Galactopinitol.B",FALSE,NA,"Galactopinitol B (conf: 7)"
"Galactose",5.5,180.0634091,8.401365563,"C6H12O6",18,"Galactose",FALSE,NA,"Galactose (conf: 5.5)"
"Galactose 6-sulfate",5,260.0203134,9.125941871,"C6H12O9S",7,"Galactose.6.sulfate",FALSE,NA,"Galactose 6-sulfate (conf: 5)"
"Galactosyl-3-(N-acetyl-beta-D-galactosaminyl)-L-serine",5,470.1744841,10.71012419,"C17H30N2O13",1,"Galactosyl.3..N.acetyl.beta.D.galactosaminyl..L.serine",FALSE,NA,"Galactosyl-3-(N-acetyl-beta-D-galactosaminyl)-L-serine (conf: 5)"
"Galactosyl-3-N-acetyl-beta-D-galactosamine",5,383.1429394,11.61689941,"C14H25NO11",7,"Galactosyl.3.N.acetyl.beta.D.galactosamine",FALSE,NA,"Galactosyl-3-N-acetyl-beta-D-galactosamine (conf: 5)"
"Galactosylglycerol",8,276.0820995,8.908775838,"C9H18O8",3,"Galactosylglycerol",FALSE,NA,"Galactosylglycerol (conf: 8)"
"Galactosylhydroxylysine",5,324.1533522,11.76498108,"C12H24N2O8",2,"Galactosylhydroxylysine",FALSE,NA,"Galactosylhydroxylysine (conf: 5)"
"Galegine",7,127.1109226,8.59963666,"C6H13N3",1,"Galegine",FALSE,NA,"Galegine (conf: 7)"
"Gallagic acid",5,604.0126568,12.11493393,"C28H12O16",1,"Gallagic.acid",FALSE,NA,"Gallagic acid (conf: 5)"
"Gallicynoic acid A",7,271.1784451,2.685166669,"C14H22O4",1,"Gallicynoic.acid.A",FALSE,NA,"Gallicynoic acid A (conf: 7)"
"Gallicynoic acid H",5,284.1988314,2.945149452,"C16H28O4",1,"Gallicynoic.acid.H",FALSE,NA,"Gallicynoic acid H (conf: 5)"
"gamma-aminobutyramide",7,102.0792041,14.64804412,"C4H10N2O",2,"gamma.aminobutyramide",FALSE,NA,"gamma-aminobutyramide (conf: 7)"
"gamma-Aminobutyric acid",10,103.0632646,10.38964027,"C4H9NO2",17,"gamma.Aminobutyric.acid",TRUE,"","gamma-Aminobutyric acid (conf: 10)"
"Gamma-Butyrolactone",5,86.03675563,2.956883855,"C4H6O2",12,"Gamma.Butyrolactone.1",FALSE,NA,"Gamma-Butyrolactone (conf: 5)"
"Gamma-Butyrolactone",7,86.03666617,4.446519339,"C4H6O2",12,"Gamma.Butyrolactone",FALSE,NA,"Gamma-Butyrolactone (conf: 7)"
"gamma-CEHC Glc",5,426.1883512,4.539504299,"C21H30O9",3,"gamma.CEHC.Glc",FALSE,NA,"gamma-CEHC Glc (conf: 5)"
"gamma-Coniceine",7,142.1469988,3.37269676,"C8H15N",1,"gamma.Coniceine",FALSE,NA,"gamma-Coniceine (conf: 7)"
"gamma-Glu-Ala-Gly-CHO",7,259.1168348,7.373669591,"C10H17N3O5",6,"gamma.Glu.Ala.Gly.CHO",FALSE,NA,"gamma-Glu-Ala-Gly-CHO (conf: 7)"
"gamma-Glu-Cys-gamma-Glu-Cys-beta-Ala",5,553.1520828,11.02125869,"C19H31N5O10S2",5,"gamma.Glu.Cys.gamma.Glu.Cys.beta.Ala",FALSE,NA,"gamma-Glu-Cys-gamma-Glu-Cys-beta-Ala (conf: 5)"
"gamma-Glutamyl-beta-(isoxazolin-5-on-2-yl)alanine",5,301.0910753,7.616909755,"C11H15N3O7",1,"gamma.Glutamyl.beta..isoxazolin.5.on.2.yl.alanine",FALSE,NA,"gamma-Glutamyl-beta-(isoxazolin-5-on-2-yl)alanine (conf: 5)"
"gamma-Glutamyl-beta-aminopropiononitrile",6,199.0957239,9.466486055,"C8H13N3O3",1,"gamma.Glutamyl.beta.aminopropiononitrile",FALSE,NA,"gamma-Glutamyl-beta-aminopropiononitrile (conf: 6)"
"gamma-Glutamyl-beta-aminopropiononitrile",8,199.0957596,6.546714553,"C8H13N3O3",1,"gamma.Glutamyl.beta.aminopropiononitrile.1",FALSE,NA,"gamma-Glutamyl-beta-aminopropiononitrile (conf: 8)"
"gamma-Glutamyl-beta-aminopropiononitrile",8,199.0958024,7.678302675,"C8H13N3O3",1,"gamma.Glutamyl.beta.aminopropiononitrile.2",FALSE,NA,"gamma-Glutamyl-beta-aminopropiononitrile (conf: 8)"
"gamma-Glutamyl-beta-cyanoalanine",8,243.0854939,11.06696497,"C9H13N3O5",5,"gamma.Glutamyl.beta.cyanoalanine",FALSE,NA,"gamma-Glutamyl-beta-cyanoalanine (conf: 8)"
"gamma-Glutamyl-beta-cyanoalanine",8,243.0857503,10.28725112,"C9H13N3O5",5,"gamma.Glutamyl.beta.cyanoalanine.1",FALSE,NA,"gamma-Glutamyl-beta-cyanoalanine (conf: 8)"
"gamma-Glutamyl-gamma-aminobutyraldehyde",6,216.1108819,7.443347761,"C9H16N2O4",5,"gamma.Glutamyl.gamma.aminobutyraldehyde",FALSE,NA,"gamma-Glutamyl-gamma-aminobutyraldehyde (conf: 6)"
"gamma-glutamyl-isopropylamide",5,188.1160507,11.85866433,"C8H16N2O3",10,"gamma.glutamyl.isopropylamide",FALSE,NA,"gamma-glutamyl-isopropylamide (conf: 5)"
"gamma-glutamyl-L-alaninol",5,204.1108592,11.19775812,"C8H16N2O4",12,"gamma.glutamyl.L.alaninol",FALSE,NA,"gamma-glutamyl-L-alaninol (conf: 5)"
"gamma-glutamyl-p-nitroanilide",7,303.0625458,7.557222985,"C11H13N3O5",1,"gamma.glutamyl.p.nitroanilide",FALSE,NA,"gamma-glutamyl-p-nitroanilide (conf: 7)"
"gamma-glutamyl-p-nitroanilide",7,303.0625968,8.798251658,"C11H13N3O5",1,"gamma.glutamyl.p.nitroanilide.1",FALSE,NA,"gamma-glutamyl-p-nitroanilide (conf: 7)"
"gamma-Glutamyl-S-(1-propenyl)cysteine sulfoxide",5,306.0887101,11.02588852,"C11H18N2O6S",1,"gamma.Glutamyl.S..1.propenyl.cysteine.sulfoxide",FALSE,NA,"gamma-Glutamyl-S-(1-propenyl)cysteine sulfoxide (conf: 5)"
"gamma-Glutamyl-S-(1-propenyl)cysteine sulfoxide",5,306.0887235,8.31452366,"C11H18N2O6S",1,"gamma.Glutamyl.S..1.propenyl.cysteine.sulfoxide.1",FALSE,NA,"gamma-Glutamyl-S-(1-propenyl)cysteine sulfoxide (conf: 5)"
"gamma-Glutamyl-S-(1-propenyl)cysteine sulfoxide",5,306.088883,5.234051612,"C11H18N2O6S",1,"gamma.Glutamyl.S..1.propenyl.cysteine.sulfoxide.2",FALSE,NA,"gamma-Glutamyl-S-(1-propenyl)cysteine sulfoxide (conf: 5)"
"Gamma-Glutamyl-Se-methylselenocysteine",8,312.0223137,11.96720581,"C9H16N2O5Se",1,"Gamma.Glutamyl.Se.methylselenocysteine",FALSE,NA,"Gamma-Glutamyl-Se-methylselenocysteine (conf: 8)"
"gamma-Glutamylcysteine",8,250.0621713,9.728075778,"C8H14N2O5S",3,"gamma.Glutamylcysteine",TRUE,"","gamma-Glutamylcysteine (conf: 8)"
"gamma-Glutamylglutamic acid",7,276.095703,12.65559441,"C10H16N2O7",4,"gamma.Glutamylglutamic.acid",FALSE,NA,"gamma-Glutamylglutamic acid (conf: 7)"
"gamma-Glutamylisoleucine",5,260.1372588,7.035748256,"C11H20N2O5",6,"gamma.Glutamylisoleucine",FALSE,NA,"gamma-Glutamylisoleucine (conf: 5)"
"gamma-Glutamylisoleucine",5,260.1372765,8.839928112,"C11H20N2O5",6,"gamma.Glutamylisoleucine.1",FALSE,NA,"gamma-Glutamylisoleucine (conf: 5)"
"gamma-Glutamylleucine",7,260.137243,9.969523007,"C11H20N2O5",6,"gamma.Glutamylleucine",FALSE,NA,"gamma-Glutamylleucine (conf: 7)"
"gamma-Glutamyltyrosine",7,310.1165652,9.397312734,"C14H18N2O6",3,"gamma.Glutamyltyrosine",FALSE,NA,"gamma-Glutamyltyrosine (conf: 7)"
"gamma-Glutamylvaline",5,246.121519,8.301806307,"C10H18N2O5",9,"gamma.Glutamylvaline",FALSE,NA,"gamma-Glutamylvaline (conf: 5)"
"gamma-L-Glutamyl-L-methionine sulfoxide",5,294.0887322,8.186607923,"C10H18N2O6S",1,"gamma.L.Glutamyl.L.methionine.sulfoxide",FALSE,NA,"gamma-L-Glutamyl-L-methionine sulfoxide (conf: 5)"
"gamma-L-Glutamyl-L-methionine sulfoxide",7,294.0888032,9.983493551,"C10H18N2O6S",1,"gamma.L.Glutamyl.L.methionine.sulfoxide.1",FALSE,NA,"gamma-L-Glutamyl-L-methionine sulfoxide (conf: 7)"
"gamma-L-Glutamyl-L-pipecolic acid",5,258.1215467,5.941658611,"C11H18N2O5",2,"gamma.L.Glutamyl.L.pipecolic.acid",FALSE,NA,"gamma-L-Glutamyl-L-pipecolic acid (conf: 5)"
"gamma-L-Glutamyl-L-pipecolic acid",5,258.1215757,9.376163999,"C11H18N2O5",2,"gamma.L.Glutamyl.L.pipecolic.acid.1",FALSE,NA,"gamma-L-Glutamyl-L-pipecolic acid (conf: 5)"
"gamma-L-Glutamyl-L-pipecolic acid",5,258.1216417,8.274505911,"C11H18N2O5",2,"gamma.L.Glutamyl.L.pipecolic.acid.2",FALSE,NA,"gamma-L-Glutamyl-L-pipecolic acid (conf: 5)"
"Gamma-linolenyl carnitine",5,421.3194797,2.832025278,"C25H43NO4",2,"Gamma.linolenyl.carnitine",FALSE,NA,"Gamma-linolenyl carnitine (conf: 5)"
"Gamma-linolenylcarnitine",5,407.3401056,5.098817293,"C25H45NO3",2,"Gamma.linolenylcarnitine",FALSE,NA,"Gamma-linolenylcarnitine (conf: 5)"
"gamma-thiomethyl glutamate",7,193.0409692,7.068385518,"C6H11NO4S",2,"gamma.thiomethyl.glutamate",FALSE,NA,"gamma-thiomethyl glutamate (conf: 7)"
"gamma-thiomethyl glutamate",7,239.0464186,10.08602761,"C6H11NO4S",2,"gamma.thiomethyl.glutamate.1",FALSE,NA,"gamma-thiomethyl glutamate (conf: 7)"
"Gamma glutamyl ornithine",5,261.1324842,13.37847648,"C10H19N3O5",8,"Gamma.glutamyl.ornithine",FALSE,NA,"Gamma glutamyl ornithine (conf: 5)"
"Garcimangosone D",5,392.1099928,9.773346143,"C19H20O9",9,"Garcimangosone.D",FALSE,NA,"Garcimangosone D (conf: 5)"
"Garcimangosone D",7,392.1103226,9.019165004,"C19H20O9",9,"Garcimangosone.D.1",FALSE,NA,"Garcimangosone D (conf: 7)"
"Garcinia acid",5,208.0219491,11.95828503,"C6H8O8",2,"Garcinia.acid",FALSE,NA,"Garcinia acid (conf: 5)"
"Garcinia lactone dibutyl ester",5,302.1366349,11.25756909,"C14H22O7",1,"Garcinia.lactone.dibutyl.ester",FALSE,NA,"Garcinia lactone dibutyl ester (conf: 5)"
"Garcinia lactone dibutyl ester",7,348.1420489,7.988585491,"C14H22O7",1,"Garcinia.lactone.dibutyl.ester.1",FALSE,NA,"Garcinia lactone dibutyl ester (conf: 7)"
"Gardenoside",5,404.1317324,6.501114383,"C17H24O11",3,"Gardenoside",FALSE,NA,"Gardenoside (conf: 5)"
"GD1a (NeuGc/NeuGc)(d18:1/22:0)",7,962.5130199,4.612668373,"C88H156N4O41",1,"GD1a..NeuGc.NeuGc..d18.1.22.0.",FALSE,NA,"GD1a (NeuGc/NeuGc)(d18:1/22:0) (conf: 7)"
"GD1a (NeuGc/NeuGc)(d18:1/24:1)",5,975.5210225,4.592279281,"C90H158N4O41",1,"GD1a..NeuGc.NeuGc..d18.1.24.1.",FALSE,NA,"GD1a (NeuGc/NeuGc)(d18:1/24:1) (conf: 5)"
"GDP-3,6-dideoxy-D-galactose",7,573.0879916,8.833814969,"C16H25N5O14P2",2,"GDP.3_6.dideoxy.D.galactose",FALSE,NA,"GDP-3,6-dideoxy-D-galactose (conf: 7)"
"GDP-L-fucose",6,589.0828424,13.26291083,"C16H25N5O15P2",6,"GDP.L.fucose",FALSE,NA,"GDP-L-fucose (conf: 6)"
"Genipin",5,226.0840932,4.434409652,"C11H14O5",15,"Genipin",FALSE,NA,"Genipin (conf: 5)"
"Genipinic acid",5,242.0794167,9.716822569,"C11H14O6",5,"Genipinic.acid.1",FALSE,NA,"Genipinic acid (conf: 5)"
"Genipinic acid",5,242.0794338,4.408692473,"C11H14O6",5,"Genipinic.acid.2",FALSE,NA,"Genipinic acid (conf: 5)"
"Genipinic acid",7,242.0791349,2.807844658,"C11H14O6",5,"Genipinic.acid",FALSE,NA,"Genipinic acid (conf: 7)"
"Geniposide",5,388.1367524,5.366304999,"C17H24O10",2,"Geniposide",FALSE,NA,"Geniposide (conf: 5)"
"Genistein",5,270.0526514,4.510392029,"C15H10O5",28,"Genistein",FALSE,NA,"Genistein (conf: 5)"
"Genistein",5,270.0528933,7.710460182,"C15H10O5",28,"Genistein.1",FALSE,NA,"Genistein (conf: 5)"
"Gentianamine",7,205.0739154,4.33369244,"C11H11NO3",8,"Gentianamine",FALSE,NA,"Gentianamine (conf: 7)"
"Gentioflavine",7,193.0739078,3.03140646,"C10H11NO3",14,"Gentioflavine",FALSE,NA,"Gentioflavine (conf: 7)"
"Gentisate aldehyde",8,138.0316341,3.539292448,"C7H6O3",12,"Gentisate.aldehyde",FALSE,NA,"Gentisate aldehyde (conf: 8)"
"Gentisic acid",10,154.0265902,4.747078483,"C7H6O4",13,"Gentisic.acid",TRUE,"","Gentisic acid (conf: 10)"
"Geranyl-PP",6,314.0686075,5.101455145,"C10H20O7P2",4,"Geranyl.PP",FALSE,NA,"Geranyl-PP (conf: 6)"
"Gerrardine",7,342.0564337,7.664447127,"C11H19NO2S4",1,"Gerrardine",FALSE,NA,"Gerrardine (conf: 7)"
"Gigantine",5,237.1365516,4.437480131,"C13H19NO3",3,"Gigantine",FALSE,NA,"Gigantine (conf: 5)"
"Ginkgoic acid",7,346.2505571,2.399919541,"C22H34O3",10,"Ginkgoic.acid",FALSE,NA,"Ginkgoic acid (conf: 7)"
"Ginkgolide J",5,424.1370268,8.073899987,"C20H24O10",11,"Ginkgolide.J",FALSE,NA,"Ginkgolide J (conf: 5)"
"Glaucarubin",5,496.231198,4.712256479,"C25H36O10",1,"Glaucarubin",FALSE,NA,"Glaucarubin (conf: 5)"
"Gln-KPA",7,473.1421699,6.249008668,"C16H24N7O8P",1,"Gln.KPA",FALSE,NA,"Gln-KPA (conf: 7)"
"Gln/Pro",7,243.1219235,9.461463209,"C10H17N3O4",4,"Gln.Pro",FALSE,NA,"Gln/Pro (conf: 7)"
"Gln/Pro/Ser",5,330.1539391,11.19018744,"C13H22N4O6",7,"Gln.Pro.Ser",FALSE,NA,"Gln/Pro/Ser (conf: 5)"
"glorin",5,327.1795059,11.6789515,"C15H25N3O5",1,"glorin",FALSE,NA,"glorin (conf: 5)"
"Glu/Ala/Ala",7,289.1274346,11.80194436,"C11H19N3O6",6,"Glu.Ala.Ala",FALSE,NA,"Glu/Ala/Ala (conf: 7)"
"Glu/Ala/Gly/Pro",5,372.1646162,10.16221503,"C15H24N4O7",5,"Glu.Ala.Gly.Pro",FALSE,NA,"Glu/Ala/Gly/Pro (conf: 5)"
"Glu/Ala/Ile",5,331.1737222,7.783212254,"C14H25N3O6",6,"Glu.Ala.Ile",FALSE,NA,"Glu/Ala/Ile (conf: 5)"
"Glu/Ala/Ile",5,331.1740879,9.265783937,"C14H25N3O6",6,"Glu.Ala.Ile.1",FALSE,NA,"Glu/Ala/Ile (conf: 5)"
"Glu/Ala/Leu",5,331.1740887,8.254440043,"C14H25N3O6",6,"Glu.Ala.Leu",FALSE,NA,"Glu/Ala/Leu (conf: 5)"
"Glu/Ala/Met",5,349.1309327,8.565197064,"C13H23N3O6S",8,"Glu.Ala.Met",FALSE,NA,"Glu/Ala/Met (conf: 5)"
"Glu/Ala/Pro",5,315.1430486,9.171299551,"C13H21N3O6",4,"Glu.Ala.Pro",FALSE,NA,"Glu/Ala/Pro (conf: 5)"
"Glu/Ala/Val",5,317.1585371,8.950078206,"C13H23N3O6",10,"Glu.Ala.Val",FALSE,NA,"Glu/Ala/Val (conf: 5)"
"Glu/Arg",7,303.1543387,13.41255637,"C11H21N5O5",3,"Glu.Arg",FALSE,NA,"Glu/Arg (conf: 7)"
"Glu/Arg/Cys",5,406.1637921,18.01655558,"C14H26N6O6S",2,"Glu.Arg.Cys",FALSE,NA,"Glu/Arg/Cys (conf: 5)"
"Glu/Asp/Cys/Cys",7,468.0987477,11.38586142,"C15H24N4O9S2",2,"Glu.Asp.Cys.Cys",FALSE,NA,"Glu/Asp/Cys/Cys (conf: 7)"
"Glu/Asp/Cys/Cys",7,468.098758,11.77641324,"C15H24N4O9S2",2,"Glu.Asp.Cys.Cys.1",FALSE,NA,"Glu/Asp/Cys/Cys (conf: 7)"
"Glu/Cys",5,250.0623136,12.75497517,"C8H14N2O5S",3,"Glu.Cys",FALSE,NA,"Glu/Cys (conf: 5)"
"Glu/Cys/Gly",5,307.0839098,12.78191069,"C10H17N3O6S",5,"Glu.Cys.Gly",FALSE,NA,"Glu/Cys/Gly (conf: 5)"
"Glu/Gln/Arg/Arg/Ser",5,674.3462875,2.390441369,"C25H46N12O10",3,"Glu.Gln.Arg.Arg.Ser",FALSE,NA,"Glu/Gln/Arg/Arg/Ser (conf: 5)"
"Glu/Glu/Gln/Gln",7,532.2134555,10.81329468,"C20H32N6O11",12,"Glu.Glu.Gln.Gln",FALSE,NA,"Glu/Glu/Gln/Gln (conf: 7)"
"Glu/Glu/Glu",7,405.1384542,14.48752234,"C15H23N3O10",1,"Glu.Glu.Glu",FALSE,NA,"Glu/Glu/Glu (conf: 7)"
"Glu/Glu/Glu/Gln/Arg",7,711.2803221,12.76237239,"C26H43N9O13",1,"Glu.Glu.Glu.Gln.Arg",FALSE,NA,"Glu/Glu/Glu/Gln/Arg (conf: 7)"
"Glu/Glu/Glu/Gln/Trp",5,719.2769297,19.23783346,"C31H41N7O13",1,"Glu.Glu.Glu.Gln.Trp",FALSE,NA,"Glu/Glu/Glu/Gln/Trp (conf: 5)"
"Glu/Glu/Glu/His/Arg",7,698.2988661,2.43179252,"C27H42N10O12",1,"Glu.Glu.Glu.His.Arg",FALSE,NA,"Glu/Glu/Glu/His/Arg (conf: 7)"
"Glu/Glu/Gly/Asn/Gln",7,575.2187683,8.278997003,"C21H33N7O12",6,"Glu.Glu.Gly.Asn.Gln",FALSE,NA,"Glu/Glu/Gly/Asn/Gln (conf: 7)"
"Glu/Glu/Gly/Val/Val",5,531.2545808,8.311602052,"C22H37N5O10",17,"Glu.Glu.Gly.Val.Val",FALSE,NA,"Glu/Glu/Gly/Val/Val (conf: 5)"
"Glu/Glu/His",5,413.1545585,12.08903854,"C16H23N5O8",1,"Glu.Glu.His",FALSE,NA,"Glu/Glu/His (conf: 5)"
"Glu/Glu/Met",5,407.136409,8.368086786,"C15H25N3O8S",4,"Glu.Glu.Met",FALSE,NA,"Glu/Glu/Met (conf: 5)"
"Glu/Glu/Met/Gln/Trp",5,721.2752552,19.23303447,"C31H43N7O11S",1,"Glu.Glu.Met.Gln.Trp",FALSE,NA,"Glu/Glu/Met/Gln/Trp (conf: 5)"
"Glu/Glu/Phe",7,423.1648872,9.587110344,"C19H25N3O8",1,"Glu.Glu.Phe",FALSE,NA,"Glu/Glu/Phe (conf: 7)"
"Glu/Glu/Pro/Pro",5,470.2014013,12.61528564,"C20H30N4O9",2,"Glu.Glu.Pro.Pro",FALSE,NA,"Glu/Glu/Pro/Pro (conf: 5)"
"Glu/Glu/Tyr",7,439.1593284,11.68508052,"C19H25N3O9",1,"Glu.Glu.Tyr",FALSE,NA,"Glu/Glu/Tyr (conf: 7)"
"Glu/Gly/Arg/Arg/Ser",5,603.3078356,19.16296223,"C22H41N11O9",3,"Glu.Gly.Arg.Arg.Ser",FALSE,NA,"Glu/Gly/Arg/Arg/Ser (conf: 5)"
"Glu/Gly/Gln/Arg/Trp",5,674.3129695,6.75174885,"C29H42N10O9",8,"Glu.Gly.Gln.Arg.Trp",FALSE,NA,"Glu/Gly/Gln/Arg/Trp (conf: 5)"
"Glu/Gly/Ile",5,317.1586417,8.486655408,"C13H23N3O6",10,"Glu.Gly.Ile",FALSE,NA,"Glu/Gly/Ile (conf: 5)"
"Glu/Gly/Leu",5,317.158533,9.407251187,"C13H23N3O6",10,"Glu.Gly.Leu",FALSE,NA,"Glu/Gly/Leu (conf: 5)"
"Glu/Gly/Pro",5,301.1275235,10.25271603,"C12H19N3O6",2,"Glu.Gly.Pro",FALSE,NA,"Glu/Gly/Pro (conf: 5)"
"Glu/Gly/Val",7,303.1431276,9.492390214,"C12H21N3O6",11,"Glu.Gly.Val",FALSE,NA,"Glu/Gly/Val (conf: 7)"
"Glu/His/Asn/Arg/Ser",5,641.287081,5.226590194,"C24H39N11O10",3,"Glu.His.Asn.Arg.Ser",FALSE,NA,"Glu/His/Asn/Arg/Ser (conf: 5)"
"Glu/His/His/Asn/Pro",7,632.266011,6.085810379,"C26H36N10O9",2,"Glu.His.His.Asn.Pro",FALSE,NA,"Glu/His/His/Asn/Pro (conf: 7)"
"Glu/His/Ile/Met/Met",7,659.276778,6.707651143,"C27H45N7O8S2",2,"Glu.His.Ile.Met.Met",FALSE,NA,"Glu/His/Ile/Met/Met (conf: 7)"
"Glu/Ile/Phe",7,424.2323583,9.353018995,"C20H29N3O6",4,"Glu.Ile.Phe",FALSE,NA,"Glu/Ile/Phe (conf: 7)"
"Glu/Ile/Pro/Pro/Thr",5,555.2910327,12.24737588,"C25H41N5O9",2,"Glu.Ile.Pro.Pro.Thr",FALSE,NA,"Glu/Ile/Pro/Pro/Thr (conf: 5)"
"Glu/Ile/Ser",5,347.1693011,11.72666559,"C14H25N3O7",7,"Glu.Ile.Ser",FALSE,NA,"Glu/Ile/Ser (conf: 5)"
"Glu/Ile/Thr",5,361.1850776,11.2329224,"C15H27N3O7",2,"Glu.Ile.Thr",FALSE,NA,"Glu/Ile/Thr (conf: 5)"
"Glu/Leu",5,260.1373008,8.412444297,"C11H20N2O5",6,"Glu.Leu",FALSE,NA,"Glu/Leu (conf: 5)"
"Glu/Leu",7,260.1373103,9.598118328,"C11H20N2O5",6,"Glu.Leu.1",FALSE,NA,"Glu/Leu (conf: 7)"
"Glu/Leu/Met/Pro/Gln",5,616.2881654,4.680759989,"C26H44N6O9S",2,"Glu.Leu.Met.Pro.Gln",FALSE,NA,"Glu/Leu/Met/Pro/Gln (conf: 5)"
"Glu/Leu/Met/Pro/Ser",5,575.2621206,5.634297689,"C24H41N5O9S",5,"Glu.Leu.Met.Pro.Ser",FALSE,NA,"Glu/Leu/Met/Pro/Ser (conf: 5)"
"Glu/Leu/Ser",5,347.1692825,9.229406808,"C14H25N3O7",7,"Glu.Leu.Ser",FALSE,NA,"Glu/Leu/Ser (conf: 5)"
"Glu/Lys",7,275.1481371,13.56258864,"C11H21N3O5",12,"Glu.Lys",FALSE,NA,"Glu/Lys (conf: 7)"
"Glu/Lys/Val",5,374.2165302,11.33680967,"C16H30N4O6",17,"Glu.Lys.Val",FALSE,NA,"Glu/Lys/Val (conf: 5)"
"Glu/Met",7,278.0937313,7.878459135,"C10H18N2O5S",3,"Glu.Met",FALSE,NA,"Glu/Met (conf: 7)"
"Glu/Met/Arg/Arg/Thr",5,691.3428786,8.580591978,"C26H49N11O9S",1,"Glu.Met.Arg.Arg.Thr",FALSE,NA,"Glu/Met/Arg/Arg/Thr (conf: 5)"
"Glu/Met/Pro",7,421.1519114,7.981020083,"C15H25N3O6S",1,"Glu.Met.Pro",FALSE,NA,"Glu/Met/Pro (conf: 7)"
"Glu/Met/Ser",5,365.1256023,11.71585795,"C13H23N3O7S",3,"Glu.Met.Ser",FALSE,NA,"Glu/Met/Ser (conf: 5)"
"Glu/Met/Thr",5,379.1414302,9.244003997,"C14H25N3O7S",1,"Glu.Met.Thr",FALSE,NA,"Glu/Met/Thr (conf: 5)"
"Glu/Met/Thr/Thr",7,497.2157822,11.08550004,"C18H32N4O9S",1,"Glu.Met.Thr.Thr",FALSE,NA,"Glu/Met/Thr/Thr (conf: 7)"
"Glu/Met/Thr/Tyr/Tyr",5,705.268057,7.83317587,"C32H43N5O11S",1,"Glu.Met.Thr.Tyr.Tyr",FALSE,NA,"Glu/Met/Thr/Tyr/Tyr (conf: 5)"
"Glu/Phe/His/His/Met",5,699.2807094,19.23619372,"C31H41N9O8S",1,"Glu.Phe.His.His.Met",FALSE,NA,"Glu/Phe/His/His/Met (conf: 5)"
"Glu/Pro",5,244.1058982,12.0591712,"C10H16N2O5",7,"Glu.Pro",FALSE,NA,"Glu/Pro (conf: 5)"
"Glu/Pro",5,244.105944,10.27220227,"C10H16N2O5",7,"Glu.Pro.2",FALSE,NA,"Glu/Pro (conf: 5)"
"Glu/Pro",7,244.1059116,10.80388492,"C10H16N2O5",7,"Glu.Pro.1",FALSE,NA,"Glu/Pro (conf: 7)"
"Glu/Pro",7,244.1059534,11.53037333,"C10H16N2O5",7,"Glu.Pro.3",FALSE,NA,"Glu/Pro (conf: 7)"
"Glu/Pro/Gln/Gln",5,500.2235115,8.908093527,"C20H32N6O9",7,"Glu.Pro.Gln.Gln",FALSE,NA,"Glu/Pro/Gln/Gln (conf: 5)"
"Glu/Pro/Pro",5,341.1585431,9.354343033,"C15H23N3O6",1,"Glu.Pro.Pro",FALSE,NA,"Glu/Pro/Pro (conf: 5)"
"Glu/Pro/Pro",5,341.1587299,10.97954825,"C15H23N3O6",1,"Glu.Pro.Pro.1",FALSE,NA,"Glu/Pro/Pro (conf: 5)"
"Glu/Pro/Ser",5,331.1379688,10.40970855,"C13H21N3O7",3,"Glu.Pro.Ser",FALSE,NA,"Glu/Pro/Ser (conf: 5)"
"Glu/Pro/Thr",5,345.1537239,10.34914492,"C14H23N3O7",1,"Glu.Pro.Thr",FALSE,NA,"Glu/Pro/Thr (conf: 5)"
"Glu/Pro/Val",5,343.1744225,8.305746969,"C15H25N3O6",5,"Glu.Pro.Val",FALSE,NA,"Glu/Pro/Val (conf: 5)"
"Glu/Ser/Val",7,333.1536556,10.03401207,"C13H23N3O7",7,"Glu.Ser.Val",FALSE,NA,"Glu/Ser/Val (conf: 7)"
"Glu/Thr",5,248.1008723,10.34447085,"C9H16N2O6",3,"Glu.Thr",FALSE,NA,"Glu/Thr (conf: 5)"
"Glu/Trp",7,333.1326161,8.239644789,"C16H19N3O5",3,"Glu.Trp",FALSE,NA,"Glu/Trp (conf: 7)"
"Glu/Trp/Cys/Cys",5,539.1509195,12.97891841,"C22H29N5O7S2",2,"Glu.Trp.Cys.Cys",FALSE,NA,"Glu/Trp/Cys/Cys (conf: 5)"
"Glu/Val",5,246.121577,11.42255275,"C10H18N2O5",9,"Glu.Val",FALSE,NA,"Glu/Val (conf: 5)"
"Glu/Val/Val",5,345.1900834,7.268834178,"C15H27N3O6",5,"Glu.Val.Val",FALSE,NA,"Glu/Val/Val (conf: 5)"
"Glucaric acid",10,210.0375741,12.59100501,"C6H10O8",2,"Glucaric.acid",TRUE,"","Glucaric acid (conf: 10)"
"Glucoerucin",7,438.0802789,6.193592506,"C12H23NO9S3",1,"Glucoerucin",FALSE,NA,"Glucoerucin (conf: 7)"
"Glucoiberverin",5,407.0382246,18.52968982,"C11H21NO9S3",2,"Glucoiberverin",FALSE,NA,"Glucoiberverin (conf: 5)"
"Gluconapin",7,373.0501625,7.14665554,"C11H19NO9S2",1,"Gluconapin",FALSE,NA,"Gluconapin (conf: 7)"
"Gluconapoleiferin",5,403.0606181,12.53240313,"C12H21NO10S2",1,"Gluconapoleiferin",FALSE,NA,"Gluconapoleiferin (conf: 5)"
"Gluconasturtiin",7,459.0425892,8.102056324,"C15H21NO9S2",2,"Gluconasturtiin",FALSE,NA,"Gluconasturtiin (conf: 7)"
"Glucono-1,5-lactone",6,178.0477055,6.352917727,"C6H10O6",24,"Glucono.1_5.lactone",FALSE,NA,"Glucono-1,5-lactone (conf: 6)"
"Glucoraphanin",5,437.0480424,9.207506346,"C12H23NO10S3",1,"Glucoraphanin",FALSE,NA,"Glucoraphanin (conf: 5)"
"Glucose",10,180.0634035,9.172713872,"C6H12O6",18,"Glucose",TRUE,"Sugar","Glucose (conf: 10)"
"Glucose 6-sulfate",6,260.0202262,10.82692696,"C6H12O9S",7,"Glucose.6.sulfate",FALSE,NA,"Glucose 6-sulfate (conf: 6)"
"Glucose 6-sulfate",6,260.0202535,5.454097211,"C6H12O9S",7,"Glucose.6.sulfate.1",FALSE,NA,"Glucose 6-sulfate (conf: 6)"
"Glucose 6-sulfate",6,260.0204122,11.81237639,"C6H12O9S",7,"Glucose.6.sulfate.3",FALSE,NA,"Glucose 6-sulfate (conf: 6)"
"Glucose 6-sulfate",8,260.0202987,12.84325348,"C6H12O9S",7,"Glucose.6.sulfate.2",FALSE,NA,"Glucose 6-sulfate (conf: 8)"
"Glucose oxime",5,195.0741787,11.86404896,"C6H13NO6",3,"Glucose.oxime",FALSE,NA,"Glucose oxime (conf: 5)"
"glucosylglycerate",7,268.0795994,9.662458047,"C9H16O9",3,"glucosylglycerate",FALSE,NA,"glucosylglycerate (conf: 7)"
"Glucurono-6,3-lactone",6,176.0320962,5.300283901,"C6H8O6",16,"Glucurono.6_3.lactone",FALSE,NA,"Glucurono-6,3-lactone (conf: 6)"
"Glutaconic acid",7,130.0266308,5.642780657,"C5H6O4",10,"Glutaconic.acid",FALSE,NA,"Glutaconic acid (conf: 7)"
"Glutaconylcarnitine",5,273.1213512,7.182499993,"C12H19NO6",1,"Glutaconylcarnitine",FALSE,NA,"Glutaconylcarnitine (conf: 5)"
"Glutaconylcarnitine",7,290.1478127,12.36288677,"C12H19NO6",1,"Glutaconylcarnitine.1",FALSE,NA,"Glutaconylcarnitine (conf: 7)"
"Glutaconylcarnitine",7,290.1478502,5.855662555,"C12H19NO6",1,"Glutaconylcarnitine.2",FALSE,NA,"Glutaconylcarnitine (conf: 7)"
"Glutamate methylester",7,161.0687591,6.610298928,"C6H11NO4",12,"Glutamate.methylester",FALSE,NA,"Glutamate methylester (conf: 7)"
"Glutamate methylester",7,161.0688933,5.709862937,"C6H11NO4",12,"Glutamate.methylester.1",FALSE,NA,"Glutamate methylester (conf: 7)"
"Glutamic acid",10,147.0530902,10.18725589,"C5H9NO4",12,"Glutamic.acid",TRUE,"AA","Glutamic acid (conf: 10)"
"Glutamine",8,146.0693002,10.1315286,"C5H10N2O3",5,"Glutamine",TRUE,"AA","Glutamine (conf: 8)"
"glutamyl-beta-ketophosphonate-adenosine",7,474.1258698,7.112460412,"C16H23N6O9P",1,"glutamyl.beta.ketophosphonate.adenosine",FALSE,NA,"glutamyl-beta-ketophosphonate-adenosine (conf: 7)"
"Glutarate semialdehyde",8,116.0473853,4.812250576,"C5H8O3",16,"Glutarate.semialdehyde",FALSE,NA,"Glutarate semialdehyde (conf: 8)"
"Glutarimide",5,113.0475596,5.44059568,"C5H7NO2",10,"Glutarimide",FALSE,NA,"Glutarimide (conf: 5)"
"Glutarimide",7,113.04767,3.044644083,"C5H7NO2",10,"Glutarimide.1",FALSE,NA,"Glutarimide (conf: 7)"
"Glutarylcarnitine",9,275.1370289,8.656372103,"C12H21NO6",1,"Glutarylcarnitine",TRUE,"","Glutarylcarnitine (conf: 9)"
"Glutarylglycine",7,189.0637894,5.598096228,"C7H11NO5",5,"Glutarylglycine",FALSE,NA,"Glutarylglycine (conf: 7)"
"Glutathione",10,307.0839348,9.984318821,"C10H17N3O6S",5,"Glutathione",TRUE,"","Glutathione (conf: 10)"
"glutathione sulfinate",5,339.0736488,12.99380802,"C10H17N3O8S",1,"glutathione.sulfinate",FALSE,NA,"glutathione sulfinate (conf: 5)"
"Gluten exorphin B4",5,529.1806061,8.422889851,"C24H27N5O9",1,"Gluten.exorphin.B4",FALSE,NA,"Gluten exorphin B4 (conf: 5)"
"Gluten exorphin B4",5,529.1808328,7.444877172,"C24H27N5O9",1,"Gluten.exorphin.B4.1",FALSE,NA,"Gluten exorphin B4 (conf: 5)"
"Gly/Arg",7,231.1331995,12.06981426,"C8H17N5O3",2,"Gly.Arg",FALSE,NA,"Gly/Arg (conf: 7)"
"Gly/Gly",9,132.0534826,9.349890768,"C4H8N2O3",6,"Gly.Gly",TRUE,"","Gly/Gly (conf: 9)"
"Gly/Gly/Pro",5,229.1063057,10.380651,"C9H15N3O4",3,"Gly.Gly.Pro",FALSE,NA,"Gly/Gly/Pro (conf: 5)"
"Gly/Gly/Pro",7,229.1064382,8.266848825,"C9H15N3O4",3,"Gly.Gly.Pro.1",FALSE,NA,"Gly/Gly/Pro (conf: 7)"
"Gly/His",7,229.1174799,16.8120575,"C8H12N4O3",2,"Gly.His",FALSE,NA,"Gly/His (conf: 7)"
"Gly/His/Asn/Tyr/Tyr",5,652.2609329,7.875725284,"C30H36N8O9",2,"Gly.His.Asn.Tyr.Tyr",FALSE,NA,"Gly/His/Asn/Tyr/Tyr (conf: 5)"
"Gly/His/Gln/Ser/Ser",5,514.2127033,9.549744845,"C19H30N8O9",4,"Gly.His.Gln.Ser.Ser",FALSE,NA,"Gly/His/Gln/Ser/Ser (conf: 5)"
"Gly/His/Pro/Trp/Trp",5,681.3012127,6.147824405,"C35H39N9O6",1,"Gly.His.Pro.Trp.Trp",FALSE,NA,"Gly/His/Pro/Trp/Trp (conf: 5)"
"Gly/Met/Pro/Val/Trp",5,588.2720527,12.66263919,"C28H40N6O6S",3,"Gly.Met.Pro.Val.Trp",FALSE,NA,"Gly/Met/Pro/Val/Trp (conf: 5)"
"Gly/Pro",7,172.0848109,8.298666136,"C7H12N2O3",2,"Gly.Pro",FALSE,NA,"Gly/Pro (conf: 7)"
"Gly/Pro/Ser",5,259.1168559,8.954604015,"C10H17N3O5",6,"Gly.Pro.Ser",FALSE,NA,"Gly/Pro/Ser (conf: 5)"
"Gly/Pro/Tyr",5,335.1479811,5.113848298,"C16H21N3O5",1,"Gly.Pro.Tyr",FALSE,NA,"Gly/Pro/Tyr (conf: 5)"
"Gly/Ser/Tyr",7,342.1539081,6.86335807,"C14H19N3O6",1,"Gly.Ser.Tyr",FALSE,NA,"Gly/Ser/Tyr (conf: 7)"
"Gly/Tyr",7,255.1219347,8.128095551,"C11H14N2O4",5,"Gly.Tyr",FALSE,NA,"Gly/Tyr (conf: 7)"
"Glyceric acid",10,106.0265841,7.561640881,"C3H6O4",1,"Glyceric.acid",TRUE,"","Glyceric acid (conf: 10)"
"glycero-alpha-D-talo-oct-2-ulopyranosonate",7,254.0638761,9.541554067,"C8H14O9",1,"glycero.alpha.D.talo.oct.2.ulopyranosonate",FALSE,NA,"glycero-alpha-D-talo-oct-2-ulopyranosonate (conf: 7)"
"glycero-L-galacto-Octulose",5,240.0845884,9.164447653,"C8H16O8",1,"glycero.L.galacto.Octulose",FALSE,NA,"glycero-L-galacto-Octulose (conf: 5)"
"Glycerol",8,92.04724222,6.199065096,"C3H8O3",2,"Glycerol",FALSE,NA,"Glycerol (conf: 8)"
"Glycerol 1-(5-hydroxydodecanoate)",5,290.2092762,2.80107042,"C15H30O5",1,"Glycerol.1..5.hydroxydodecanoate.",FALSE,NA,"Glycerol 1-(5-hydroxydodecanoate) (conf: 5)"
"Glycerol 1-propanoate diacetate",5,232.0947456,8.357590329,"C10H16O6",1,"Glycerol.1.propanoate.diacetate.1",FALSE,NA,"Glycerol 1-propanoate diacetate (conf: 5)"
"Glycerol 1-propanoate diacetate",5,232.0947748,12.76103391,"C10H16O6",1,"Glycerol.1.propanoate.diacetate.2",FALSE,NA,"Glycerol 1-propanoate diacetate (conf: 5)"
"Glycerol 1-propanoate diacetate",5,232.0947797,9.586054779,"C10H16O6",1,"Glycerol.1.propanoate.diacetate.3",FALSE,NA,"Glycerol 1-propanoate diacetate (conf: 5)"
"Glycerol 1-propanoate diacetate",7,232.0947047,7.019308636,"C10H16O6",1,"Glycerol.1.propanoate.diacetate",FALSE,NA,"Glycerol 1-propanoate diacetate (conf: 7)"
"Glycerol 3-phosphate",10,172.0136177,10.68112373,"C3H9O6P",2,"Glycerol.3.phosphate",TRUE,"","Glycerol 3-phosphate (conf: 10)"
"Glycerol tributanoate",5,302.1730844,2.622027416,"C15H26O6",3,"Glycerol.tributanoate",FALSE,NA,"Glycerol tributanoate (conf: 5)"
"Glycerol tripropanoate",5,260.126081,8.440163922,"C12H20O6",1,"Glycerol.tripropanoate",FALSE,NA,"Glycerol tripropanoate (conf: 5)"
"Glycerol tripropanoate",5,260.1261026,3.023643652,"C12H20O6",1,"Glycerol.tripropanoate.1",FALSE,NA,"Glycerol tripropanoate (conf: 5)"
"Glycerol triundecanoate",5,596.5026966,2.299151138,"C36H68O6",2,"Glycerol.triundecanoate",FALSE,NA,"Glycerol triundecanoate (conf: 5)"
"Glycerophosphocholine",10,257.102577,9.750820712,"C8H20NO6P",1,"Glycerophosphocholine",TRUE,"","Glycerophosphocholine (conf: 10)"
"Glycerophosphoglycerol",7,246.050474,8.335764501,"C6H15O8P",3,"Glycerophosphoglycerol",FALSE,NA,"Glycerophosphoglycerol (conf: 7)"
"glycerophosphoserine",7,259.0457151,10.92230863,"C6H14NO8P",8,"glycerophosphoserine",FALSE,NA,"glycerophosphoserine (conf: 7)"
"Glycine",10,75.03202283,10.49209135,"C2H5NO2",6,"Glycine",TRUE,"AA","Glycine (conf: 10)"
"Glycogen",6,666.2225984,13.26570459,"C24H42O21",24,"Glycogen",FALSE,NA,"Glycogen (conf: 6)"
"Glycogen",8,688.2043284,12.52457012,"C24H42O21",24,"Glycogen.1",FALSE,NA,"Glycogen (conf: 8)"
"Glycogen",8,688.2046572,12.89583902,"C24H42O21",24,"Glycogen.2",FALSE,NA,"Glycogen (conf: 8)"
"glycyl-L-hydroxyproline",5,188.0797462,9.542406141,"C7H12N2O4",2,"glycyl.L.hydroxyproline",FALSE,NA,"glycyl-L-hydroxyproline (conf: 5)"
"Glycylprolylhydroxyproline",5,285.1325299,7.723482733,"C12H19N3O5",1,"Glycylprolylhydroxyproline",FALSE,NA,"Glycylprolylhydroxyproline (conf: 5)"
"Glycylprolylhydroxyproline",7,307.1144958,9.13828567,"C12H19N3O5",1,"Glycylprolylhydroxyproline.1",FALSE,NA,"Glycylprolylhydroxyproline (conf: 7)"
"Glyoxylic acid",6,74.00037149,11.10738604,"C2H2O3",1,"Glyoxylic.acid",FALSE,NA,"Glyoxylic acid (conf: 6)"
"GMP-N-epsilon-(N-alpha-acetyl lysine methyl ester) 5'-phosphoramidate",5,547.1801572,9.400285567,"C19H30N7O10P",1,"GMP.N.epsilon..N.alpha.acetyl.lysine.methyl.ester..5..phosphoramidate",FALSE,NA,"GMP-N-epsilon-(N-alpha-acetyl lysine methyl ester) 5'-phosphoramidate (conf: 5)"
"Gonyautoxin I",5,411.0814104,5.092715454,"C10H17N7O9S",1,"Gonyautoxin.I",FALSE,NA,"Gonyautoxin I (conf: 5)"
"Gonyautoxin V",5,379.090564,5.476069429,"C10H17N7O7S",1,"Gonyautoxin.V",FALSE,NA,"Gonyautoxin V (conf: 5)"
"Gonyautoxin V",7,396.1175715,11.25425173,"C10H17N7O7S",1,"Gonyautoxin.V.1",FALSE,NA,"Gonyautoxin V (conf: 7)"
"Gravacridonetriol",7,374.147893,4.576733346,"C19H19NO6",1,"Gravacridonetriol",FALSE,NA,"Gravacridonetriol (conf: 7)"
"Graveoline",5,279.0894467,5.211449441,"C17H13NO3",3,"Graveoline",FALSE,NA,"Graveoline (conf: 5)"
"Griseorhodin A",7,530.0459548,5.671491969,"C25H16O12",1,"Griseorhodin.A",FALSE,NA,"Griseorhodin A (conf: 7)"
"GSSeH",7,385.9917305,13.01107697,"C10H16N3O6SSe",1,"GSSeH",FALSE,NA,"GSSeH (conf: 7)"
"guadinomic acid",5,258.1328275,7.209120856,"C10H18N4O4",1,"guadinomic.acid.1",FALSE,NA,"guadinomic acid (conf: 5)"
"guadinomic acid",7,258.1328115,11.10954134,"C10H18N4O4",1,"guadinomic.acid",FALSE,NA,"guadinomic acid (conf: 7)"
"Guaiacol",4.5,124.0524229,5.161304859,"C7H8O2",20,"Guaiacol",FALSE,NA,"Guaiacol (conf: 4.5)"
"guaiacol 2-O-beta-D-glucopyranosyl-(1 -> 2)-[O-beta-D-xylopyranosyl-(1 -> 6)]-O-beta-D-glucopyranoside",7,580.1997369,7.547928854,"C24H36O16",1,"guaiacol.2.O.beta.D.glucopyranosyl..1....2...O.beta.D.xylopyranosyl..1....6...O.beta.D.glucopyranoside",FALSE,NA,"guaiacol 2-O-beta-D-glucopyranosyl-(1 -> 2)-[O-beta-D-xylopyranosyl-(1 -> 6)]-O-beta-D-glucopyranoside (conf: 7)"
"Guanidinoproclavaminic acid",5,244.1171955,12.85947651,"C9H16N4O4",1,"Guanidinoproclavaminic.acid",FALSE,NA,"Guanidinoproclavaminic acid (conf: 5)"
"Guanidinoproclavaminic acid",5,244.1172113,11.87867246,"C9H16N4O4",1,"Guanidinoproclavaminic.acid.1",FALSE,NA,"Guanidinoproclavaminic acid (conf: 5)"
"Guanidinosuccinic acid",5,175.0593235,10.8641282,"C5H9N3O4",1,"Guanidinosuccinic.acid",FALSE,NA,"Guanidinosuccinic acid (conf: 5)"
"Guanidoacetic acid",10,117.0537404,10.45688792,"C3H7N3O2",1,"Guanidoacetic.acid",TRUE,"","Guanidoacetic acid (conf: 10)"
"Guanine",10,173.0312955,7.601548837,"C5H5N5O",4,"Guanine",TRUE,"","Guanine (conf: 10)"
"Guanosine",10,283.0917431,7.834989631,"C10H13N5O5",6,"Guanosine",TRUE,"","Guanosine (conf: 10)"
"Guanosine diphosphate",10,443.0245301,13.90401383,"C10H15N5O11P2",2,"Guanosine.diphosphate",TRUE,"","Guanosine diphosphate (conf: 10)"
"Guanosine diphosphate mannose",10,605.0778098,13.91276783,"C16H25N5O16P2",2,"Guanosine.diphosphate.mannose",TRUE,"","Guanosine diphosphate mannose (conf: 10)"
"Guanosine monophosphate",10,363.0580744,12.32648677,"C10H14N5O8P",6,"Guanosine.monophosphate",TRUE,"","Guanosine monophosphate (conf: 10)"
"Gulonic acid",6,196.0583244,9.808868802,"C6H12O7",4,"Gulonic.acid",FALSE,NA,"Gulonic acid (conf: 6)"
"Gulono-1,4-lactone",8,178.0477306,10.35111392,"C6H10O6",24,"Gulono.1_4.lactone",FALSE,NA,"Gulono-1,4-lactone (conf: 8)"
"Gulonolactone",8,178.0477296,7.736285991,"C6H10O6",24,"Gulonolactone",TRUE,"","Gulonolactone (conf: 8)"
"Gynocardin",5,303.0953659,7.306097149,"C12H17NO8",1,"Gynocardin",FALSE,NA,"Gynocardin (conf: 5)"
"HA polymer",5,397.1222025,13.32679542,"C14H23NO12",2,"HA.polymer.2",FALSE,NA,"HA polymer (conf: 5)"
"HA polymer",5,397.1225041,10.11636668,"C14H23NO12",2,"HA.polymer.3",FALSE,NA,"HA polymer (conf: 5)"
"HA polymer",7,397.1220164,9.571672461,"C14H23NO12",2,"HA.polymer",FALSE,NA,"HA polymer (conf: 7)"
"HA polymer",7,397.1220822,11.21677993,"C14H23NO12",2,"HA.polymer.1",FALSE,NA,"HA polymer (conf: 7)"
"Halazepam",5,352.0587437,18.54478902,"C17H12ClF3N2O",1,"Halazepam",FALSE,NA,"Halazepam (conf: 5)"
"Hallactone B",7,486.1196932,4.616623215,"C20H24O9S",1,"Hallactone.B",FALSE,NA,"Hallactone B (conf: 7)"
"Haplophyllidine",7,317.1627258,2.383307516,"C18H23NO4",15,"Haplophyllidine",FALSE,NA,"Haplophyllidine (conf: 7)"
"Harzianopyridone",5,281.1263789,6.324175238,"C14H19NO5",1,"Harzianopyridone",FALSE,NA,"Harzianopyridone (conf: 5)"
"Hawkinsin",5,291.0778141,10.28391673,"C11H17NO6S",2,"Hawkinsin.1",FALSE,NA,"Hawkinsin (conf: 5)"
"Hawkinsin",7,291.0777592,10.73634822,"C11H17NO6S",2,"Hawkinsin",FALSE,NA,"Hawkinsin (conf: 7)"
"HEDE",6,324.2665276,2.393612239,"C20H36O3",8,"HEDE",FALSE,NA,"HEDE (conf: 6)"
"Heliotridine",5,155.0947161,8.816287067,"C8H13NO2",5,"Heliotridine",FALSE,NA,"Heliotridine (conf: 5)"
"Heliotrine",5,313.1890043,4.452125254,"C16H27NO5",1,"Heliotrine",FALSE,NA,"Heliotrine (conf: 5)"
"HEPE",5,318.2195001,2.454177947,"C20H30O3",67,"HEPE",FALSE,NA,"HEPE (conf: 5)"
"Heptadecanoic acid",6,270.2559054,2.394277404,"C17H34O2",33,"Heptadecanoic.acid",FALSE,NA,"Heptadecanoic acid (conf: 6)"
"Heptadecanoyl carnitine",5,413.3506772,2.827015451,"C24H47NO4",1,"Heptadecanoyl.carnitine",FALSE,NA,"Heptadecanoyl carnitine (conf: 5)"
"Heptanoic acid",7,130.0993372,4.289814537,"C7H14O2",31,"Heptanoic.acid",FALSE,NA,"Heptanoic acid (conf: 7)"
"Heptanoylcarnitine",5,273.1941063,3.086143892,"C14H27NO4",1,"Heptanoylcarnitine",FALSE,NA,"Heptanoylcarnitine (conf: 5)"
"Heptanoylcholine",7,215.1884124,4.429773113,"C12H25NO2",3,"Heptanoylcholine",FALSE,NA,"Heptanoylcholine (conf: 7)"
"Heptyl 4-hydroxybenzoate",5,236.1412262,3.001848898,"C14H20O3",4,"Heptyl.4.hydroxybenzoate",FALSE,NA,"Heptyl 4-hydroxybenzoate (conf: 5)"
"herbicide 14A",5,298.0123459,12.34782178,"C7H12N2O7P2",1,"herbicide.14A",FALSE,NA,"herbicide 14A (conf: 5)"
"HETE di-endoperoxide",5,402.2252454,3.022312647,"C20H34O8",2,"HETE.di.endoperoxide",FALSE,NA,"HETE di-endoperoxide (conf: 5)"
"Heterodendrin",7,278.1477076,12.62903509,"C11H19NO6",8,"Heterodendrin",FALSE,NA,"Heterodendrin (conf: 7)"
"Hexacosanedioic acid",5,426.370879,2.362681703,"C26H50O4",3,"Hexacosanedioic.acid",FALSE,NA,"Hexacosanedioic acid (conf: 5)"
"Hexadecadienoic acid",5,252.208908,4.4249188,"C16H28O2",27,"Hexadecadienoic.acid",FALSE,NA,"Hexadecadienoic acid (conf: 5)"
"Hexadecatetraenoic acid",5,248.1776653,2.557688707,"C16H24O2",17,"Hexadecatetraenoic.acid",FALSE,NA,"Hexadecatetraenoic acid (conf: 5)"
"Hexaethylene glycol",5,282.1679702,25.36903772,"C12H26O7",1,"Hexaethylene.glycol",FALSE,NA,"Hexaethylene glycol (conf: 5)"
"Hexaethylene glycol",7,299.1945099,3.464167728,"C12H26O7",1,"Hexaethylene.glycol.1",FALSE,NA,"Hexaethylene glycol (conf: 7)"
"Hexahydro-2',4-dimethylspiro[1,3-dithiolo[4,5-c]furan-2,3'(2'H)-furan]",5,232.0591169,18.0319224,"C10H16O2S2",2,"Hexahydro.2._4.dimethylspiro.1_3.dithiolo.4_5.c.furan.2_3..2.H..furan.",FALSE,NA,"Hexahydro-2',4-dimethylspiro[1,3-dithiolo[4,5-c]furan-2,3'(2'H)-furan] (conf: 5)"
"Hexahydro-3-imino-1,2,4-oxadiazepine-3-carboxylic acid",7,159.0643903,10.36998274,"C5H9N3O3",1,"Hexahydro.3.imino.1_2_4.oxadiazepine.3.carboxylic.acid",FALSE,NA,"Hexahydro-3-imino-1,2,4-oxadiazepine-3-carboxylic acid (conf: 7)"
"hexanamide",5,115.0995939,5.691348414,"C6H13NO",4,"hexanamide",FALSE,NA,"hexanamide (conf: 5)"
"hexanesulfonate",5,166.0663293,4.738112088,"C6H14O3S",1,"hexanesulfonate",FALSE,NA,"hexanesulfonate (conf: 5)"
"Hexanethioic acid S-propyl ester",5,174.1079386,5.682150005,"C9H18OS",1,"Hexanethioic.acid.S.propyl.ester",FALSE,NA,"Hexanethioic acid S-propyl ester (conf: 5)"
"hexenedioylcarnitine",5,287.1370144,6.12622259,"C13H21NO6",1,"hexenedioylcarnitine",FALSE,NA,"hexenedioylcarnitine (conf: 5)"
"hexenedioylcarnitine",7,287.1370199,8.283216152,"C13H21NO6",1,"hexenedioylcarnitine.1",FALSE,NA,"hexenedioylcarnitine (conf: 7)"
"hexenedioylcarnitine",7,304.1633396,3.027703857,"C13H21NO6",1,"hexenedioylcarnitine.2",FALSE,NA,"hexenedioylcarnitine (conf: 7)"
"Hexose phosphate",6,260.029817,12.62526894,"C6H13O9P",23,"Hexose.phosphate.1",FALSE,NA,"Hexose phosphate (conf: 6)"
"Hexose phosphate",8,260.0297608,11.68087179,"C6H13O9P",23,"Hexose.phosphate",FALSE,NA,"Hexose phosphate (conf: 8)"
"hexyl sulfate",5,182.0613263,6.227926425,"C6H14O4S",1,"hexyl.sulfate",FALSE,NA,"hexyl sulfate (conf: 5)"
"Hexylamine",7,101.1203713,9.356353268,"C6H15N",3,"Hexylamine",FALSE,NA,"Hexylamine (conf: 7)"
"Himbacine",7,362.2934213,5.700483375,"C22H35NO2",2,"Himbacine",FALSE,NA,"Himbacine (conf: 7)"
"Hippuric acid",6,179.0582497,6.214327783,"C9H9NO3",12,"Hippuric.acid",FALSE,NA,"Hippuric acid (conf: 6)"
"Hippuric acid",8,179.0582813,3.766475251,"C9H9NO3",12,"Hippuric.acid.1",FALSE,NA,"Hippuric acid (conf: 8)"
"His/His/Arg/Arg/Trp",5,790.4114142,19.24388717,"C35H50N16O6",1,"His.His.Arg.Arg.Trp",FALSE,NA,"His/His/Arg/Arg/Trp (conf: 5)"
"His/His/Asn/Ser/Ser",5,580.2357286,2.431207495,"C22H32N10O9",1,"His.His.Asn.Ser.Ser",FALSE,NA,"His/His/Asn/Ser/Ser (conf: 5)"
"His/Ile/Ile/Lys/Pro",5,606.3841272,2.408972029,"C29H50N8O6",4,"His.Ile.Ile.Lys.Pro",FALSE,NA,"His/Ile/Ile/Lys/Pro (conf: 5)"
"His/Ile/Met/Pro/Arg",5,652.347389,2.201072037,"C28H48N10O6S",2,"His.Ile.Met.Pro.Arg",FALSE,NA,"His/Ile/Met/Pro/Arg (conf: 5)"
"His/Lys/Arg/Thr/Val",7,639.3809417,8.634122967,"C27H49N11O7",3,"His.Lys.Arg.Thr.Val",FALSE,NA,"His/Lys/Arg/Thr/Val (conf: 7)"
"His/Lys/Met/Met/Met",5,676.2867512,19.1715376,"C27H48N8O6S3",1,"His.Lys.Met.Met.Met",FALSE,NA,"His/Lys/Met/Met/Met (conf: 5)"
"His/Met/Met/Pro/Arg",7,670.3038859,2.277947598,"C27H46N10O6S2",1,"His.Met.Met.Pro.Arg",FALSE,NA,"His/Met/Met/Pro/Arg (conf: 7)"
"His/Met/Met/Trp",5,603.230561,12.28354433,"C27H37N7O5S2",1,"His.Met.Met.Trp",FALSE,NA,"His/Met/Met/Trp (conf: 5)"
"His/Met/Pro/Pro/Trp",5,666.2938718,19.2266236,"C32H42N8O6S",1,"His.Met.Pro.Pro.Trp",FALSE,NA,"His/Met/Pro/Pro/Trp (conf: 5)"
"Histidinal",6,139.0745491,4.778651084,"C6H9N3O",3,"Histidinal",FALSE,NA,"Histidinal (conf: 6)"
"Histidine",8,155.069468,11.73409309,"C6H9N3O2",4,"Histidine",FALSE,NA,"Histidine (conf: 8)"
"Histidine",8,155.0694761,9.907259115,"C6H9N3O2",4,"Histidine.1",FALSE,NA,"Histidine (conf: 8)"
"histidine methyl ester",7,169.0851441,8.463960266,"C7H11N3O2",6,"histidine.methyl.ester",FALSE,NA,"histidine methyl ester (conf: 7)"
"Histidine trimethylbetaine",6,197.1164166,7.789293006,"C9H15N3O2",1,"Histidine.trimethylbetaine",FALSE,NA,"Histidine trimethylbetaine (conf: 6)"
"Histidinol",6,141.0902101,25.36810224,"C6H11N3O",1,"Histidinol",FALSE,NA,"Histidinol (conf: 6)"
"Histidylproline diketopiperazine",7,248.1274043,4.335989249,"C12H16N4O2",1,"Histidylproline.diketopiperazine",FALSE,NA,"Histidylproline diketopiperazine (conf: 7)"
"Homoarecoline",5,169.11021,25.48497314,"C9H15NO2",1,"Homoarecoline",FALSE,NA,"Homoarecoline (conf: 5)"
"Homoarecoline",7,169.1102307,11.52241884,"C9H15NO2",1,"Homoarecoline.1",FALSE,NA,"Homoarecoline (conf: 7)"
"Homoarecoline",7,169.110267,4.445291958,"C9H15NO2",1,"Homoarecoline.2",FALSE,NA,"Homoarecoline (conf: 7)"
"Homocarnosine",8,240.1223596,9.609985632,"C10H16N4O3",4,"Homocarnosine",FALSE,NA,"Homocarnosine (conf: 8)"
"Homocitric acid",8,206.0426648,13.43211286,"C7H10O7",5,"Homocitric.acid",FALSE,NA,"Homocitric acid (conf: 8)"
"Homocitrulline",9,189.111328,10.25141212,"C7H15N3O3",1,"Homocitrulline",TRUE,"","Homocitrulline (conf: 9)"
"Homocysteic acid",7,183.0201516,11.66894886,"C4H9NO5S",1,"Homocysteic.acid",FALSE,NA,"Homocysteic acid (conf: 7)"
"Homocysteine thiolactone",7,117.024894,4.91501321,"C4H7NOS",1,"Homocysteine.thiolactone",FALSE,NA,"Homocysteine thiolactone (conf: 7)"
"Homocysteinesulfinic acid",5,167.0252122,13.40071036,"C4H9NO4S",2,"Homocysteinesulfinic.acid",FALSE,NA,"Homocysteinesulfinic acid (conf: 5)"
"Homocysteinesulfinic acid",5,167.0252813,10.00161773,"C4H9NO4S",2,"Homocysteinesulfinic.acid.3",FALSE,NA,"Homocysteinesulfinic acid (conf: 5)"
"Homocysteinesulfinic acid",7,167.025224,11.21958902,"C4H9NO4S",2,"Homocysteinesulfinic.acid.1",FALSE,NA,"Homocysteinesulfinic acid (conf: 7)"
"Homocysteinesulfinic acid",7,167.0252662,8.707355409,"C4H9NO4S",2,"Homocysteinesulfinic.acid.2",FALSE,NA,"Homocysteinesulfinic acid (conf: 7)"
"Homogentisic acid",10,168.0421849,5.370440854,"C8H8O4",29,"Homogentisic.acid",TRUE,"","Homogentisic acid (conf: 10)"
"Homoisocitrate",6,206.0426486,9.079751026,"C7H10O7",5,"Homoisocitrate",FALSE,NA,"Homoisocitrate (conf: 6)"
"Homoisocitrate",8,206.0426681,13.96522693,"C7H10O7",5,"Homoisocitrate.1",FALSE,NA,"Homoisocitrate (conf: 8)"
"Homoserine",8,119.0581313,10.65882529,"C4H9NO3",11,"Homoserine",FALSE,NA,"Homoserine (conf: 8)"
"Homostachydrine",5,157.1103809,8.405954865,"C8H15NO2",4,"Homostachydrine.1",FALSE,NA,"Homostachydrine (conf: 5)"
"Homostachydrine",7,157.1102987,6.029940812,"C8H15NO2",4,"Homostachydrine",FALSE,NA,"Homostachydrine (conf: 7)"
"Homovanillic acid",6,182.0579055,2.963367234,"C9H10O4",37,"Homovanillic.acid",FALSE,NA,"Homovanillic acid (conf: 6)"
"Homovanillic acid sulfate",6,262.0146942,4.459890203,"C9H10O7S",8,"Homovanillic.acid.sulfate",FALSE,NA,"Homovanillic acid sulfate (conf: 6)"
"Homovanillic acid sulfate",6,262.0147985,5.853267801,"C9H10O7S",8,"Homovanillic.acid.sulfate.1",FALSE,NA,"Homovanillic acid sulfate (conf: 6)"
"Homovanillin",6,166.0629349,4.481215577,"C9H10O3",46,"Homovanillin",FALSE,NA,"Homovanillin (conf: 6)"
"Homovanillin",6,166.0629663,6.483349429,"C9H10O3",46,"Homovanillin.1",FALSE,NA,"Homovanillin (conf: 6)"
"HpEDE",7,340.2611749,2.482368814,"C20H36O4",5,"HpEDE",FALSE,NA,"HpEDE (conf: 7)"
"HpOTrE",5,310.2144857,2.87982204,"C18H30O4",29,"HpOTrE",FALSE,NA,"HpOTrE (conf: 5)"
"Hydantoin-5-propionic acid",6,172.0483635,10.96008964,"C6H8N2O4",3,"Hydantoin.5.propionic.acid",FALSE,NA,"Hydantoin-5-propionic acid (conf: 6)"
"Hydantoin-5-propionic acid",6,172.0483986,7.880320091,"C6H8N2O4",3,"Hydantoin.5.propionic.acid.1",FALSE,NA,"Hydantoin-5-propionic acid (conf: 6)"
"hydratedusnate",5,362.0999762,6.322042284,"C18H18O8",6,"hydratedusnate",FALSE,NA,"hydratedusnate (conf: 5)"
"Hydrogen phosphate",6,97.97680447,9.760004318,"H3O4P",1,"Hydrogen.phosphate",FALSE,NA,"Hydrogen phosphate (conf: 6)"
"Hydrogen phosphate",6,97.97681242,5.800027942,"H3O4P",1,"Hydrogen.phosphate.1",FALSE,NA,"Hydrogen phosphate (conf: 6)"
"Hydrogen phosphate",6,97.97704064,8.423145713,"H3O4P",1,"Hydrogen.phosphate.5",FALSE,NA,"Hydrogen phosphate (conf: 6)"
"Hydrogen phosphate",8,97.97682469,13.62571293,"H3O4P",1,"Hydrogen.phosphate.2",FALSE,NA,"Hydrogen phosphate (conf: 8)"
"Hydrogen phosphate",8,97.97682536,10.7042785,"H3O4P",1,"Hydrogen.phosphate.3",FALSE,NA,"Hydrogen phosphate (conf: 8)"
"Hydrogen phosphate",8,97.9768824,11.41874399,"H3O4P",1,"Hydrogen.phosphate.4",FALSE,NA,"Hydrogen phosphate (conf: 8)"
"Hydroquinone",6,110.0367764,3.257293028,"C6H6O2",7,"Hydroquinone",FALSE,NA,"Hydroquinone (conf: 6)"
"hydroxy-3-(tetradecenoyloxy)-propanoic acid",5,314.2093743,3.010499999,"C17H30O5",1,"hydroxy.3..tetradecenoyloxy..propanoic.acid",FALSE,NA,"hydroxy-3-(tetradecenoyloxy)-propanoic acid (conf: 5)"
"hydroxy-9,15-dioxo-2,3,4,5-tetranor-prostan-1,20-dioic acid-d6",5,332.1736898,4.817150002,"C16H16D6O7",1,"hydroxy.9_15.dioxo.2_3_4_5.tetranor.prostan.1_20.dioic.acid.d6",FALSE,NA,"hydroxy-9,15-dioxo-2,3,4,5-tetranor-prostan-1,20-dioic acid-d6 (conf: 5)"
"hydroxy-N-acetyl-(L)-arginine",7,232.1171793,13.20535692,"C8H16N4O4",2,"hydroxy.N.acetyl..L..arginine",FALSE,NA,"hydroxy-N-acetyl-(L)-arginine (conf: 7)"
"Hydroxyacetone phosphate",5,154.0031669,8.389708631,"C3H7O5P",5,"Hydroxyacetone.phosphate",FALSE,NA,"Hydroxyacetone phosphate (conf: 5)"
"Hydroxybutyrylcarnitine",9,247.14192,7.104663805,"C11H21NO5",1,"Hydroxybutyrylcarnitine",TRUE,"","Hydroxybutyrylcarnitine (conf: 9)"
"Hydroxyhexanoycarnitine",7,275.1732568,5.489251641,"C13H25NO5",2,"Hydroxyhexanoycarnitine",FALSE,NA,"Hydroxyhexanoycarnitine (conf: 7)"
"Hydroxykynurenine",10,224.079612,8.046800012,"C10H12N2O4",4,"Hydroxykynurenine",TRUE,"","Hydroxykynurenine (conf: 10)"
"Hydroxylated N-acetyl desmethyl frovatriptan",5,289.1428094,7.538669273,"C15H19N3O3",1,"Hydroxylated.N.acetyl.desmethyl.frovatriptan",FALSE,NA,"Hydroxylated N-acetyl desmethyl frovatriptan (conf: 5)"
"hydroxylauric acid",6,216.1724494,2.764582784,"C12H24O3",7,"hydroxylauric.acid",FALSE,NA,"hydroxylauric acid (conf: 6)"
"Hydroxylumiracoxib",5,309.0572968,5.793690884,"C15H13ClFNO3",1,"Hydroxylumiracoxib",FALSE,NA,"Hydroxylumiracoxib (conf: 5)"
"hydroxymethyl-dCDP",5,418.0185927,13.69091676,"C10H16N2O12P2",2,"hydroxymethyl.dCDP",FALSE,NA,"hydroxymethyl-dCDP (conf: 5)"
"hydroxymethylmycothiol",5,516.1617484,7.834464957,"C18H32N2O13S",1,"hydroxymethylmycothiol",FALSE,NA,"hydroxymethylmycothiol (conf: 5)"
"Hydroxymethylphosphonate",6,111.9925433,10.1654776,"CH5O4P",2,"Hydroxymethylphosphonate",FALSE,NA,"Hydroxymethylphosphonate (conf: 6)"
"Hydroxyoctanoic acid",8,206.1155032,4.478434376,"C8H16O3",18,"Hydroxyoctanoic.acid",FALSE,NA,"Hydroxyoctanoic acid (conf: 8)"
"Hydroxyphenylacetylglycine",8,209.0688612,4.450407525,"C10H11NO4",7,"Hydroxyphenylacetylglycine",FALSE,NA,"Hydroxyphenylacetylglycine (conf: 8)"
"Hydroxyphenyllactic acid",8,182.0579241,5.335725304,"C9H10O4",37,"Hydroxyphenyllactic.acid",FALSE,NA,"Hydroxyphenyllactic acid (conf: 8)"
"Hydroxyprolyl-Isoleucine",5,244.1422838,5.047513457,"C11H20N2O4",4,"Hydroxyprolyl.Isoleucine",FALSE,NA,"Hydroxyprolyl-Isoleucine (conf: 5)"
"Hydroxyprolyl-Isoleucine",5,244.1423614,3.05150322,"C11H20N2O4",4,"Hydroxyprolyl.Isoleucine.2",FALSE,NA,"Hydroxyprolyl-Isoleucine (conf: 5)"
"Hydroxyprolyl-Isoleucine",5,244.1423683,4.447855369,"C11H20N2O4",4,"Hydroxyprolyl.Isoleucine.3",FALSE,NA,"Hydroxyprolyl-Isoleucine (conf: 5)"
"Hydroxyprolyl-Isoleucine",7,244.1423355,6.085874184,"C11H20N2O4",4,"Hydroxyprolyl.Isoleucine.1",FALSE,NA,"Hydroxyprolyl-Isoleucine (conf: 7)"
"Hydroxyprolyl-Methionine",5,262.0988703,4.849115463,"C10H18N2O4S",2,"Hydroxyprolyl.Methionine",FALSE,NA,"Hydroxyprolyl-Methionine (conf: 5)"
"Hydroxyprolyl-Valine",7,230.1266804,4.829296809,"C10H18N2O4",2,"Hydroxyprolyl.Valine",FALSE,NA,"Hydroxyprolyl-Valine (conf: 7)"
"Hydroxypropanedioic acid",7,120.0058649,12.61588762,"C3H4O5",1,"Hydroxypropanedioic.acid",FALSE,NA,"Hydroxypropanedioic acid (conf: 7)"
"Hydroxypropionylcarnitine",5,233.1262061,4.521317844,"C10H19NO5",1,"Hydroxypropionylcarnitine.1",FALSE,NA,"Hydroxypropionylcarnitine (conf: 5)"
"Hydroxypropionylcarnitine",5,233.1262981,6.54257125,"C10H19NO5",1,"Hydroxypropionylcarnitine.3",FALSE,NA,"Hydroxypropionylcarnitine (conf: 5)"
"Hydroxypropionylcarnitine",7,233.1260887,5.306765594,"C10H19NO5",1,"Hydroxypropionylcarnitine",FALSE,NA,"Hydroxypropionylcarnitine (conf: 7)"
"Hydroxypropionylcarnitine",7,233.1262508,7.895080444,"C10H19NO5",1,"Hydroxypropionylcarnitine.2",FALSE,NA,"Hydroxypropionylcarnitine (conf: 7)"
"Hydroxypropionylcarnitine",7,255.1080998,6.483215525,"C10H19NO5",1,"Hydroxypropionylcarnitine.4",FALSE,NA,"Hydroxypropionylcarnitine (conf: 7)"
"Hydroxypyruvic acid",6,104.010938,8.237180665,"C3H4O4",3,"Hydroxypyruvic.acid.1",FALSE,NA,"Hydroxypyruvic acid (conf: 6)"
"Hydroxypyruvic acid",6,104.0109539,9.571082823,"C3H4O4",3,"Hydroxypyruvic.acid.2",FALSE,NA,"Hydroxypyruvic acid (conf: 6)"
"Hydroxypyruvic acid",8,104.0109124,4.455028477,"C3H4O4",3,"Hydroxypyruvic.acid",FALSE,NA,"Hydroxypyruvic acid (conf: 8)"
"Hygrine",5,141.1153634,4.439234957,"C8H15NO",10,"Hygrine",FALSE,NA,"Hygrine (conf: 5)"
"Hygroline",7,143.131027,10.70956997,"C8H17NO",6,"Hygroline",FALSE,NA,"Hygroline (conf: 7)"
"Hymenoxon",5,282.146713,3.022653231,"C15H22O5",13,"Hymenoxon",FALSE,NA,"Hymenoxon (conf: 5)"
"Hymexazol  O-glucoside",5,261.0848483,6.3194287,"C10H15NO7",4,"Hymexazol..O.glucoside",FALSE,NA,"Hymexazol  O-glucoside (conf: 5)"
"Hypoglycin B",5,270.1215681,7.585210029,"C12H18N2O5",1,"Hypoglycin.B",FALSE,NA,"Hypoglycin B (conf: 5)"
"Hypoglycin B",5,270.1216529,11.12340163,"C12H18N2O5",1,"Hypoglycin.B.1",FALSE,NA,"Hypoglycin B (conf: 5)"
"Hypoglycin B",5,270.1217443,9.949249497,"C12H18N2O5",1,"Hypoglycin.B.2",FALSE,NA,"Hypoglycin B (conf: 5)"
"Hypotaurine",10,109.0196921,9.959332661,"C2H7NO2S",1,"Hypotaurine",TRUE,"","Hypotaurine (conf: 10)"
"hypotaurocyamine",5,151.0415436,10.38334196,"C3H9N3O2S",1,"hypotaurocyamine",FALSE,NA,"hypotaurocyamine (conf: 5)"
"Hypothiocyanite",7,120.9834439,10.08143332,"CHNOS",1,"Hypothiocyanite",FALSE,NA,"Hypothiocyanite (conf: 7)"
"Hypoxanthine",10,136.0383933,6.099487124,"C5H4N4O",4,"Hypoxanthine",TRUE,"","Hypoxanthine (conf: 10)"
"IAA-phenylalanine",7,280.1213317,4.642247846,"C17H16N2O2",2,"IAA.phenylalanine",FALSE,NA,"IAA-phenylalanine (conf: 7)"
"Ibopamine",7,324.2049505,2.829309261,"C17H25NO4",1,"Ibopamine",FALSE,NA,"Ibopamine (conf: 7)"
"Icosadienoic acid",6,308.2714817,2.375422586,"C20H36O2",20,"Icosadienoic.acid",FALSE,NA,"Icosadienoic acid (conf: 6)"
"Iduronate 2-sulfate",7,273.9995759,16.11733167,"C6H10O10S",2,"Iduronate.2.sulfate",FALSE,NA,"Iduronate 2-sulfate (conf: 7)"
"Ikarisoside A",5,500.1673224,4.695063404,"C26H28O10",7,"Ikarisoside.A",FALSE,NA,"Ikarisoside A (conf: 5)"
"Ile/Ala",5,202.1317344,9.139604335,"C9H18N2O3",6,"Ile.Ala.1",FALSE,NA,"Ile/Ala (conf: 5)"
"Ile/Ala",7,202.1316728,4.995453767,"C9H18N2O3",6,"Ile.Ala",FALSE,NA,"Ile/Ala (conf: 7)"
"Ile/Ala",7,202.1317662,8.229677591,"C9H18N2O3",6,"Ile.Ala.2",FALSE,NA,"Ile/Ala (conf: 7)"
"Ile/Ala/Gly",5,259.153304,8.30668905,"C11H21N3O4",14,"Ile.Ala.Gly",FALSE,NA,"Ile/Ala/Gly (conf: 5)"
"Ile/Ala/Pro",5,299.1845617,10.12572734,"C14H25N3O4",4,"Ile.Ala.Pro",FALSE,NA,"Ile/Ala/Pro (conf: 5)"
"Ile/Ala/Ser",5,289.1637822,12.16835755,"C12H23N3O5",10,"Ile.Ala.Ser",FALSE,NA,"Ile/Ala/Ser (conf: 5)"
"Ile/Ala/Thr",5,303.1794165,10.93767185,"C13H25N3O5",6,"Ile.Ala.Thr",FALSE,NA,"Ile/Ala/Thr (conf: 5)"
"Ile/Arg/Arg/Thr/Val",5,643.4122361,2.311891654,"C27H53N11O7",6,"Ile.Arg.Arg.Thr.Val",FALSE,NA,"Ile/Arg/Arg/Thr/Val (conf: 5)"
"Ile/Asn",7,245.1375427,11.08260975,"C10H19N3O4",13,"Ile.Asn",FALSE,NA,"Ile/Asn (conf: 7)"
"Ile/Asn/Pro",5,342.190488,8.294819837,"C15H26N4O5",10,"Ile.Asn.Pro",FALSE,NA,"Ile/Asn/Pro (conf: 5)"
"Ile/Asp/Ser",5,333.1537222,9.151917873,"C13H23N3O7",7,"Ile.Asp.Ser",FALSE,NA,"Ile/Asp/Ser (conf: 5)"
"Ile/Asp/Val",5,345.1899021,6.161102936,"C15H27N3O6",5,"Ile.Asp.Val",FALSE,NA,"Ile/Asp/Val (conf: 5)"
"Ile/Cys/Ser",7,321.1360468,8.982982585,"C12H23N3O5S",8,"Ile.Cys.Ser",FALSE,NA,"Ile/Cys/Ser (conf: 7)"
"Ile/Gln",5,259.1532033,10.59761251,"C11H21N3O4",14,"Ile.Gln",FALSE,NA,"Ile/Gln (conf: 5)"
"Ile/Glu",5,260.1372428,12.03376546,"C11H20N2O5",6,"Ile.Glu",FALSE,NA,"Ile/Glu (conf: 5)"
"Ile/Gly/Gly",5,245.1375548,8.83437521,"C10H19N3O4",13,"Ile.Gly.Gly",FALSE,NA,"Ile/Gly/Gly (conf: 5)"
"Ile/Gly/Gly/Pro",5,342.1904077,9.223031616,"C15H26N4O5",10,"Ile.Gly.Gly.Pro",FALSE,NA,"Ile/Gly/Gly/Pro (conf: 5)"
"Ile/Gly/Ser",7,275.1481469,8.88125007,"C11H21N3O5",12,"Ile.Gly.Ser",FALSE,NA,"Ile/Gly/Ser (conf: 7)"
"Ile/Gly/Thr",5,289.1637843,12.70909483,"C12H23N3O5",10,"Ile.Gly.Thr",FALSE,NA,"Ile/Gly/Thr (conf: 5)"
"Ile/Gly/Thr",5,289.1638246,9.619511866,"C12H23N3O5",10,"Ile.Gly.Thr.1",FALSE,NA,"Ile/Gly/Thr (conf: 5)"
"Ile/Gly/Val",5,287.1845189,9.17909625,"C13H25N3O4",6,"Ile.Gly.Val",FALSE,NA,"Ile/Gly/Val (conf: 5)"
"Ile/Ile/Arg/Thr/Val",7,622.3788742,2.421685526,"C27H52N8O7",11,"Ile.Ile.Arg.Thr.Val",FALSE,NA,"Ile/Ile/Arg/Thr/Val (conf: 7)"
"Ile/Ile/Ser/Val",5,430.2792892,8.883157188,"C20H38N4O6",7,"Ile.Ile.Ser.Val",FALSE,NA,"Ile/Ile/Ser/Val (conf: 5)"
"Ile/Lys",7,259.189601,14.65595345,"C12H25N3O3",4,"Ile.Lys",FALSE,NA,"Ile/Lys (conf: 7)"
"Ile/Lys/Lys/Pro/Pro",7,581.3892898,8.675640055,"C28H51N7O6",2,"Ile.Lys.Lys.Pro.Pro",FALSE,NA,"Ile/Lys/Lys/Pro/Pro (conf: 7)"
"Ile/Lys/Pro",7,356.2424868,15.71897011,"C17H32N4O4",3,"Ile.Lys.Pro",FALSE,NA,"Ile/Lys/Pro (conf: 7)"
"Ile/Lys/Ser/Val/Tyr",5,608.3533928,12.31243963,"C29H48N6O8",5,"Ile.Lys.Ser.Val.Tyr",FALSE,NA,"Ile/Lys/Ser/Val/Tyr (conf: 5)"
"Ile/Met",5,262.135283,7.536261118,"C11H22N2O3S",4,"Ile.Met",FALSE,NA,"Ile/Met (conf: 5)"
"Ile/Met/Gln/Trp/Trp",7,798.328168,9.632072922,"C38H50N8O7S",3,"Ile.Met.Gln.Trp.Trp",FALSE,NA,"Ile/Met/Gln/Trp/Trp (conf: 7)"
"Ile/Met/Met/Ser",5,480.2070222,11.03611612,"C19H36N4O6S2",3,"Ile.Met.Met.Ser",FALSE,NA,"Ile/Met/Met/Ser (conf: 5)"
"Ile/Phe",5,278.1631365,4.446074209,"C15H22N2O3",5,"Ile.Phe",FALSE,NA,"Ile/Phe (conf: 5)"
"Ile/Phe",5,278.1631369,6.899283346,"C15H22N2O3",5,"Ile.Phe.1",FALSE,NA,"Ile/Phe (conf: 5)"
"Ile/Pro",5,228.1473792,4.441820469,"C11H20N2O3",2,"Ile.Pro",FALSE,NA,"Ile/Pro (conf: 5)"
"Ile/Pro",7,228.147405,6.154254422,"C11H20N2O3",2,"Ile.Pro.1",FALSE,NA,"Ile/Pro (conf: 7)"
"Ile/Pro/Pro",5,325.2002757,10.13984528,"C16H27N3O4",2,"Ile.Pro.Pro",FALSE,NA,"Ile/Pro/Pro (conf: 5)"
"Ile/Pro/Pro/Ser",5,412.2324479,7.924308922,"C19H32N4O6",4,"Ile.Pro.Pro.Ser",FALSE,NA,"Ile/Pro/Pro/Ser (conf: 5)"
"Ile/Pro/Thr",5,329.1951435,11.76592643,"C15H27N3O5",3,"Ile.Pro.Thr",FALSE,NA,"Ile/Pro/Thr (conf: 5)"
"Ile/Ser",5,218.1267452,8.452024754,"C9H18N2O4",11,"Ile.Ser",FALSE,NA,"Ile/Ser (conf: 5)"
"Ile/Ser/Thr",5,319.1742323,12.962037,"C13H25N3O6",5,"Ile.Ser.Thr",FALSE,NA,"Ile/Ser/Thr (conf: 5)"
"Ile/Ser/Tyr",5,381.1902792,9.212638928,"C18H27N3O6",3,"Ile.Ser.Tyr",FALSE,NA,"Ile/Ser/Tyr (conf: 5)"
"Ile/Ser/Val",5,317.195077,12.16931496,"C14H27N3O5",4,"Ile.Ser.Val",FALSE,NA,"Ile/Ser/Val (conf: 5)"
"Ile/Thr",7,232.1423042,11.70920182,"C10H20N2O4",5,"Ile.Thr",FALSE,NA,"Ile/Thr (conf: 7)"
"Ile/Thr",7,232.1423698,8.720927008,"C10H20N2O4",5,"Ile.Thr.1",FALSE,NA,"Ile/Thr (conf: 7)"
"Ile/Thr/Ala/Ala",7,374.2165478,7.857721985,"C16H30N4O6",17,"Ile.Thr.Ala.Ala",FALSE,NA,"Ile/Thr/Ala/Ala (conf: 7)"
"Ile/Thr/Thr",7,333.1900321,12.72024599,"C14H27N3O6",2,"Ile.Thr.Thr",FALSE,NA,"Ile/Thr/Thr (conf: 7)"
"Ile/Trp",5,317.1741114,7.892517477,"C17H23N3O3",4,"Ile.Trp",FALSE,NA,"Ile/Trp (conf: 5)"
"Ile/Tyr",5,294.1582688,4.436623653,"C15H22N2O4",5,"Ile.Tyr",FALSE,NA,"Ile/Tyr (conf: 5)"
"Ile/Val",5,230.1630117,7.335479877,"C11H22N2O3",4,"Ile.Val.1",FALSE,NA,"Ile/Val (conf: 5)"
"Ile/Val",7,230.1629786,7.727470749,"C11H22N2O3",4,"Ile.Val",FALSE,NA,"Ile/Val (conf: 7)"
"Ile/Val",7,230.1630249,4.440961858,"C11H22N2O3",4,"Ile.Val.2",FALSE,NA,"Ile/Val (conf: 7)"
"Ilicifolinoside A",5,264.1210051,9.602069945,"C11H20O7",2,"Ilicifolinoside.A",FALSE,NA,"Ilicifolinoside A (conf: 5)"
"imidazole-pyruvate",6,154.0377929,7.385547269,"C6H6N2O3",2,"imidazole.pyruvate",FALSE,NA,"imidazole-pyruvate (conf: 6)"
"imidazole-pyruvate",6,154.0378136,9.231462569,"C6H6N2O3",2,"imidazole.pyruvate.1",FALSE,NA,"imidazole-pyruvate (conf: 6)"
"imidazole-pyruvate",6,154.0378517,6.266382748,"C6H6N2O3",2,"imidazole.pyruvate.2",FALSE,NA,"imidazole-pyruvate (conf: 6)"
"Imidazoleacetic acid",8,126.0428725,7.351332256,"C5H6N2O2",3,"Imidazoleacetic.acid",TRUE,"","Imidazoleacetic acid (conf: 8)"
"Imidazoleacetic acid riboside",6,258.0853101,9.838126978,"C10H14N2O6",4,"Imidazoleacetic.acid.riboside.1",FALSE,NA,"Imidazoleacetic acid riboside (conf: 6)"
"Imidazoleacetic acid riboside",8,258.0852629,8.470303467,"C10H14N2O6",4,"Imidazoleacetic.acid.riboside",FALSE,NA,"Imidazoleacetic acid riboside (conf: 8)"
"Imidazoleacetic acid ribotide",8,338.0517385,12.89073451,"C10H15N2O9P",1,"Imidazoleacetic.acid.ribotide",FALSE,NA,"Imidazoleacetic acid ribotide (conf: 8)"
"Imidazolelactic acid",8,156.053502,4.970967233,"C6H8N2O3",4,"Imidazolelactic.acid",FALSE,NA,"Imidazolelactic acid (conf: 8)"
"Imidazolepropionic acid",5,140.0585433,7.555032234,"C6H8N2O2",9,"Imidazolepropionic.acid",FALSE,NA,"Imidazolepropionic acid (conf: 5)"
"Imidazolone",6,84.03226387,8.448557503,"C3H4N2O",2,"Imidazolone",FALSE,NA,"Imidazolone (conf: 6)"
"Imidazolone",6,84.03234045,4.983282274,"C3H4N2O",2,"Imidazolone.1",FALSE,NA,"Imidazolone (conf: 6)"
"Iminoglycine",5,73.01634009,6.161054304,"C2H3NO2",1,"Iminoglycine",FALSE,NA,"Iminoglycine (conf: 5)"
"Iminoglycine",5,73.01635977,9.541544104,"C2H3NO2",1,"Iminoglycine.1",FALSE,NA,"Iminoglycine (conf: 5)"
"Iminoglycine",5,73.0164352,8.883016652,"C2H3NO2",1,"Iminoglycine.3",FALSE,NA,"Iminoglycine (conf: 5)"
"Iminoglycine",5,73.01648078,11.697973,"C2H3NO2",1,"Iminoglycine.4",FALSE,NA,"Iminoglycine (conf: 5)"
"Iminoglycine",7,73.01643366,7.665545952,"C2H3NO2",1,"Iminoglycine.2",FALSE,NA,"Iminoglycine (conf: 7)"
"Indan-1-ol",5,134.0731221,4.439216154,"C9H10O",15,"Indan.1.ol",FALSE,NA,"Indan-1-ol (conf: 5)"
"Indican",5,295.1056564,8.244252977,"C14H17NO6",2,"Indican",FALSE,NA,"Indican (conf: 5)"
"Indicine",7,299.1733244,4.741324213,"C15H25NO5",5,"Indicine",FALSE,NA,"Indicine (conf: 7)"
"indolactam V",5,301.1795694,12.45256545,"C17H23N3O2",1,"indolactam.V",FALSE,NA,"indolactam V (conf: 5)"
"Indole-3-acetate",6,175.063343,2.865521486,"C10H9NO2",14,"Indole.3.acetate.1",FALSE,NA,"Indole-3-acetate (conf: 6)"
"Indole-3-acetate",8,175.0632964,4.880686048,"C10H9NO2",14,"Indole.3.acetate",FALSE,NA,"Indole-3-acetate (conf: 8)"
"Indole-3-acetic-acid-O-glucuronide",5,351.0955159,5.308736347,"C16H17NO8",1,"Indole.3.acetic.acid.O.glucuronide",FALSE,NA,"Indole-3-acetic-acid-O-glucuronide (conf: 5)"
"indole-3-acetyl-glutamate-N-beta-D-glucose",5,466.158009,12.33372918,"C21H26N2O10",1,"indole.3.acetyl.glutamate.N.beta.D.glucose",FALSE,NA,"indole-3-acetyl-glutamate-N-beta-D-glucose (conf: 5)"
"Indole-3-carboxilic acid-O-sulphate",5,241.0046547,5.022806513,"C9H7NO5S",1,"Indole.3.carboxilic.acid.O.sulphate",FALSE,NA,"Indole-3-carboxilic acid-O-sulphate (conf: 5)"
"indole-3-glycol",7,177.0789466,7.391899453,"C10H11NO2",8,"indole.3.glycol",FALSE,NA,"indole-3-glycol (conf: 7)"
"indole-S-cysteine-adduct",7,283.0993783,9.78006904,"C12H14N2O3S",1,"indole.S.cysteine.adduct",FALSE,NA,"indole-S-cysteine-adduct (conf: 7)"
"Indolepyruvate",6,203.0582707,4.42146339,"C11H9NO3",2,"Indolepyruvate",FALSE,NA,"Indolepyruvate (conf: 6)"
"Indospicine",5,173.1164152,11.81997681,"C7H15N3O2",3,"Indospicine",FALSE,NA,"Indospicine (conf: 5)"
"Indoxyl",6,133.052723,4.515429622,"C8H7NO",9,"Indoxyl",FALSE,NA,"Indoxyl (conf: 6)"
"Ingenol",5,348.193501,3.009636215,"C20H28O5",18,"Ingenol",FALSE,NA,"Ingenol (conf: 5)"
"Ingenol 3,20-dibenzoate",5,556.2459988,5.83595232,"C34H36O7",1,"Ingenol.3_20.dibenzoate",FALSE,NA,"Ingenol 3,20-dibenzoate (conf: 5)"
"Inosine",10,268.0806329,6.628497755,"C10H12N4O5",3,"Inosine",TRUE,"","Inosine (conf: 10)"
"Inosinic acid",10,348.0470291,11.15791777,"C10H13N4O8P",3,"Inosinic.acid",TRUE,"","Inosinic acid (conf: 10)"
"Inositol cyclic phosphate",5,242.0192171,9.414249429,"C6H11O8P",3,"Inositol.cyclic.phosphate",FALSE,NA,"Inositol cyclic phosphate (conf: 5)"
"Inulicin",7,325.1890346,4.560415059,"C17H24O5",5,"Inulicin",FALSE,NA,"Inulicin (conf: 7)"
"Ipratropium bromide",7,348.2414521,7.524600023,"C20H29NO3",3,"Ipratropium.bromide",FALSE,NA,"Ipratropium bromide (conf: 7)"
"Iprodione",7,375.0388276,3.179304199,"C13H13Cl2N3O3",1,"Iprodione",FALSE,NA,"Iprodione (conf: 7)"
"Isoamyl isothiocyanate",7,175.0665728,3.021386789,"C6H11NS",4,"Isoamyl.isothiocyanate",FALSE,NA,"Isoamyl isothiocyanate (conf: 7)"
"Isobutrin",5,596.1746287,5.818702975,"C27H32O15",10,"Isobutrin",FALSE,NA,"Isobutrin (conf: 5)"
"Isoclavulanic acid",5,199.0481026,5.481035458,"C8H9NO5",3,"Isoclavulanic.acid",FALSE,NA,"Isoclavulanic acid (conf: 5)"
"Isomaltose",6,342.116482,11.82303053,"C12H22O11",29,"Isomaltose.1",FALSE,NA,"Isomaltose (conf: 6)"
"Isomaltose",8,342.1162936,9.109663309,"C12H22O11",29,"Isomaltose",FALSE,NA,"Isomaltose (conf: 8)"
"Isopetasoside",7,396.2147048,4.539339614,"C21H32O7",1,"Isopetasoside",FALSE,NA,"Isopetasoside (conf: 7)"
"Isopropyl apiosylglucoside",5,354.1525336,6.06613966,"C14H26O10",1,"Isopropyl.apiosylglucoside",FALSE,NA,"Isopropyl apiosylglucoside (conf: 5)"
"Isopropyl beta-D-glucoside",7,268.1159054,7.646389069,"C9H18O6",1,"Isopropyl.beta.D.glucoside",FALSE,NA,"Isopropyl beta-D-glucoside (conf: 7)"
"isopropyl beta-D-thiogalactopyranoside",5,238.0877113,2.404015905,"C9H18O5S",2,"isopropyl.beta.D.thiogalactopyranoside",FALSE,NA,"isopropyl beta-D-thiogalactopyranoside (conf: 5)"
"Isopropylbenzene",7,120.0938292,2.686908074,"C9H12",8,"Isopropylbenzene",FALSE,NA,"Isopropylbenzene (conf: 7)"
"Isopropylmaleate",6,158.0577947,8.437310775,"C7H10O4",8,"Isopropylmaleate",FALSE,NA,"Isopropylmaleate (conf: 6)"
"Isopyridoxal",6,167.0582739,7.750350542,"C8H9NO3",10,"Isopyridoxal",FALSE,NA,"Isopyridoxal (conf: 6)"
"Isoquinoline",5,129.0578096,4.479998927,"C9H7N",2,"Isoquinoline",FALSE,NA,"Isoquinoline (conf: 5)"
"Isorhamnetin 7-alpha-D-Glucosamine",7,477.1273847,7.404127962,"C22H23NO11",1,"Isorhamnetin.7.alpha.D.Glucosamine",FALSE,NA,"Isorhamnetin 7-alpha-D-Glucosamine (conf: 7)"
"Isosamidin",5,386.1358357,5.296505737,"C21H22O7",25,"Isosamidin",FALSE,NA,"Isosamidin (conf: 5)"
"Isosophoranone",5,438.2037839,9.208236071,"C26H30O6",6,"Isosophoranone",FALSE,NA,"Isosophoranone (conf: 5)"
"Isotan B",5,309.0847377,6.609849987,"C14H15NO7",4,"Isotan.B",FALSE,NA,"Isotan B (conf: 5)"
"Isovalerylalanine",5,173.1052043,4.441842487,"C8H15NO3",6,"Isovalerylalanine",FALSE,NA,"Isovalerylalanine (conf: 5)"
"Isovalerylalanine",5,173.1052306,5.839109146,"C8H15NO3",6,"Isovalerylalanine.1",FALSE,NA,"Isovalerylalanine (conf: 5)"
"Isovalerylcarnitine",5,245.1627132,4.343668944,"C12H23NO4",5,"Isovalerylcarnitine.1",FALSE,NA,"Isovalerylcarnitine (conf: 5)"
"Isovalerylcarnitine",7,245.16266,4.771356727,"C12H23NO4",5,"Isovalerylcarnitine",FALSE,NA,"Isovalerylcarnitine (conf: 7)"
"Isovalerylglutamic acid",5,231.1106911,6.856817725,"C10H17NO5",3,"Isovalerylglutamic.acid.1",FALSE,NA,"Isovalerylglutamic acid (conf: 5)"
"Isovalerylglutamic acid",7,231.1106852,7.90915378,"C10H17NO5",3,"Isovalerylglutamic.acid",FALSE,NA,"Isovalerylglutamic acid (conf: 7)"
"Isovalerylsarcosine",7,173.1052176,3.013244096,"C8H15NO3",6,"Isovalerylsarcosine",FALSE,NA,"Isovalerylsarcosine (conf: 7)"
"Isoxanthopterin",7,179.0444205,8.988461267,"C6H5N5O2",3,"Isoxanthopterin",TRUE,"","Isoxanthopterin (conf: 7)"
"isoxazolin-5-one",5,85.01631513,6.033209688,"C3H3NO2",1,"isoxazolin.5.one",FALSE,NA,"isoxazolin-5-one (conf: 5)"
"isoxazolin-5-one",5,85.01632354,9.551822523,"C3H3NO2",1,"isoxazolin.5.one.1",FALSE,NA,"isoxazolin-5-one (conf: 5)"
"Isradipine",5,371.1475602,8.875853475,"C19H21N3O5",1,"Isradipine",FALSE,NA,"Isradipine (conf: 5)"
"itaconic anhydride",5,112.0160885,4.814926377,"C5H4O3",6,"itaconic.anhydride",FALSE,NA,"itaconic anhydride (conf: 5)"
"jadomycin A",5,419.1363038,7.173973557,"C24H21NO6",1,"jadomycin.A",FALSE,NA,"jadomycin A (conf: 5)"
"Janthitrem C",5,569.3497253,2.805997125,"C37H47NO4",1,"Janthitrem.C",FALSE,NA,"Janthitrem C (conf: 5)"
"Jasminine",5,220.0848557,6.130610755,"C11H12N2O3",4,"Jasminine",FALSE,NA,"Jasminine (conf: 5)"
"Jasminine",5,220.0848812,4.548355349,"C11H12N2O3",4,"Jasminine.1",FALSE,NA,"Jasminine (conf: 5)"
"Jasminine",5,220.0848895,7.107507521,"C11H12N2O3",4,"Jasminine.2",FALSE,NA,"Jasminine (conf: 5)"
"Jasmolone glucoside",7,359.1945059,5.951798871,"C17H26O7",1,"Jasmolone.glucoside",FALSE,NA,"Jasmolone glucoside (conf: 7)"
"Jasmolone glucoside",7,359.1945196,7.08518219,"C17H26O7",1,"Jasmolone.glucoside.1",FALSE,NA,"Jasmolone glucoside (conf: 7)"
"jasmonoyl-1-aminocyclopropane-1 carboxylate",5,293.1628122,4.455432769,"C16H23NO4",2,"jasmonoyl.1.aminocyclopropane.1.carboxylate",FALSE,NA,"jasmonoyl-1-aminocyclopropane-1 carboxylate (conf: 5)"
"Kaempferol 3-glucuronide-7-sulfate",5,542.0370914,10.74154874,"C21H18O15S",1,"Kaempferol.3.glucuronide.7.sulfate",FALSE,NA,"Kaempferol 3-glucuronide-7-sulfate (conf: 5)"
"Kaempferol 3-O-arabinoside",5,418.0896248,5.328697152,"C20H18O10",8,"Kaempferol.3.O.arabinoside",FALSE,NA,"Kaempferol 3-O-arabinoside (conf: 5)"
"Kainic acid",5,213.1002135,9.49939247,"C10H15NO4",3,"Kainic.acid",FALSE,NA,"Kainic acid (conf: 5)"
"Kalbreclasine",7,486.1488922,13.41897643,"C20H23NO12",1,"Kalbreclasine",FALSE,NA,"Kalbreclasine (conf: 7)"
"ketodeoxyheptonate",5,224.0532505,12.16532246,"C7H12O8",1,"ketodeoxyheptonate",FALSE,NA,"ketodeoxyheptonate (conf: 5)"
"ketodeoxyheptonate",5,224.0532636,11.1380195,"C7H12O8",1,"ketodeoxyheptonate.1",FALSE,NA,"ketodeoxyheptonate (conf: 5)"
"Ketoleucine",6,130.0629556,3.002270959,"C6H10O3",22,"Ketoleucine",FALSE,NA,"Ketoleucine (conf: 6)"
"Ketotifen-N-glucuronide",7,485.1501882,9.491370117,"C25H27NO7S",1,"Ketotifen.N.glucuronide",FALSE,NA,"Ketotifen-N-glucuronide (conf: 7)"
"Khellol glucoside",5,408.105062,8.924394875,"C19H20O10",15,"Khellol.glucoside",FALSE,NA,"Khellol glucoside (conf: 5)"
"Khellol glucoside",5,408.1050727,5.256284587,"C19H20O10",15,"Khellol.glucoside.1",FALSE,NA,"Khellol glucoside (conf: 5)"
"kifunensine",7,232.0695943,10.04862699,"C8H12N2O6",1,"kifunensine",FALSE,NA,"kifunensine (conf: 7)"
"Kiwiionoside",7,406.2204113,4.986285032,"C19H34O9",1,"Kiwiionoside",FALSE,NA,"Kiwiionoside (conf: 7)"
"Kuwanon Z",7,594.1517307,10.03147139,"C34H26O10",1,"Kuwanon.Z",FALSE,NA,"Kuwanon Z (conf: 7)"
"Kynuramine",7,164.0949673,8.29532583,"C9H12N2O",3,"Kynuramine",FALSE,NA,"Kynuramine (conf: 7)"
"Kynurenine",10,208.0847795,6.624383315,"C10H12N2O3",3,"Kynurenine",TRUE,"","Kynurenine (conf: 10)"
"L,L-Cyclo(leucylprolyl)",5,210.1367703,2.850489521,"C11H18N2O2",1,"L_L.Cyclo.leucylprolyl..1",FALSE,NA,"L,L-Cyclo(leucylprolyl) (conf: 5)"
"L,L-Cyclo(leucylprolyl)",7,210.1367684,4.865572054,"C11H18N2O2",1,"L_L.Cyclo.leucylprolyl.",FALSE,NA,"L,L-Cyclo(leucylprolyl) (conf: 7)"
"Lactaldehyde",6,74.03675916,5.934985516,"C3H6O2",7,"Lactaldehyde",FALSE,NA,"Lactaldehyde (conf: 6)"
"Lactic acid",10,90.03165728,5.811430129,"C3H6O3",9,"Lactic.acid",TRUE,"Sugar","Lactic acid (conf: 10)"
"Lacto-N-tetraose",7,729.2311068,11.91355117,"C26H45NO21",5,"Lacto.N.tetraose",FALSE,NA,"Lacto-N-tetraose (conf: 7)"
"Lactoylglutathione",6,379.1050342,11.85632356,"C13H21N3O8S",5,"Lactoylglutathione",FALSE,NA,"Lactoylglutathione (conf: 6)"
"Lamprolobine",7,264.1838782,7.027631036,"C15H24N2O2",5,"Lamprolobine",FALSE,NA,"Lamprolobine (conf: 7)"
"Latrepirdine",7,355.1817604,2.368872204,"C21H25N3",1,"Latrepirdine",FALSE,NA,"Latrepirdine (conf: 7)"
"Leiokinine A",7,231.1259093,2.819541939,"C14H17NO2",2,"Leiokinine.A",FALSE,NA,"Leiokinine A (conf: 7)"
"Lentiginosine",7,157.1102665,7.032742457,"C8H15NO2",4,"Lentiginosine",FALSE,NA,"Lentiginosine (conf: 7)"
"Leonuriside A",5,332.1108946,4.892745393,"C14H20O9",1,"Leonuriside.A.1",FALSE,NA,"Leonuriside A (conf: 5)"
"Leonuriside A",7,332.1106489,6.327782765,"C14H20O9",1,"Leonuriside.A",FALSE,NA,"Leonuriside A (conf: 7)"
"Lepidimoic acid",5,322.0896156,10.20774245,"C12H18O10",1,"Lepidimoic.acid",FALSE,NA,"Lepidimoic acid (conf: 5)"
"Lepidimoic acid",5,322.0901956,8.751179873,"C12H18O10",1,"Lepidimoic.acid.2",FALSE,NA,"Lepidimoic acid (conf: 5)"
"Lepidimoic acid",7,322.0900844,7.436530471,"C12H18O10",1,"Lepidimoic.acid.1",FALSE,NA,"Lepidimoic acid (conf: 7)"
"Leptophos",7,409.8701699,19.31913432,"C13H10BrCl2O2PS",1,"Leptophos",FALSE,NA,"Leptophos (conf: 7)"
"Leu/Ala/Pro",7,299.1844162,5.729656797,"C14H25N3O4",4,"Leu.Ala.Pro",FALSE,NA,"Leu/Ala/Pro (conf: 7)"
"Leu/Asn/Asn/Ser/Tyr",5,609.2762549,8.779066099,"C26H39N7O10",14,"Leu.Asn.Asn.Ser.Tyr",FALSE,NA,"Leu/Asn/Asn/Ser/Tyr (conf: 5)"
"Leu/Gly/Pro",7,285.1689353,7.15549058,"C13H23N3O4",6,"Leu.Gly.Pro",FALSE,NA,"Leu/Gly/Pro (conf: 7)"
"Leu/Gly/Pro/Pro",5,382.2215153,13.7418517,"C18H30N4O5",6,"Leu.Gly.Pro.Pro",FALSE,NA,"Leu/Gly/Pro/Pro (conf: 5)"
"Leu/Leu/Gln/Arg/Arg",7,706.4211367,4.437488459,"C29H56N12O7",3,"Leu.Leu.Gln.Arg.Arg",FALSE,NA,"Leu/Leu/Gln/Arg/Arg (conf: 7)"
"Leu/Phe",5,278.1631627,6.54500588,"C15H22N2O3",5,"Leu.Phe",FALSE,NA,"Leu/Phe (conf: 5)"
"Leu/Pro",5,228.1474329,8.446493197,"C11H20N2O3",2,"Leu.Pro",FALSE,NA,"Leu/Pro (conf: 5)"
"Leu/Pro/Pro/Ser",7,412.2324826,8.436920844,"C19H32N4O6",4,"Leu.Pro.Pro.Ser",FALSE,NA,"Leu/Pro/Pro/Ser (conf: 7)"
"Leu/Ser",7,218.1266835,9.262271855,"C9H18N2O4",11,"Leu.Ser",FALSE,NA,"Leu/Ser (conf: 7)"
"Leu/Thr",5,232.1423044,9.523659717,"C10H20N2O4",5,"Leu.Thr",FALSE,NA,"Leu/Thr (conf: 5)"
"Leu/Thr/Ala",5,303.1793727,12.08554656,"C13H25N3O5",6,"Leu.Thr.Ala",FALSE,NA,"Leu/Thr/Ala (conf: 5)"
"Leu/Tyr",5,294.1580531,8.964904884,"C15H22N2O4",5,"Leu.Tyr",FALSE,NA,"Leu/Tyr (conf: 5)"
"Leu/Val",5,230.1630317,8.422473022,"C11H22N2O3",4,"Leu.Val",FALSE,NA,"Leu/Val (conf: 5)"
"Leu/Val/Gly",5,287.1844353,11.08104813,"C13H25N3O4",6,"Leu.Val.Gly",FALSE,NA,"Leu/Val/Gly (conf: 5)"
"Leucic acid",5,132.0786475,4.954375778,"C6H12O3",18,"Leucic.acid",FALSE,NA,"Leucic acid (conf: 5)"
"Leucine",10,131.0945288,6.600976825,"C6H13NO2",14,"Leucine",TRUE,"AA","Leucine (conf: 10)"
"Leucodopachrome",8,212.0798131,11.01602671,"C9H9NO4",17,"Leucodopachrome",FALSE,NA,"Leucodopachrome (conf: 8)"
"Licoricone",5,382.141031,5.907380967,"C22H22O6",6,"Licoricone",FALSE,NA,"Licoricone (conf: 5)"
"Limonene",7,136.1251579,2.66823171,"C10H16",24,"Limonene",FALSE,NA,"Limonene (conf: 7)"
"Linamarin",5,247.1056499,8.490860319,"C10H17NO6",2,"Linamarin.1",FALSE,NA,"Linamarin (conf: 5)"
"Linamarin",7,247.1056064,8.842655647,"C10H17NO6",2,"Linamarin",FALSE,NA,"Linamarin (conf: 7)"
"Linatine",6,259.1168229,11.13947645,"C10H17N3O5",6,"Linatine",FALSE,NA,"Linatine (conf: 6)"
"Linatine",8,276.143292,12.83888224,"C10H17N3O5",6,"Linatine.1",FALSE,NA,"Linatine (conf: 8)"
"Linoleamide",7,279.2562703,4.409114501,"C18H33NO",1,"Linoleamide",FALSE,NA,"Linoleamide (conf: 7)"
"Lithocholic acid",7,393.3244998,2.730481313,"C24H40O3",11,"Lithocholic.acid",FALSE,NA,"Lithocholic acid (conf: 7)"
"Lomustine",7,269.0698329,9.344505701,"C9H16ClN3O2",1,"Lomustine",FALSE,NA,"Lomustine (conf: 7)"
"Longicaudatin",5,446.1359192,7.134982791,"C26H22O7",1,"Longicaudatin",FALSE,NA,"Longicaudatin (conf: 5)"
"Lophirone J",7,417.1572215,10.21083672,"C25H20O5",1,"Lophirone.J",FALSE,NA,"Lophirone J (conf: 7)"
"Lophophorine",5,235.1208218,2.973217199,"C13H17NO3",3,"Lophophorine",FALSE,NA,"Lophophorine (conf: 5)"
"Lophophorine",7,235.120959,4.447172587,"C13H17NO3",3,"Lophophorine.1",FALSE,NA,"Lophophorine (conf: 7)"
"Lorazepam glucuronide",5,496.0445229,13.39061265,"C21H18Cl2N2O8",1,"Lorazepam.glucuronide",FALSE,NA,"Lorazepam glucuronide (conf: 5)"
"Losartan N2-glucuronide",5,598.1935339,7.721911312,"C28H31ClN6O7",1,"Losartan.N2.glucuronide",FALSE,NA,"Losartan N2-glucuronide (conf: 5)"
"Lotaustralin",7,261.1211581,8.343067231,"C11H19NO6",8,"Lotaustralin",FALSE,NA,"Lotaustralin (conf: 7)"
"Lotaustralin",7,261.1213326,8.68410971,"C11H19NO6",8,"Lotaustralin.1",FALSE,NA,"Lotaustralin (conf: 7)"
"Loteprednol",5,394.1540152,10.52716724,"C21H27ClO5",1,"Loteprednol",FALSE,NA,"Loteprednol (conf: 5)"
"Lubiminol",7,254.1881824,2.525147321,"C15H26O3",7,"Lubiminol",FALSE,NA,"Lubiminol (conf: 7)"
"Lucidenic acid D1",5,470.2306613,2.398831702,"C27H34O7",2,"Lucidenic.acid.D1",FALSE,NA,"Lucidenic acid D1 (conf: 5)"
"Lumiracoxib",5,293.0614631,9.244639612,"C15H13ClFNO2",1,"Lumiracoxib",FALSE,NA,"Lumiracoxib (conf: 5)"
"Lycorenine",7,317.162853,6.188251044,"C18H23NO4",15,"Lycorenine",FALSE,NA,"Lycorenine (conf: 7)"
"Lyoniresinol 9'-sulfate",5,500.1349456,5.23068635,"C22H28O11S",1,"Lyoniresinol.9..sulfate",FALSE,NA,"Lyoniresinol 9'-sulfate (conf: 5)"
"Lys/Ala/Asn",7,331.1855969,11.2932064,"C13H25N5O5",6,"Lys.Ala.Asn",FALSE,NA,"Lys/Ala/Asn (conf: 7)"
"Lys/Ala/Ser",5,304.1746825,12.77064524,"C12H24N4O5",4,"Lys.Ala.Ser",FALSE,NA,"Lys/Ala/Ser (conf: 5)"
"Lys/Asn",5,260.1484893,11.66275347,"C10H20N4O4",4,"Lys.Asn",FALSE,NA,"Lys/Asn (conf: 5)"
"Lys/Asn/Pro/Pro/Arg",7,610.3545697,12.42991778,"C26H46N10O7",5,"Lys.Asn.Pro.Pro.Arg",FALSE,NA,"Lys/Asn/Pro/Pro/Arg (conf: 7)"
"Lys/Gly/Pro",5,300.1797283,8.976952544,"C13H24N4O4",2,"Lys.Gly.Pro",FALSE,NA,"Lys/Gly/Pro (conf: 5)"
"Lys/Gly/Tyr",7,388.1724015,9.670114943,"C17H26N4O5",4,"Lys.Gly.Tyr",FALSE,NA,"Lys/Gly/Tyr (conf: 7)"
"Lys/Leu/Gln/Thr/Tyr",5,651.359271,12.32151135,"C30H49N7O9",4,"Lys.Leu.Gln.Thr.Tyr",FALSE,NA,"Lys/Leu/Gln/Thr/Tyr (conf: 5)"
"Lys/Lys/Lys/Arg/Ser",5,645.428106,2.32845345,"C27H55N11O7",1,"Lys.Lys.Lys.Arg.Ser",FALSE,NA,"Lys/Lys/Lys/Arg/Ser (conf: 5)"
"Lys/Lys/Pro/Ser/Ser",5,545.3164599,8.621195335,"C23H43N7O8",11,"Lys.Lys.Pro.Ser.Ser",FALSE,NA,"Lys/Lys/Pro/Ser/Ser (conf: 5)"
"Lys/Met/Gln/Gln/Arg",5,689.3635841,8.656131052,"C27H51N11O8S",4,"Lys.Met.Gln.Gln.Arg",FALSE,NA,"Lys/Met/Gln/Gln/Arg (conf: 5)"
"Lys/Met/Met/Val",5,507.2545662,12.45326384,"C21H41N5O5S2",1,"Lys.Met.Met.Val",FALSE,NA,"Lys/Met/Met/Val (conf: 5)"
"Lys/Phe",5,293.1739925,6.315700005,"C15H23N3O3",3,"Lys.Phe",FALSE,NA,"Lys/Phe (conf: 5)"
"Lys/Pro",5,243.1582444,9.021159205,"C11H21N3O3",2,"Lys.Pro",FALSE,NA,"Lys/Pro (conf: 5)"
"Lys/Thr/Ala",7,318.1904414,12.39314312,"C13H26N4O5",2,"Lys.Thr.Ala",FALSE,NA,"Lys/Thr/Ala (conf: 7)"
"Lys/Thr/Ser/Ser",7,421.2174542,11.62614132,"C16H31N5O8",2,"Lys.Thr.Ser.Ser",FALSE,NA,"Lys/Thr/Ser/Ser (conf: 7)"
"Lys/Tyr",5,309.1688254,12.66612296,"C15H23N3O4",3,"Lys.Tyr",FALSE,NA,"Lys/Tyr (conf: 5)"
"Lys/Tyr",5,309.1688848,11.97997591,"C15H23N3O4",3,"Lys.Tyr.1",FALSE,NA,"Lys/Tyr (conf: 5)"
"Lys/Tyr",7,309.1689317,8.203871242,"C15H23N3O4",3,"Lys.Tyr.2",FALSE,NA,"Lys/Tyr (conf: 7)"
"Lys/Val",5,245.1738881,10.77598733,"C11H23N3O3",2,"Lys.Val",FALSE,NA,"Lys/Val (conf: 5)"
"Lys/Val",7,245.1739376,16.80078167,"C11H23N3O3",2,"Lys.Val.1",FALSE,NA,"Lys/Val (conf: 7)"
"Lysine",10,146.1055256,18.01165588,"C6H14N2O2",6,"Lysine",TRUE,"AA","Lysine (conf: 10)"
"lysine tyrosylquinone",5,308.1609837,8.034153467,"C15H22N3O4",1,"lysine.tyrosylquinone",FALSE,NA,"lysine tyrosylquinone (conf: 5)"
"LysoCPA(16:0)",5,392.2325003,2.569375268,"C19H37O6P",1,"LysoCPA.16.0.",FALSE,NA,"LysoCPA(16:0) (conf: 5)"
"LysoPA(15:1)",5,394.2120155,2.897651772,"C18H35O7P",1,"LysoPA.15.1.",FALSE,NA,"LysoPA(15:1) (conf: 5)"
"LysoPA(16:0)",8,410.2432548,2.915404019,"C19H39O7P",1,"LysoPA.16.0.",FALSE,NA,"LysoPA(16:0) (conf: 8)"
"LysoPA(17:1)",5,422.2433173,2.921871264,"C20H39O7P",1,"LysoPA.17.1.",FALSE,NA,"LysoPA(17:1) (conf: 5)"
"LysoPA(18:0)",7,438.2745959,2.837034475,"C21H43O7P",1,"LysoPA.18.0.",FALSE,NA,"LysoPA(18:0) (conf: 7)"
"LysoPA(18:1)",6,436.258944,2.894698842,"C21H41O7P",4,"LysoPA.18.1.",FALSE,NA,"LysoPA(18:1) (conf: 6)"
"LysoPA(19:1)",5,450.2746037,2.870162622,"C22H43O7P",1,"LysoPA.19.1.",FALSE,NA,"LysoPA(19:1) (conf: 5)"
"LysoPC(14:0)",8,467.3015502,2.981727583,"C22H46NO7P",4,"LysoPC.14.0.",FALSE,NA,"LysoPC(14:0) (conf: 8)"
"LysoPC(14:1)",5,465.2854762,2.915404019,"C22H44NO7P",2,"LysoPC.14.1.",FALSE,NA,"LysoPC(14:1) (conf: 5)"
"LysoPC(16:0)",8,495.3325682,2.907693096,"C24H50NO7P",4,"LysoPC.16.0.",FALSE,NA,"LysoPC(16:0) (conf: 8)"
"LysoPC(16:1)",5,493.3171937,2.930224136,"C24H48NO7P",2,"LysoPC.16.1.",FALSE,NA,"LysoPC(16:1) (conf: 5)"
"LysoPC(17:0)",6,509.3485518,2.838935036,"C25H52NO7P",4,"LysoPC.17.0.",FALSE,NA,"LysoPC(17:0) (conf: 6)"
"LysoPC(18:0)",8,523.36393,2.842828167,"C26H54NO7P",3,"LysoPC.18.0.",FALSE,NA,"LysoPC(18:0) (conf: 8)"
"LysoPC(18:1)",6,521.3484776,2.857506316,"C26H52NO7P",4,"LysoPC.18.1.",FALSE,NA,"LysoPC(18:1) (conf: 6)"
"LysoPC(18:2)",6,519.3327722,2.883828709,"C26H50NO7P",2,"LysoPC.18.2.",FALSE,NA,"LysoPC(18:2) (conf: 6)"
"LysoPC(18:3)",5,517.31683,2.911992505,"C26H48NO7P",1,"LysoPC.18.3.",FALSE,NA,"LysoPC(18:3) (conf: 5)"
"LysoPC(20:0)",8,551.3956455,2.780022413,"C28H58NO7P",3,"LysoPC.20.0.",FALSE,NA,"LysoPC(20:0) (conf: 8)"
"LysoPC(20:1)",6,549.3798164,2.801422409,"C28H56NO7P",4,"LysoPC.20.1.",FALSE,NA,"LysoPC(20:1) (conf: 6)"
"LysoPC(20:3)",6,545.3485676,2.829327603,"C28H52NO7P",1,"LysoPC.20.3.",FALSE,NA,"LysoPC(20:3) (conf: 6)"
"LysoPC(20:4)",8,543.3327077,2.844627591,"C28H50NO7P",2,"LysoPC.20.4.",FALSE,NA,"LysoPC(20:4) (conf: 8)"
"LysoPC(20:5)",7,541.3161261,2.86869712,"C28H48NO7P",1,"LysoPC.20.5.",FALSE,NA,"LysoPC(20:5) (conf: 7)"
"LysoPC(22:0)",8,579.4268461,2.7445356,"C30H62NO7P",3,"LysoPC.22.0.",FALSE,NA,"LysoPC(22:0) (conf: 8)"
"LysoPC(22:6)",5,567.3329554,2.80910456,"C30H50NO7P",1,"LysoPC.22.6.",FALSE,NA,"LysoPC(22:6) (conf: 5)"
"LysoPC(24:0)",6,607.4582103,2.708036795,"C32H66NO7P",2,"LysoPC.24.0.",FALSE,NA,"LysoPC(24:0) (conf: 6)"
"LysoPC(24:1)",5,605.4422914,2.728321821,"C32H64NO7P",2,"LysoPC.24.1.",FALSE,NA,"LysoPC(24:1) (conf: 5)"
"LysoPC(3:0)",7,359.1345838,9.838678471,"C11H24NO7P",2,"LysoPC.3.0.",FALSE,NA,"LysoPC(3:0) (conf: 7)"
"LysoPC(5:0)",7,341.1603223,6.166928694,"C13H28NO7P",1,"LysoPC.5.0.",FALSE,NA,"LysoPC(5:0) (conf: 7)"
"LysoPC(P-16:0)",5,479.3375404,2.875997109,"C24H50NO6P",2,"LysoPC.P.16.0.",FALSE,NA,"LysoPC(P-16:0) (conf: 5)"
"LysoPC(P-18:0)",5,507.3688549,2.891502284,"C26H54NO6P",2,"LysoPC.P.18.0.",FALSE,NA,"LysoPC(P-18:0) (conf: 5)"
"LysoPE(16:0)",6,453.2856109,2.913604017,"C21H44NO7P",4,"LysoPE.16.0.",FALSE,NA,"LysoPE(16:0) (conf: 6)"
"LysoPE(18:0)",6,481.317086,2.906402851,"C23H48NO7P",5,"LysoPE.18.0.",FALSE,NA,"LysoPE(18:0) (conf: 6)"
"LysoPE(18:1)",6,465.3217582,2.795286201,"C23H48NO6P",3,"LysoPE.18.1.",FALSE,NA,"LysoPE(18:1) (conf: 6)"
"LysoPE(20:1)",6,507.3328238,2.895099403,"C25H50NO7P",2,"LysoPE.20.1.",FALSE,NA,"LysoPE(20:1) (conf: 6)"
"LysoPE(20:4)",6,501.285737,2.828427028,"C25H44NO7P",2,"LysoPE.20.4.",FALSE,NA,"LysoPE(20:4) (conf: 6)"
"LysoPE(22:0)",6,537.3795857,2.805020107,"C27H56NO7P",3,"LysoPE.22.0.",FALSE,NA,"LysoPE(22:0) (conf: 6)"
"LysoPE(22:1)",8,535.3644217,2.831626562,"C27H54NO7P",3,"LysoPE.22.1.",FALSE,NA,"LysoPE(22:1) (conf: 8)"
"LysoPE(22:6)",8,525.2859011,2.79692011,"C27H44NO7P",1,"LysoPE.22.6.",FALSE,NA,"LysoPE(22:6) (conf: 8)"
"LysoPE(24:6)",6,553.3168843,2.814475847,"C29H48NO7P",1,"LysoPE.24.6.",FALSE,NA,"LysoPE(24:6) (conf: 6)"
"LysoPE(O-18:0)",6,467.3378424,2.921948856,"C23H50NO6P",3,"LysoPE.O.18.0.",FALSE,NA,"LysoPE(O-18:0) (conf: 6)"
"LysoPE(P-16:0)",7,437.2904133,2.867410313,"C21H44NO6P",1,"LysoPE.P.16.0.",FALSE,NA,"LysoPE(P-16:0) (conf: 7)"
"LysoPG(20:4)",7,532.2802923,2.408237885,"C26H45O9P",1,"LysoPG.20.4.",FALSE,NA,"LysoPG(20:4) (conf: 7)"
"LysoPG(22:6)",5,556.2804081,2.394556313,"C28H45O9P",1,"LysoPG.22.6.",FALSE,NA,"LysoPG(22:6) (conf: 5)"
"Lysopine",8,218.1266445,12.31262358,"C9H18N2O4",11,"Lysopine",FALSE,NA,"Lysopine (conf: 8)"
"LysoPS(O-20:0)",7,539.3590589,2.949826427,"C26H54NO8P",1,"LysoPS.O.20.0.",FALSE,NA,"LysoPS(O-20:0) (conf: 7)"
"LysoPS(O-20:0)",7,585.3648979,4.423317815,"C26H54NO8P",1,"LysoPS.O.20.0..1",FALSE,NA,"LysoPS(O-20:0) (conf: 7)"
"Macarpine",5,391.1048984,8.339528735,"C22H17NO6",1,"Macarpine",FALSE,NA,"Macarpine (conf: 5)"
"Machaerol C",5,348.1205979,8.073161509,"C18H20O7",3,"Machaerol.C",FALSE,NA,"Machaerol C (conf: 5)"
"Maclurin 3-C-(2''-galloyl-6''-p-hydroxybenzoyl-glucoside)",7,742.1383451,10.63338087,"C33H28O17",2,"Maclurin.3.C..2...galloyl.6...p.hydroxybenzoyl.glucoside.",FALSE,NA,"Maclurin 3-C-(2''-galloyl-6''-p-hydroxybenzoyl-glucoside) (conf: 7)"
"Maculosine",7,377.1112993,5.000382766,"C17H17NO6",2,"Maculosine",FALSE,NA,"Maculosine (conf: 7)"
"Mahaleboside",7,341.111022,11.29089166,"C15H16O8",7,"Mahaleboside",FALSE,NA,"Mahaleboside (conf: 7)"
"Maleic acid homopolymer",5,144.0421108,6.785346529,"C6H8O4",20,"Maleic.acid.homopolymer",FALSE,NA,"Maleic acid homopolymer (conf: 5)"
"Maleic acid homopolymer",7,144.042275,8.456661315,"C6H8O4",20,"Maleic.acid.homopolymer.1",FALSE,NA,"Maleic acid homopolymer (conf: 7)"
"Malic acid",10,134.0214898,11.64199895,"C4H6O5",5,"Malic.acid",TRUE,"TCA","Malic acid (conf: 10)"
"malonamate",5,103.0269122,6.829873099,"C3H5NO3",5,"malonamate",FALSE,NA,"malonamate (conf: 5)"
"Malonic acid",8,104.0109398,11.16182701,"C3H4O4",3,"Malonic.acid",TRUE,"","Malonic acid (conf: 8)"
"Malonic semialdehyde",6,88.0160131,8.470240899,"C3H4O3",5,"Malonic.semialdehyde",FALSE,NA,"Malonic semialdehyde (conf: 6)"
"Malonylcarnitine",7,264.1321118,10.85121783,"C10H17NO6",2,"Malonylcarnitine",FALSE,NA,"Malonylcarnitine (conf: 7)"
"Malonylshisonin",5,842.1898474,6.615029726,"C39H38O21",1,"Malonylshisonin",FALSE,NA,"Malonylshisonin (conf: 5)"
"malyl alpha-D-glucosaminide",5,295.0904462,11.98326142,"C10H17NO9",1,"malyl.alpha.D.glucosaminide",FALSE,NA,"malyl alpha-D-glucosaminide (conf: 5)"
"malyl N-acetyl-alpha-D-glucosaminide",7,337.100985,9.499411537,"C12H19NO10",1,"malyl.N.acetyl.alpha.D.glucosaminide",FALSE,NA,"malyl N-acetyl-alpha-D-glucosaminide (conf: 7)"
"Mammea A/AB",7,406.1776077,6.296949979,"C25H26O5",8,"Mammea.A.AB",FALSE,NA,"Mammea A/AB (conf: 7)"
"Mannitol",6,182.0791225,8.935181714,"C6H14O6",4,"Mannitol",FALSE,NA,"Mannitol (conf: 6)"
"Mannitol 1-phosphate",8,262.0452214,10.98800466,"C6H15O9P",2,"Mannitol.1.phosphate",FALSE,NA,"Mannitol 1-phosphate (conf: 8)"
"Mannitol 1-phosphate",8,262.0453736,11.75183516,"C6H15O9P",2,"Mannitol.1.phosphate.1",FALSE,NA,"Mannitol 1-phosphate (conf: 8)"
"Marein",7,472.0975371,5.422000007,"C21H22O11",37,"Marein",FALSE,NA,"Marein (conf: 7)"
"Margaroyl-EA",7,313.2980556,2.418499442,"C19H39NO2",1,"Margaroyl.EA",FALSE,NA,"Margaroyl-EA (conf: 7)"
"Margrapine A",5,401.1467744,11.63205103,"C21H23NO7",1,"Margrapine.A",FALSE,NA,"Margrapine A (conf: 5)"
"Margrapine B",5,415.1626926,10.82463326,"C22H25NO7",2,"Margrapine.B",FALSE,NA,"Margrapine B (conf: 5)"
"Matteucinol 7-O-glucoside",7,476.1683981,5.213383905,"C24H28O10",2,"Matteucinol.7.O.glucoside",FALSE,NA,"Matteucinol 7-O-glucoside (conf: 7)"
"Maximaisoflavone B",7,350.1149196,11.4023928,"C21H18O5",6,"Maximaisoflavone.B",FALSE,NA,"Maximaisoflavone B (conf: 7)"
"Mayolene-15",5,518.4341229,2.289999416,"C33H58O4",1,"Mayolene.15",FALSE,NA,"Mayolene-15 (conf: 5)"
"Mayolene-16",5,532.4497367,2.283536775,"C34H60O4",2,"Mayolene.16",FALSE,NA,"Mayolene-16 (conf: 5)"
"Mayolene-18",5,560.4811237,2.277083333,"C36H64O4",3,"Mayolene.18",FALSE,NA,"Mayolene-18 (conf: 5)"
"Mayolene-20",5,588.5121575,2.503858036,"C38H68O4",1,"Mayolene.20",FALSE,NA,"Mayolene-20 (conf: 5)"
"Maysin 3'-methyl ether",7,612.1447522,8.144717367,"C28H30O14",1,"Maysin.3..methyl.ether",FALSE,NA,"Maysin 3'-methyl ether (conf: 7)"
"Mebendazole",5,295.0951398,8.105815581,"C16H13N3O3",1,"Mebendazole",FALSE,NA,"Mebendazole (conf: 5)"
"Medicagenic acid",7,502.3294963,2.762665945,"C30H46O6",5,"Medicagenic.acid",FALSE,NA,"Medicagenic acid (conf: 7)"
"Medicagol",5,296.0325522,6.336883913,"C16H8O6",1,"Medicagol",FALSE,NA,"Medicagol (conf: 5)"
"Melibiitol",8,344.1317544,11.03576387,"C12H24O11",4,"Melibiitol",FALSE,NA,"Melibiitol (conf: 8)"
"melibionate",5,358.1109253,10.79808225,"C12H22O12",2,"melibionate",FALSE,NA,"melibionate (conf: 5)"
"melibionate",7,394.0875037,12.57710624,"C12H22O12",2,"melibionate.1",FALSE,NA,"melibionate (conf: 7)"
"Melinervin",5,374.0631699,12.69027307,"C18H14O9",1,"Melinervin",FALSE,NA,"Melinervin (conf: 5)"
"Melithiazol A",5,422.1334188,5.235902878,"C20H26N2O4S2",2,"Melithiazol.A",FALSE,NA,"Melithiazol A (conf: 5)"
"Melizame",5,178.0492799,6.630624292,"C7H6N4O2",1,"Melizame",FALSE,NA,"Melizame (conf: 5)"
"Melledonol",5,434.1934762,8.083128743,"C23H30O8",2,"Melledonol",FALSE,NA,"Melledonol (conf: 5)"
"Menthone lactone",5,170.1306748,6.558617721,"C10H18O2",55,"Menthone.lactone",FALSE,NA,"Menthone lactone (conf: 5)"
"Menthone lactone",7,170.1306784,3.038602144,"C10H18O2",55,"Menthone.lactone.1",FALSE,NA,"Menthone lactone (conf: 7)"
"Menthyl pyrrolidone carboxylate",5,318.2043272,3.021825278,"C16H30O6",4,"Menthyl.pyrrolidone.carboxylate",FALSE,NA,"Menthyl pyrrolidone carboxylate (conf: 5)"
"Mercaptoethanol",5,78.01387742,4.988736433,"C2H6OS",3,"Mercaptoethanol",FALSE,NA,"Mercaptoethanol (conf: 5)"
"mercuriphenyl acetate",5,338.0228554,6.066158075,"C8H8HgO2",1,"mercuriphenyl.acetate",FALSE,NA,"mercuriphenyl acetate (conf: 5)"
"MES",5,195.0566102,9.619764818,"C6H13NO4S",2,"MES",FALSE,NA,"MES (conf: 5)"
"Mesaconic acid",6,130.0266241,8.508596195,"C5H6O4",10,"Mesaconic.acid",FALSE,NA,"Mesaconic acid (conf: 6)"
"Mescaline",7,257.126467,6.441885967,"C11H17NO3",5,"Mescaline",FALSE,NA,"Mescaline (conf: 7)"
"MeSebGalNac",7,321.0092107,5.437423833,"C9H17NO5Se",1,"MeSebGalNac",FALSE,NA,"MeSebGalNac (conf: 7)"
"Mesuagin",5,390.1460554,3.647112651,"C24H22O5",1,"Mesuagin",FALSE,NA,"Mesuagin (conf: 5)"
"Mesuol",5,392.1616585,8.298104034,"C24H24O5",3,"Mesuol",FALSE,NA,"Mesuol (conf: 5)"
"met-FMDP",5,347.1151307,4.945688498,"C13H21N3O6S",3,"met.FMDP",FALSE,NA,"met-FMDP (conf: 5)"
"met-FMDP",5,347.1152105,8.213125856,"C13H21N3O6S",3,"met.FMDP.1",FALSE,NA,"met-FMDP (conf: 5)"
"Met/Ala",5,220.0880764,7.493131616,"C8H16N2O3S",4,"Met.Ala",FALSE,NA,"Met/Ala (conf: 5)"
"Met/Ala/Ser",5,307.1203155,11.51905246,"C11H21N3O5S",6,"Met.Ala.Ser",FALSE,NA,"Met/Ala/Ser (conf: 5)"
"Met/Arg/Val/Tyr",5,567.2848858,5.222023554,"C25H41N7O6S",6,"Met.Arg.Val.Tyr",FALSE,NA,"Met/Arg/Val/Tyr (conf: 5)"
"Met/Asn/Gln/Gln/Trp",7,741.2665667,19.18783858,"C30H43N9O9S",2,"Met.Asn.Gln.Gln.Trp",FALSE,NA,"Met/Asn/Gln/Gln/Trp (conf: 7)"
"Met/Asp/Pro",5,361.1308592,8.901413315,"C14H23N3O6S",2,"Met.Asp.Pro",FALSE,NA,"Met/Asp/Pro (conf: 5)"
"Met/Cys/Cys",7,355.0698316,12.36838098,"C11H21N3O4S3",2,"Met.Cys.Cys",FALSE,NA,"Met/Cys/Cys (conf: 7)"
"Met/Cys/Pro",5,349.1134775,9.606382751,"C13H23N3O4S2",2,"Met.Cys.Pro",FALSE,NA,"Met/Cys/Pro (conf: 5)"
"Met/Cys/Ser",5,339.0918394,12.65287472,"C11H21N3O5S2",2,"Met.Cys.Ser",FALSE,NA,"Met/Cys/Ser (conf: 5)"
"Met/Met/Asn/Gln/Tyr",5,685.2555503,4.820396478,"C28H43N7O9S2",1,"Met.Met.Asn.Gln.Tyr",FALSE,NA,"Met/Met/Asn/Gln/Tyr (conf: 5)"
"Met/Met/Cys",5,383.1014266,10.69960944,"C13H25N3O4S3",2,"Met.Met.Cys",FALSE,NA,"Met/Met/Cys (conf: 5)"
"Met/Met/Met/Met/Gln",7,670.2298995,7.088123244,"C25H46N6O7S4",1,"Met.Met.Met.Met.Gln",FALSE,NA,"Met/Met/Met/Met/Gln (conf: 7)"
"Met/Met/Met/Pro/Trp",5,694.2653305,11.06666145,"C31H46N6O6S3",1,"Met.Met.Met.Pro.Trp",FALSE,NA,"Met/Met/Met/Pro/Trp (conf: 5)"
"Met/Met/Pro",7,423.1503724,5.309537971,"C15H27N3O4S2",1,"Met.Met.Pro",FALSE,NA,"Met/Met/Pro (conf: 7)"
"Met/Met/Ser/Trp/Tyr",5,716.2669294,19.16468814,"C33H44N6O8S2",1,"Met.Met.Ser.Trp.Tyr",FALSE,NA,"Met/Met/Ser/Trp/Tyr (conf: 5)"
"Met/Phe/Tyr",7,505.189021,8.885080817,"C23H29N3O5S",2,"Met.Phe.Tyr",FALSE,NA,"Met/Phe/Tyr (conf: 7)"
"Met/Phe/Val/Pro",5,492.241541,7.070239661,"C24H36N4O5S",2,"Met.Phe.Val.Pro",FALSE,NA,"Met/Phe/Val/Pro (conf: 5)"
"Met/Pro/Arg/Ser/Thr",5,590.2837835,12.60921378,"C23H42N8O8S",13,"Met.Pro.Arg.Ser.Thr",FALSE,NA,"Met/Pro/Arg/Ser/Thr (conf: 5)"
"Met/Pro/Gln/Ser/Trp",5,647.2724795,19.15125266,"C29H41N7O8S",7,"Met.Pro.Gln.Ser.Trp",FALSE,NA,"Met/Pro/Gln/Ser/Trp (conf: 5)"
"Met/Pro/Pro/Tyr",5,506.2189758,11.23891837,"C24H34N4O6S",1,"Met.Pro.Pro.Tyr",FALSE,NA,"Met/Pro/Pro/Tyr (conf: 5)"
"Met/Ser/Ser/Thr/Tyr",5,587.2266574,5.099655575,"C24H37N5O10S",3,"Met.Ser.Ser.Thr.Tyr",FALSE,NA,"Met/Ser/Ser/Thr/Tyr (conf: 5)"
"Met/Trp/Pro",7,468.1594605,12.60642571,"C21H28N4O4S",2,"Met.Trp.Pro",FALSE,NA,"Met/Trp/Pro (conf: 7)"
"Met/Trp/Pro/Pro",5,529.2365452,12.45324598,"C26H35N5O5S",2,"Met.Trp.Pro.Pro",FALSE,NA,"Met/Trp/Pro/Pro (conf: 5)"
"Met/Val",7,248.119572,7.969434436,"C10H20N2O3S",2,"Met.Val",FALSE,NA,"Met/Val (conf: 7)"
"Met/Val/Pro/Tyr",5,508.2364241,8.187579311,"C24H36N4O6S",2,"Met.Val.Pro.Tyr",FALSE,NA,"Met/Val/Pro/Tyr (conf: 5)"
"Metalaxyl",5,279.147157,2.913549452,"C15H21NO4",3,"Metalaxyl.1",FALSE,NA,"Metalaxyl (conf: 5)"
"Metalaxyl",7,279.1471212,4.622073692,"C15H21NO4",3,"Metalaxyl",FALSE,NA,"Metalaxyl (conf: 7)"
"Metanephrine",6,197.1051417,4.441839271,"C10H15NO3",25,"Metanephrine",FALSE,NA,"Metanephrine (conf: 6)"
"metflurazon",5,317.0537436,10.30790686,"C13H11ClF3N3O",1,"metflurazon",FALSE,NA,"metflurazon (conf: 5)"
"Methacholine",5,159.1259958,5.057306908,"C8H17NO2",7,"Methacholine.1",FALSE,NA,"Methacholine (conf: 5)"
"Methacholine",7,159.1259224,5.435064533,"C8H17NO2",7,"Methacholine",FALSE,NA,"Methacholine (conf: 7)"
"methanesulfinate",7,79.99311139,4.747485667,"CH4O2S",1,"methanesulfinate",FALSE,NA,"methanesulfinate (conf: 7)"
"methanofuran b",5,762.3070502,6.32564047,"C34H46N6O14",1,"methanofuran.b",FALSE,NA,"methanofuran b (conf: 5)"
"Metharbital",5,198.1004389,3.043766112,"C9H14N2O3",1,"Metharbital",FALSE,NA,"Metharbital (conf: 5)"
"Metharbital",7,198.1004446,8.395514556,"C9H14N2O3",1,"Metharbital.1",FALSE,NA,"Metharbital (conf: 7)"
"Metharbital",7,215.1269794,7.718316158,"C9H14N2O3",1,"Metharbital.2",FALSE,NA,"Metharbital (conf: 7)"
"Methionine",10,149.0510999,7.168469536,"C5H11NO2S",3,"Methionine",TRUE,"AA","Methionine (conf: 10)"
"Methionine sulfoxide",8,165.0459622,8.873516157,"C5H11NO3S",2,"Methionine.sulfoxide",TRUE,"","Methionine sulfoxide (conf: 8)"
"Methocarbamol",5,241.0949983,2.963075798,"C11H15NO5",1,"Methocarbamol",FALSE,NA,"Methocarbamol (conf: 5)"
"methyl-1-(2,2-dimethylindan-yl)-imidazole-5-carboxylate",7,306.1137168,2.623643732,"C16H18N2O2",1,"methyl.1..2_2.dimethylindan.yl..imidazole.5.carboxylate",FALSE,NA,"methyl-1-(2,2-dimethylindan-yl)-imidazole-5-carboxylate (conf: 7)"
"Methyl (Z)-5-(5-methyl-2-thienyl)-2-penten-4-ynoate",5,206.0405559,9.367990218,"C11H10O2S",3,"Methyl..Z..5..5.methyl.2.thienyl..2.penten.4.ynoate",FALSE,NA,"Methyl (Z)-5-(5-methyl-2-thienyl)-2-penten-4-ynoate (conf: 5)"
"methyl 10,12,13,15-bisepidioxy-16-hydroperoxy-octadecenoate",5,388.2095466,3.026465005,"C19H32O8",9,"methyl.10_12_13_15.bisepidioxy.16.hydroperoxy.octadecenoate",FALSE,NA,"methyl 10,12,13,15-bisepidioxy-16-hydroperoxy-octadecenoate (conf: 5)"
"methyl 10,12,13,15-bisepidioxy-16-hydroperoxy-octadecenoate",5,388.2097467,4.969126783,"C19H32O8",9,"methyl.10_12_13_15.bisepidioxy.16.hydroperoxy.octadecenoate.1",FALSE,NA,"methyl 10,12,13,15-bisepidioxy-16-hydroperoxy-octadecenoate (conf: 5)"
"methyl 10,12,13,16-bisepidioxy-9-hydroperoxy-14-octadecenoate",7,434.2153891,4.446189056,"C19H32O8",9,"methyl.10_12_13_16.bisepidioxy.9.hydroperoxy.14.octadecenoate",FALSE,NA,"methyl 10,12,13,16-bisepidioxy-9-hydroperoxy-14-octadecenoate (conf: 7)"
"Methyl 2-diazoacetamidohexonate",7,249.0873558,4.063857548,"C9H15N3O3",2,"Methyl.2.diazoacetamidohexonate",FALSE,NA,"Methyl 2-diazoacetamidohexonate (conf: 7)"
"methyl 4-[2-(2-formyl-vinyl)-3-hydroxy-5-oxo-cyclopentyl]-butanoate",5,254.1153459,2.974836017,"C13H18O5",5,"methyl.4..2..2.formyl.vinyl..3.hydroxy.5.oxo.cyclopentyl..butanoate",FALSE,NA,"methyl 4-[2-(2-formyl-vinyl)-3-hydroxy-5-oxo-cyclopentyl]-butanoate (conf: 5)"
"methyl 4-[2-(2-formyl-vinyl)-3-hydroxy-5-oxo-cyclopentyl]-butanoate",5,254.1153784,4.420696759,"C13H18O5",5,"methyl.4..2..2.formyl.vinyl..3.hydroxy.5.oxo.cyclopentyl..butanoate.1",FALSE,NA,"methyl 4-[2-(2-formyl-vinyl)-3-hydroxy-5-oxo-cyclopentyl]-butanoate (conf: 5)"
"Methyl 4,6-di-O-galloyl-beta-D-glucopyranoside",5,498.1011911,10.17094997,"C21H22O14",1,"Methyl.4_6.di.O.galloyl.beta.D.glucopyranoside",FALSE,NA,"Methyl 4,6-di-O-galloyl-beta-D-glucopyranoside (conf: 5)"
"Methyl 6-O-galloyl-beta-D-glucopyranoside",5,346.0899637,6.344303982,"C14H18O10",1,"Methyl.6.O.galloyl.beta.D.glucopyranoside",FALSE,NA,"Methyl 6-O-galloyl-beta-D-glucopyranoside (conf: 5)"
"Methyl 7-epi-12-hydroxyjasmonate glucoside",5,402.1889202,8.304906108,"C19H30O9",2,"Methyl.7.epi.12.hydroxyjasmonate.glucoside",FALSE,NA,"Methyl 7-epi-12-hydroxyjasmonate glucoside (conf: 5)"
"methyl 8-[3,5-epidioxy-2-(3-hydroperoxy-1-pentenyl)-cyclopentyl]-octanoate",5,396.2510127,2.409563987,"C22H36O6",2,"methyl.8..3_5.epidioxy.2..3.hydroperoxy.1.pentenyl..cyclopentyl..octanoate",FALSE,NA,"methyl 8-[3,5-epidioxy-2-(3-hydroperoxy-1-pentenyl)-cyclopentyl]-octanoate (conf: 5)"
"Methyl beta-D-glucopyranoside",5,194.079026,7.3375548,"C7H14O6",12,"Methyl.beta.D.glucopyranoside",FALSE,NA,"Methyl beta-D-glucopyranoside (conf: 5)"
"Methyl dihydrojasmonate",7,226.1569283,4.707480662,"C13H22O3",3,"Methyl.dihydrojasmonate",FALSE,NA,"Methyl dihydrojasmonate (conf: 7)"
"Methyl GSH",7,321.0995954,8.684112128,"C11H19N3O6S",6,"Methyl.GSH",FALSE,NA,"Methyl GSH (conf: 7)"
"Methyl methanesulfinothioate",7,109.9860106,5.266373291,"C2H6OS2",1,"Methyl.methanesulfinothioate",FALSE,NA,"Methyl methanesulfinothioate (conf: 7)"
"methyl phenyl sulfoxide",7,186.0349672,2.970694441,"C7H8OS",8,"methyl.phenyl.sulfoxide",FALSE,NA,"methyl phenyl sulfoxide (conf: 7)"
"Methylazoxymethanol",5,90.04284259,10.25020861,"C2H6N2O2",3,"Methylazoxymethanol",FALSE,NA,"Methylazoxymethanol (conf: 5)"
"Methylergonovine",5,339.1949501,25.74479567,"C20H25N3O2",1,"Methylergonovine",FALSE,NA,"Methylergonovine (conf: 5)"
"Methyleugenol",5,178.0993895,4.437482789,"C11H14O2",36,"Methyleugenol.1",FALSE,NA,"Methyleugenol (conf: 5)"
"Methyleugenol",7,178.0993414,2.826706974,"C11H14O2",36,"Methyleugenol",FALSE,NA,"Methyleugenol (conf: 7)"
"Methylgallic acid-O-sulphate",5,263.9940478,13.48402975,"C8H8O8S",4,"Methylgallic.acid.O.sulphate.1",FALSE,NA,"Methylgallic acid-O-sulphate (conf: 5)"
"Methylgallic acid-O-sulphate",7,263.9935308,7.223116118,"C8H8O8S",4,"Methylgallic.acid.O.sulphate",FALSE,NA,"Methylgallic acid-O-sulphate (conf: 7)"
"Methylglutaric acid",5,146.057852,13.38932525,"C6H10O4",18,"Methylglutaric.acid",FALSE,NA,"Methylglutaric acid (conf: 5)"
"Methylguanidine",7,73.06408544,18.27774125,"C2H7N3",1,"Methylguanidine",FALSE,NA,"Methylguanidine (conf: 7)"
"Methylimidazole acetaldehyde",8,170.0691418,6.505192451,"C6H8N2O",5,"Methylimidazole.acetaldehyde",FALSE,NA,"Methylimidazole acetaldehyde (conf: 8)"
"Methylimidazoleacetic acid",8,140.0585653,5.696008613,"C6H8N2O2",9,"Methylimidazoleacetic.acid",FALSE,NA,"Methylimidazoleacetic acid (conf: 8)"
"Methylitaconate",5,144.0422474,11.64462414,"C6H8O4",20,"Methylitaconate",FALSE,NA,"Methylitaconate (conf: 5)"
"Methylmalonic acid",8,118.0266058,14.49833331,"C4H6O4",10,"Methylmalonic.acid",FALSE,NA,"Methylmalonic acid (conf: 8)"
"Methyloxaloacetate",8,146.0215123,8.415626345,"C5H6O5",9,"Methyloxaloacetate",FALSE,NA,"Methyloxaloacetate (conf: 8)"
"methylphoracetophenone",5,182.0578579,14.21981959,"C9H10O4",37,"methylphoracetophenone",FALSE,NA,"methylphoracetophenone (conf: 5)"
"Methylpicraquassioside A",7,412.1364148,5.321235043,"C19H24O10",1,"Methylpicraquassioside.A",FALSE,NA,"Methylpicraquassioside A (conf: 7)"
"Methylthioglycolate",7,152.0143477,4.895592507,"C3H6O2S",3,"Methylthioglycolate",FALSE,NA,"Methylthioglycolate (conf: 7)"
"MetOO",9,181.0408436,7.519070715,"C5H11NO4S",2,"MetOO",TRUE,"","MetOO (conf: 9)"
"Metrizamide",5,788.854393,13.38719198,"C18H22I3N3O8",1,"Metrizamide",FALSE,NA,"Metrizamide (conf: 5)"
"Metyrapol",5,228.1261437,4.423593484,"C14H16N2O",1,"Metyrapol",FALSE,NA,"Metyrapol (conf: 5)"
"Metyrosine",2.5,195.0895617,4.446134957,"C10H13NO3",8,"Metyrosine",FALSE,NA,"Metyrosine (conf: 2.5)"
"Mevaldate",5,146.0578703,4.521860184,"C6H10O4",18,"Mevaldate",FALSE,NA,"Mevaldate (conf: 5)"
"Mevalonic acid-5P",7,228.0399469,11.67263047,"C6H13O7P",1,"Mevalonic.acid.5P",FALSE,NA,"Mevalonic acid-5P (conf: 7)"
"MG(10:0)",5,246.1830424,3.004395163,"C13H26O4",1,"MG.10.0.",FALSE,NA,"MG(10:0) (conf: 5)"
"MG(12:0)",5,274.2142876,2.806278491,"C15H30O4",5,"MG.12.0.",FALSE,NA,"MG(12:0) (conf: 5)"
"MG(16:0)",7,376.2821952,2.514872408,"C19H38O4",3,"MG.16.0.",FALSE,NA,"MG(16:0) (conf: 7)"
"MG(16:1)",5,328.2611833,2.590030096,"C19H36O4",5,"MG.16.1.",FALSE,NA,"MG(16:1) (conf: 5)"
"MG(18:1)",5,356.2925349,2.489001613,"C21H40O4",4,"MG.18.1.",FALSE,NA,"MG(18:1) (conf: 5)"
"mildronate",5,146.1054761,8.345075287,"C6H14N2O2",6,"mildronate",FALSE,NA,"mildronate (conf: 5)"
"mildronate",5,146.1055128,9.318731755,"C6H14N2O2",6,"mildronate.1",FALSE,NA,"mildronate (conf: 5)"
"Miraxanthin-V",7,346.1165322,11.35779956,"C17H18N2O6",3,"Miraxanthin.V",FALSE,NA,"Miraxanthin-V (conf: 7)"
"Miserotoxin",5,267.0956373,9.713109297,"C9H17NO8",3,"Miserotoxin",FALSE,NA,"Miserotoxin (conf: 5)"
"mitomycin A",5,349.1274945,5.493287904,"C16H19N3O6",2,"mitomycin.A",FALSE,NA,"mitomycin A (conf: 5)"
"Mizoribine",5,259.0804485,8.320317797,"C9H13N3O6",1,"Mizoribine",FALSE,NA,"Mizoribine (conf: 5)"
"Molybdate",5,163.900676,14.66088611,"H2MoO4",1,"Molybdate",FALSE,NA,"Molybdate (conf: 5)"
"Momordol",5,440.3501495,2.407952684,"C26H48O5",1,"Momordol",FALSE,NA,"Momordol (conf: 5)"
"monate A",7,344.183359,2.822312353,"C17H28O7",1,"monate.A",FALSE,NA,"monate A (conf: 7)"
"monate A",7,344.1834168,4.35233439,"C17H28O7",1,"monate.A.1",FALSE,NA,"monate A (conf: 7)"
"monate A",7,361.210135,6.48868331,"C17H28O7",1,"monate.A.2",FALSE,NA,"monate A (conf: 7)"
"mono-isopropyl-disopyramide",5,297.1842194,25.733371,"C18H23N3O",1,"mono.isopropyl.disopyramide",FALSE,NA,"mono-isopropyl-disopyramide (conf: 5)"
"Monocrotaline",7,342.1793398,5.689580263,"C16H23NO6",1,"Monocrotaline",FALSE,NA,"Monocrotaline (conf: 7)"
"Monoethylhexyl phthalic acid",5,278.1517231,2.340873669,"C16H22O4",18,"Monoethylhexyl.phthalic.acid",FALSE,NA,"Monoethylhexyl phthalic acid (conf: 5)"
"Monoethylhexyl phthalic acid",5,278.1520061,4.413804282,"C16H22O4",18,"Monoethylhexyl.phthalic.acid.1",FALSE,NA,"Monoethylhexyl phthalic acid (conf: 5)"
"Monoglyceride citrate",5,266.0638408,10.55977934,"C9H14O9",2,"Monoglyceride.citrate.1",FALSE,NA,"Monoglyceride citrate (conf: 5)"
"Monoglyceride citrate",5,266.0642697,7.146539114,"C9H14O9",2,"Monoglyceride.citrate.2",FALSE,NA,"Monoglyceride citrate (conf: 5)"
"Monoglyceride citrate",7,266.0637204,11.79575167,"C9H14O9",2,"Monoglyceride.citrate",FALSE,NA,"Monoglyceride citrate (conf: 7)"
"Monoglyceride citrate",7,312.0693294,6.746237305,"C9H14O9",2,"Monoglyceride.citrate.3",FALSE,NA,"Monoglyceride citrate (conf: 7)"
"monolinuron",7,214.0509831,4.311614778,"C9H11ClN2O2",2,"monolinuron",FALSE,NA,"monolinuron (conf: 7)"
"Monomethyl sulfate",5,111.98311,4.891983902,"CH4O4S",2,"Monomethyl.sulfate",FALSE,NA,"Monomethyl sulfate (conf: 5)"
"Monotropein",5,390.1159035,9.313271218,"C16H22O11",2,"Monotropein",FALSE,NA,"Monotropein (conf: 5)"
"Montecristin",5,574.4965536,2.547020434,"C37H66O4",2,"Montecristin",FALSE,NA,"Montecristin (conf: 5)"
"Montecristin",5,574.4966484,3.368392792,"C37H66O4",2,"Montecristin.1",FALSE,NA,"Montecristin (conf: 5)"
"monuron",5,198.056225,3.012929771,"C9H11ClN2O",2,"monuron",FALSE,NA,"monuron (conf: 5)"
"monuron",7,198.0562281,7.26361782,"C9H11ClN2O",2,"monuron.1",FALSE,NA,"monuron (conf: 7)"
"MOPS",7,209.0721873,4.441709137,"C7H15NO4S",2,"MOPS",FALSE,NA,"MOPS (conf: 7)"
"Mukaadial",7,266.1519364,2.808466134,"C15H22O4",32,"Mukaadial",FALSE,NA,"Mukaadial (conf: 7)"
"mupirocin H",7,272.1624949,4.867637618,"C14H24O5",1,"mupirocin.H",FALSE,NA,"mupirocin H (conf: 7)"
"Muramic acid",5,251.1006096,8.844001065,"C9H17NO7",2,"Muramic.acid",FALSE,NA,"Muramic acid (conf: 5)"
"Muramic acid",7,251.1006136,11.00574731,"C9H17NO7",2,"Muramic.acid.1",FALSE,NA,"Muramic acid (conf: 7)"
"Muramic acid",7,251.1006496,10.09267309,"C9H17NO7",2,"Muramic.acid.2",FALSE,NA,"Muramic acid (conf: 7)"
"Muscapurpurin",5,418.0642891,8.263137905,"C18H14N2O10",1,"Muscapurpurin",FALSE,NA,"Muscapurpurin (conf: 5)"
"Muscimol",5,114.0429066,13.18889889,"C4H6N2O2",6,"Muscimol",FALSE,NA,"Muscimol (conf: 5)"
"mycaminose",5,191.1156544,8.961895142,"C8H17NO4",2,"mycaminose",FALSE,NA,"mycaminose (conf: 5)"
"mycaminose",5,191.1157047,4.652918809,"C8H17NO4",2,"mycaminose.1",FALSE,NA,"mycaminose (conf: 5)"
"mycaminose",7,227.0921607,8.417034549,"C8H17NO4",2,"mycaminose.2",FALSE,NA,"mycaminose (conf: 7)"
"Mycinose",7,209.1265478,5.686726927,"C8H16O5",4,"Mycinose",FALSE,NA,"Mycinose (conf: 7)"
"Mycophenolic acid O-acyl-glucuronide",7,496.1584068,6.481013469,"C23H28O12",11,"Mycophenolic.acid.O.acyl.glucuronide",FALSE,NA,"Mycophenolic acid O-acyl-glucuronide (conf: 7)"
"Mycosporine",7,261.1212819,5.613228774,"C11H19NO6",8,"Mycosporine",FALSE,NA,"Mycosporine (conf: 7)"
"Mycosporine",7,307.1267384,6.519407461,"C11H19NO6",8,"Mycosporine.1",FALSE,NA,"Mycosporine (conf: 7)"
"mycosporine-glycine-alanine",7,362.1323743,8.376714417,"C13H20N2O7",1,"mycosporine.glycine.alanine",FALSE,NA,"mycosporine-glycine-alanine (conf: 7)"
"mycosporine glycine",5,245.0899303,10.59868276,"C10H15NO6",1,"mycosporine.glycine",FALSE,NA,"mycosporine glycine (conf: 5)"
"mycosporine glycine",5,245.0900036,5.519792491,"C10H15NO6",1,"mycosporine.glycine.1",FALSE,NA,"mycosporine glycine (conf: 5)"
"mycosporine glycine",5,245.0900076,9.093195171,"C10H15NO6",1,"mycosporine.glycine.2",FALSE,NA,"mycosporine glycine (conf: 5)"
"mycosporine glycine",5,245.0902285,8.454681125,"C10H15NO6",1,"mycosporine.glycine.3",FALSE,NA,"mycosporine glycine (conf: 5)"
"Myristic acid",8,228.2088152,2.446354298,"C14H28O2",31,"Myristic.acid",FALSE,NA,"Myristic acid (conf: 8)"
"Myrtenic acid",5,166.0993876,4.440095175,"C10H14O2",34,"Myrtenic.acid",FALSE,NA,"Myrtenic acid (conf: 5)"
"Mytilin B",7,392.1432477,5.589523188,"C14H22N2O8",3,"Mytilin.B",FALSE,NA,"Mytilin B (conf: 7)"
"myxothiazol",5,487.1967919,5.72035581,"C25H33N3O3S2",1,"myxothiazol",FALSE,NA,"myxothiazol (conf: 5)"
"N'-(4-chlorophenyl)-N-methylurea",5,184.0405288,3.992231674,"C8H9ClN2O",1,"N...4.chlorophenyl..N.methylurea",FALSE,NA,"N'-(4-chlorophenyl)-N-methylurea (conf: 5)"
"N'-Formylkynurenine",6,236.079717,7.492255744,"C11H12N2O4",2,"N..Formylkynurenine",FALSE,NA,"N'-Formylkynurenine (conf: 6)"
"N'-Formylkynurenine",6,236.0797182,6.235521698,"C11H12N2O4",2,"N..Formylkynurenine.1",FALSE,NA,"N'-Formylkynurenine (conf: 6)"
"N'-Formylkynurenine",6,236.0797434,4.595906936,"C11H12N2O4",2,"N..Formylkynurenine.2",FALSE,NA,"N'-Formylkynurenine (conf: 6)"
"N'-Hydroxyneosaxitoxin",7,331.1245406,6.44932571,"C10H17N7O6",1,"N..Hydroxyneosaxitoxin",FALSE,NA,"N'-Hydroxyneosaxitoxin (conf: 7)"
"N-(1-Deoxy-1-fructosyl)leucine",7,293.1475044,5.863718984,"C12H23NO7",2,"N..1.Deoxy.1.fructosyl.leucine",FALSE,NA,"N-(1-Deoxy-1-fructosyl)leucine (conf: 7)"
"N-(1-Deoxy-1-fructosyl)methionine",5,311.1038919,6.545337914,"C11H21NO7S",1,"N..1.Deoxy.1.fructosyl.methionine",FALSE,NA,"N-(1-Deoxy-1-fructosyl)methionine (conf: 5)"
"N-(1-Deoxy-1-fructosyl)methionine",7,311.1040234,7.594587936,"C11H21NO7S",1,"N..1.Deoxy.1.fructosyl.methionine.1",FALSE,NA,"N-(1-Deoxy-1-fructosyl)methionine (conf: 7)"
"N-(1-Deoxy-1-fructosyl)phenylalanine",5,327.1318525,10.75273455,"C15H21NO7",1,"N..1.Deoxy.1.fructosyl.phenylalanine",FALSE,NA,"N-(1-Deoxy-1-fructosyl)phenylalanine (conf: 5)"
"N-(1-Deoxy-1-fructosyl)phenylalanine",7,327.1319223,5.570356106,"C15H21NO7",1,"N..1.Deoxy.1.fructosyl.phenylalanine.1",FALSE,NA,"N-(1-Deoxy-1-fructosyl)phenylalanine (conf: 7)"
"N-(1-Deoxy-1-fructosyl)proline",5,277.1161686,7.474372425,"C11H19NO7",1,"N..1.Deoxy.1.fructosyl.proline",FALSE,NA,"N-(1-Deoxy-1-fructosyl)proline (conf: 5)"
"N-(1-Deoxy-1-fructosyl)proline",7,277.1162097,9.622966687,"C11H19NO7",1,"N..1.Deoxy.1.fructosyl.proline.1",FALSE,NA,"N-(1-Deoxy-1-fructosyl)proline (conf: 7)"
"N-(1-Deoxy-1-fructosyl)proline",7,294.1427283,12.61243107,"C11H19NO7",1,"N..1.Deoxy.1.fructosyl.proline.2",FALSE,NA,"N-(1-Deoxy-1-fructosyl)proline (conf: 7)"
"N-(1-Deoxy-1-fructosyl)threonine",7,281.1111131,11.51927809,"C10H19NO8",1,"N..1.Deoxy.1.fructosyl.threonine",FALSE,NA,"N-(1-Deoxy-1-fructosyl)threonine (conf: 7)"
"N-(1-Deoxy-1-fructosyl)threonine",7,303.093129,8.835378116,"C10H19NO8",1,"N..1.Deoxy.1.fructosyl.threonine.1",FALSE,NA,"N-(1-Deoxy-1-fructosyl)threonine (conf: 7)"
"N-(1-Deoxy-1-fructosyl)tyrosine",5,343.1268788,11.07329361,"C15H21NO8",1,"N..1.Deoxy.1.fructosyl.tyrosine",FALSE,NA,"N-(1-Deoxy-1-fructosyl)tyrosine (conf: 5)"
"N-(1-Deoxy-1-fructosyl)tyrosine",5,343.1269707,8.023177762,"C15H21NO8",1,"N..1.Deoxy.1.fructosyl.tyrosine.1",FALSE,NA,"N-(1-Deoxy-1-fructosyl)tyrosine (conf: 5)"
"N-(1-Deoxy-1-fructosyl)valine",7,279.1316352,6.846492608,"C11H21NO7",1,"N..1.Deoxy.1.fructosyl.valine",FALSE,NA,"N-(1-Deoxy-1-fructosyl)valine (conf: 7)"
"N-(16,16-dimethy-docosatetraenoyl)-ethanolamine",5,403.3452063,4.810940847,"C26H45NO2",3,"N..16_16.dimethy.docosatetraenoyl..ethanolamine",FALSE,NA,"N-(16,16-dimethy-docosatetraenoyl)-ethanolamine (conf: 5)"
"N-(1H-Indol-3-ylacetyl)glutamic acid",5,304.1059593,8.378654325,"C15H16N2O5",1,"N..1H.Indol.3.ylacetyl.glutamic.acid",FALSE,NA,"N-(1H-Indol-3-ylacetyl)glutamic acid (conf: 5)"
"N-(1H-Indol-3-ylacetyl)glutamic acid",7,340.0829166,11.22787753,"C15H16N2O5",1,"N..1H.Indol.3.ylacetyl.glutamic.acid.1",FALSE,NA,"N-(1H-Indol-3-ylacetyl)glutamic acid (conf: 7)"
"N-(2-hydroxy-docosanoyl)-pentadecasphing-4-enine-1-phosphoethanolamine",7,718.5636305,2.707251143,"C39H79N2O7P",1,"N..2.hydroxy.docosanoyl..pentadecasphing.4.enine.1.phosphoethanolamine",FALSE,NA,"N-(2-hydroxy-docosanoyl)-pentadecasphing-4-enine-1-phosphoethanolamine (conf: 7)"
"N-(2-hydroxy-tetracosanoyl)-pentadecasphingadienine-1-phosphoethanolamine",7,790.5842223,2.668215202,"C41H81N2O7P",1,"N..2.hydroxy.tetracosanoyl..pentadecasphingadienine.1.phosphoethanolamine",FALSE,NA,"N-(2-hydroxy-tetracosanoyl)-pentadecasphingadienine-1-phosphoethanolamine (conf: 7)"
"N-(3-acetamidopropyl)-4-aminobutanal",5,186.1367854,13.67074453,"C9H18N2O2",2,"N..3.acetamidopropyl..4.aminobutanal",FALSE,NA,"N-(3-acetamidopropyl)-4-aminobutanal (conf: 5)"
"N-(3-acetamidopropyl)pyrrolidin-2-one",5,184.1211646,25.34910764,"C9H16N2O2",2,"N..3.acetamidopropyl.pyrrolidin.2.one",FALSE,NA,"N-(3-acetamidopropyl)pyrrolidin-2-one (conf: 5)"
"N-(3-acetamidopropyl)pyrrolidin-2-one",7,184.1211668,4.438373131,"C9H16N2O2",2,"N..3.acetamidopropyl.pyrrolidin.2.one.1",FALSE,NA,"N-(3-acetamidopropyl)pyrrolidin-2-one (conf: 7)"
"N-(3-oxohexanoyl)-L-homoserine",7,248.1372075,9.734353988,"C10H17NO5",3,"N..3.oxohexanoyl..L.homoserine",FALSE,NA,"N-(3-oxohexanoyl)-L-homoserine (conf: 7)"
"N-(3-oxooctanoyl)-L-homoserine",5,259.1419351,3.023579579,"C12H21NO5",1,"N..3.oxooctanoyl..L.homoserine",FALSE,NA,"N-(3-oxooctanoyl)-L-homoserine (conf: 5)"
"N-(3-oxooctanoyl)-L-homoserine",5,259.1420187,8.154612371,"C12H21NO5",1,"N..3.oxooctanoyl..L.homoserine.3",FALSE,NA,"N-(3-oxooctanoyl)-L-homoserine (conf: 5)"
"N-(3-oxooctanoyl)-L-homoserine",5,259.1420665,5.009423319,"C12H21NO5",1,"N..3.oxooctanoyl..L.homoserine.4",FALSE,NA,"N-(3-oxooctanoyl)-L-homoserine (conf: 5)"
"N-(3-oxooctanoyl)-L-homoserine",7,259.1419483,6.206255874,"C12H21NO5",1,"N..3.oxooctanoyl..L.homoserine.1",FALSE,NA,"N-(3-oxooctanoyl)-L-homoserine (conf: 7)"
"N-(3-oxooctanoyl)-L-homoserine",7,259.1419883,5.810805913,"C12H21NO5",1,"N..3.oxooctanoyl..L.homoserine.2",FALSE,NA,"N-(3-oxooctanoyl)-L-homoserine (conf: 7)"
"N-(4-aminobutyl)-3-(3,4-dihydroxyphenyl)prop-2-enimidic acid",5,250.131438,6.789669849,"C13H18N2O3",6,"N..4.aminobutyl..3..3_4.dihydroxyphenyl.prop.2.enimidic.acid",FALSE,NA,"N-(4-aminobutyl)-3-(3,4-dihydroxyphenyl)prop-2-enimidic acid (conf: 5)"
"N-(4-aminobutyl)-3-(3,4-dihydroxyphenyl)prop-2-enimidic acid",5,250.1316552,9.940346765,"C13H18N2O3",6,"N..4.aminobutyl..3..3_4.dihydroxyphenyl.prop.2.enimidic.acid.1",FALSE,NA,"N-(4-aminobutyl)-3-(3,4-dihydroxyphenyl)prop-2-enimidic acid (conf: 5)"
"N-(4-aminobutyl)-3-(3,4-dihydroxyphenyl)prop-2-enimidic acid",5,250.1317589,7.35394676,"C13H18N2O3",6,"N..4.aminobutyl..3..3_4.dihydroxyphenyl.prop.2.enimidic.acid.2",FALSE,NA,"N-(4-aminobutyl)-3-(3,4-dihydroxyphenyl)prop-2-enimidic acid (conf: 5)"
"N-(4-aminobutyl)-3-(3,4-dihydroxyphenyl)prop-2-enimidic acid",5,250.1318127,10.57625283,"C13H18N2O3",6,"N..4.aminobutyl..3..3_4.dihydroxyphenyl.prop.2.enimidic.acid.3",FALSE,NA,"N-(4-aminobutyl)-3-(3,4-dihydroxyphenyl)prop-2-enimidic acid (conf: 5)"
"N-(4-aminobutyl)-3-(3,4-dihydroxyphenyl)prop-2-enimidic acid",7,296.1370211,8.25138721,"C13H18N2O3",6,"N..4.aminobutyl..3..3_4.dihydroxyphenyl.prop.2.enimidic.acid.4",FALSE,NA,"N-(4-aminobutyl)-3-(3,4-dihydroxyphenyl)prop-2-enimidic acid (conf: 7)"
"N-(4-aminobutyl)-3-(3,4-dihydroxyphenyl)prop-2-enimidic acid",7,296.1374488,5.075450528,"C13H18N2O3",6,"N..4.aminobutyl..3..3_4.dihydroxyphenyl.prop.2.enimidic.acid.5",FALSE,NA,"N-(4-aminobutyl)-3-(3,4-dihydroxyphenyl)prop-2-enimidic acid (conf: 7)"
"N-(4-aminobutyl)-3-(4-hydroxy-3-methoxyphenyl)prop-2-enimidic acid",5,264.1474426,9.198571564,"C14H20N2O3",4,"N..4.aminobutyl..3..4.hydroxy.3.methoxyphenyl.prop.2.enimidic.acid",FALSE,NA,"N-(4-aminobutyl)-3-(4-hydroxy-3-methoxyphenyl)prop-2-enimidic acid (conf: 5)"
"N-(4-aminobutyl)-3-(4-hydroxy-3-methoxyphenyl)prop-2-enimidic acid",5,264.1474793,7.190896738,"C14H20N2O3",4,"N..4.aminobutyl..3..4.hydroxy.3.methoxyphenyl.prop.2.enimidic.acid.1",FALSE,NA,"N-(4-aminobutyl)-3-(4-hydroxy-3-methoxyphenyl)prop-2-enimidic acid (conf: 5)"
"N-(4-aminobutyl)-3-[3-methoxy-4-(sulfooxy)phenyl]prop-2-enimidic acid",5,344.1042342,8.077121295,"C14H20N2O6S",1,"N..4.aminobutyl..3..3.methoxy.4..sulfooxy.phenyl.prop.2.enimidic.acid",FALSE,NA,"N-(4-aminobutyl)-3-[3-methoxy-4-(sulfooxy)phenyl]prop-2-enimidic acid (conf: 5)"
"N-(4-aminobutyl)-3-[4-hydroxy-3-(sulfooxy)phenyl]prop-2-enimidic acid",5,330.0887853,8.304001181,"C13H18N2O6S",1,"N..4.aminobutyl..3..4.hydroxy.3..sulfooxy.phenyl.prop.2.enimidic.acid",FALSE,NA,"N-(4-aminobutyl)-3-[4-hydroxy-3-(sulfooxy)phenyl]prop-2-enimidic acid (conf: 5)"
"N-(4-hydroxybenzoyl)-L-glutamate",7,267.0741045,10.19946261,"C12H13NO6",1,"N..4.hydroxybenzoyl..L.glutamate",FALSE,NA,"N-(4-hydroxybenzoyl)-L-glutamate (conf: 7)"
"N-(4-oxoglutaryl)-L-cysteinylglycine",5,306.0522907,8.276962105,"C10H14N2O7S",1,"N..4.oxoglutaryl..L.cysteinylglycine",FALSE,NA,"N-(4-oxoglutaryl)-L-cysteinylglycine (conf: 5)"
"N-(4,5-Dihydro-1-methyl-4-oxo-1H-imidazol-2-yl)alanine",7,185.0800997,6.211267844,"C7H11N3O3",1,"N..4_5.Dihydro.1.methyl.4.oxo.1H.imidazol.2.yl.alanine",FALSE,NA,"N-(4,5-Dihydro-1-methyl-4-oxo-1H-imidazol-2-yl)alanine (conf: 7)"
"N-(6-Aminohexanoyl)-6-aminohexanoate",5,244.1786529,7.420362082,"C12H24N2O3",5,"N..6.Aminohexanoyl..6.aminohexanoate",FALSE,NA,"N-(6-Aminohexanoyl)-6-aminohexanoate (conf: 5)"
"N-(6-Aminohexanoyl)-6-aminohexanoate",5,244.1787198,6.960664016,"C12H24N2O3",5,"N..6.Aminohexanoyl..6.aminohexanoate.1",FALSE,NA,"N-(6-Aminohexanoyl)-6-aminohexanoate (conf: 5)"
"N-(7'-carboxy-7'-demethylgeranyl)-L-glutamate",5,313.1526437,7.428379034,"C15H23NO6",1,"N..7..carboxy.7..demethylgeranyl..L.glutamate.1",FALSE,NA,"N-(7'-carboxy-7'-demethylgeranyl)-L-glutamate (conf: 5)"
"N-(7'-carboxy-7'-demethylgeranyl)-L-glutamate",7,313.1525875,5.38037851,"C15H23NO6",1,"N..7..carboxy.7..demethylgeranyl..L.glutamate",FALSE,NA,"N-(7'-carboxy-7'-demethylgeranyl)-L-glutamate (conf: 7)"
"N-(7'-carboxy-7'-demethylgeranyl)-L-glutamate",7,330.1793427,4.537548927,"C15H23NO6",1,"N..7..carboxy.7..demethylgeranyl..L.glutamate.2",FALSE,NA,"N-(7'-carboxy-7'-demethylgeranyl)-L-glutamate (conf: 7)"
"N-(butyryl)-L-homoserine",7,189.1000942,4.065915606,"C8H15NO4",12,"N..butyryl..L.homoserine",FALSE,NA,"N-(butyryl)-L-homoserine (conf: 7)"
"N-(butyryl)-L-homoserine",7,189.1001074,4.442147286,"C8H15NO4",12,"N..butyryl..L.homoserine.1",FALSE,NA,"N-(butyryl)-L-homoserine (conf: 7)"
"N-(butyryl)-L-homoserine",7,189.1001694,4.945661844,"C8H15NO4",12,"N..butyryl..L.homoserine.2",FALSE,NA,"N-(butyryl)-L-homoserine (conf: 7)"
"N-(docosanoyl)-pentadecasphing-4-enine-1-phosphoethanolamine",7,702.5681819,4.353701712,"C39H79N2O6P",2,"N..docosanoyl..pentadecasphing.4.enine.1.phosphoethanolamine",FALSE,NA,"N-(docosanoyl)-pentadecasphing-4-enine-1-phosphoethanolamine (conf: 7)"
"N-(docosanoyl)-pentadecasphingadienine-1-phosphoethanolamine",5,700.5525085,2.67769999,"C39H77N2O6P",2,"N..docosanoyl..pentadecasphingadienine.1.phosphoethanolamine",FALSE,NA,"N-(docosanoyl)-pentadecasphingadienine-1-phosphoethanolamine (conf: 5)"
"N-(docosanoyl)-pentadecasphingadienine-1-phosphoethanolamine",5,700.5526894,4.366689046,"C39H77N2O6P",2,"N..docosanoyl..pentadecasphingadienine.1.phosphoethanolamine.1",FALSE,NA,"N-(docosanoyl)-pentadecasphingadienine-1-phosphoethanolamine (conf: 5)"
"N-(eicosaenoyl)-ethanolamine",5,353.3294795,2.561842219,"C22H43NO2",1,"N..eicosaenoyl..ethanolamine",FALSE,NA,"N-(eicosaenoyl)-ethanolamine (conf: 5)"
"N-(eicosanoyl)-hexadecasphing-4-enine-1-phosphoethanolamine",5,688.55239,2.688548858,"C38H77N2O6P",2,"N..eicosanoyl..hexadecasphing.4.enine.1.phosphoethanolamine",FALSE,NA,"N-(eicosanoyl)-hexadecasphing-4-enine-1-phosphoethanolamine (conf: 5)"
"N-(eicosanoyl)-hexadecasphing-4-enine-1-phosphoethanolamine",5,688.5527006,4.37510746,"C38H77N2O6P",2,"N..eicosanoyl..hexadecasphing.4.enine.1.phosphoethanolamine.1",FALSE,NA,"N-(eicosanoyl)-hexadecasphing-4-enine-1-phosphoethanolamine (conf: 5)"
"N-(eicosanoyl)-pentadecasphingadienine-1-phosphoethanolamine",5,672.5207389,4.345859712,"C37H73N2O6P",2,"N..eicosanoyl..pentadecasphingadienine.1.phosphoethanolamine",FALSE,NA,"N-(eicosanoyl)-pentadecasphingadienine-1-phosphoethanolamine (conf: 5)"
"N-(eicosanoyl)-pentadecasphingadienine-1-phosphoethanolamine",5,672.521482,2.705029742,"C37H73N2O6P",2,"N..eicosanoyl..pentadecasphingadienine.1.phosphoethanolamine.1",FALSE,NA,"N-(eicosanoyl)-pentadecasphingadienine-1-phosphoethanolamine (conf: 5)"
"N-(eicosatetraenoyl)-D-serine",7,391.2723803,2.883223651,"C23H37NO4",3,"N..eicosatetraenoyl..D.serine",FALSE,NA,"N-(eicosatetraenoyl)-D-serine (conf: 7)"
"N-(eicosatetraenoyl)-taurine",5,411.2442585,2.331137366,"C22H37NO4S",1,"N..eicosatetraenoyl..taurine",FALSE,NA,"N-(eicosatetraenoyl)-taurine (conf: 5)"
"N-(Heptan-4-yl)benzo[d][1,3]dioxole-5-carboxamide",5,263.1521573,2.643302688,"C15H21NO3",1,"N..Heptan.4.yl.benzo.d..1_3.dioxole.5.carboxamide",FALSE,NA,"N-(Heptan-4-yl)benzo[d][1,3]dioxole-5-carboxamide (conf: 5)"
"N-(Heptan-4-yl)benzo[d][1,3]dioxole-5-carboxamide",7,280.178729,7.37426379,"C15H21NO3",1,"N..Heptan.4.yl.benzo.d..1_3.dioxole.5.carboxamide.1",FALSE,NA,"N-(Heptan-4-yl)benzo[d][1,3]dioxole-5-carboxamide (conf: 7)"
"N-(hydroxy-butanoyl)-homoserine lactone",6,187.0844332,4.552111259,"C8H13NO4",6,"N..hydroxy.butanoyl..homoserine.lactone",FALSE,NA,"N-(hydroxy-butanoyl)-homoserine lactone (conf: 6)"
"N-(hydroxydecanoyl)-L-serine",7,275.1733092,6.190818295,"C13H25NO5",2,"N..hydroxydecanoyl..L.serine",FALSE,NA,"N-(hydroxydecanoyl)-L-serine (conf: 7)"
"N-23-dihydroxybenzoyl-L-serine",5,241.0585669,8.280041286,"C10H11NO6",6,"N.23.dihydroxybenzoyl.L.serine.1",FALSE,NA,"N-23-dihydroxybenzoyl-L-serine (conf: 5)"
"N-23-dihydroxybenzoyl-L-serine",5,241.0585672,10.82742587,"C10H11NO6",6,"N.23.dihydroxybenzoyl.L.serine.2",FALSE,NA,"N-23-dihydroxybenzoyl-L-serine (conf: 5)"
"N-23-dihydroxybenzoyl-L-serine",7,241.0585581,9.113275287,"C10H11NO6",6,"N.23.dihydroxybenzoyl.L.serine",FALSE,NA,"N-23-dihydroxybenzoyl-L-serine (conf: 7)"
"N-a-Acetyl-L-arginine",9,216.1222129,9.86304295,"C8H16N4O3",1,"N.a.Acetyl.L.arginine",TRUE,"","N-a-Acetyl-L-arginine (conf: 9)"
"N-a-Acetylcitrulline",6,217.1063133,11.21174313,"C8H15N3O4",5,"N.a.Acetylcitrulline.1",FALSE,NA,"N-a-Acetylcitrulline (conf: 6)"
"N-a-Acetylcitrulline",8,217.1062777,6.868338486,"C8H15N3O4",5,"N.a.Acetylcitrulline",FALSE,NA,"N-a-Acetylcitrulline (conf: 8)"
"N-Acetoxyarylamine",7,151.0633174,5.554787059,"C8H9NO2",19,"N.Acetoxyarylamine",FALSE,NA,"N-Acetoxyarylamine (conf: 7)"
"N-Acetyl-2,3-dihydro-1H-pyrrole",5,111.0683113,5.115754306,"C6H9NO",9,"N.Acetyl.2_3.dihydro.1H.pyrrole",FALSE,NA,"N-Acetyl-2,3-dihydro-1H-pyrrole (conf: 5)"
"N-Acetyl-2,3-dihydro-1H-pyrrole",5,111.0684517,8.915374214,"C6H9NO",9,"N.Acetyl.2_3.dihydro.1H.pyrrole.1",FALSE,NA,"N-Acetyl-2,3-dihydro-1H-pyrrole (conf: 5)"
"N-Acetyl-ala-ala-ala-methylester",5,287.1481511,6.19546835,"C12H21N3O5",3,"N.Acetyl.ala.ala.ala.methylester",FALSE,NA,"N-Acetyl-ala-ala-ala-methylester (conf: 5)"
"N-Acetyl-ala-ala-ala-methylester",5,287.1482761,4.954179312,"C12H21N3O5",3,"N.Acetyl.ala.ala.ala.methylester.1",FALSE,NA,"N-Acetyl-ala-ala-ala-methylester (conf: 5)"
"N-Acetyl-b-D-galactosamine",6,221.0899555,9.20357095,"C8H15NO6",6,"N.Acetyl.b.D.galactosamine",FALSE,NA,"N-Acetyl-b-D-galactosamine (conf: 6)"
"N-Acetyl-b-glucosaminylamine",5,220.1059166,10.36859019,"C8H16N2O5",3,"N.Acetyl.b.glucosaminylamine",FALSE,NA,"N-Acetyl-b-glucosaminylamine (conf: 5)"
"N-Acetyl-beta-alanine",6,131.0581865,8.938061359,"C5H9NO3",13,"N.Acetyl.beta.alanine",FALSE,NA,"N-Acetyl-beta-alanine (conf: 6)"
"N-Acetyl-beta-alanine",6,131.0582852,9.496523162,"C5H9NO3",13,"N.Acetyl.beta.alanine.1",FALSE,NA,"N-Acetyl-beta-alanine (conf: 6)"
"N-Acetyl-D-fucosamine",5,205.0950233,7.598692519,"C8H15NO5",16,"N.Acetyl.D.fucosamine",FALSE,NA,"N-Acetyl-D-fucosamine (conf: 5)"
"N-Acetyl-D-fucosamine",5,205.0950432,6.183007479,"C8H15NO5",16,"N.Acetyl.D.fucosamine.1",FALSE,NA,"N-Acetyl-D-fucosamine (conf: 5)"
"N-Acetyl-D-galactosamine 6-sulfate",7,301.0469421,9.359752672,"C8H15NO9S",6,"N.Acetyl.D.galactosamine.6.sulfate",FALSE,NA,"N-Acetyl-D-galactosamine 6-sulfate (conf: 7)"
"N-Acetyl-D-glucosaminate",7,237.0848578,9.334448341,"C8H15NO7",6,"N.Acetyl.D.glucosaminate",FALSE,NA,"N-Acetyl-D-glucosaminate (conf: 7)"
"N-Acetyl-D-glucosaminate",7,273.0616107,8.375289058,"C8H15NO7",6,"N.Acetyl.D.glucosaminate.1",FALSE,NA,"N-Acetyl-D-glucosaminate (conf: 7)"
"N-Acetyl-D-glucosamine",8,221.0900182,7.938567776,"C8H15NO6",6,"N.Acetyl.D.glucosamine",FALSE,NA,"N-Acetyl-D-glucosamine (conf: 8)"
"N-Acetyl-D-glucosamine",8,243.0718572,8.81238049,"C8H15NO6",6,"N.Acetyl.D.glucosamine.1",FALSE,NA,"N-Acetyl-D-glucosamine (conf: 8)"
"N-Acetyl-D-glucosamine",8,243.0719026,7.331841357,"C8H15NO6",6,"N.Acetyl.D.glucosamine.2",FALSE,NA,"N-Acetyl-D-glucosamine (conf: 8)"
"N-Acetyl-D-mannosamine 6-phosphate",6,301.0563443,10.62792874,"C8H16NO9P",7,"N.Acetyl.D.mannosamine.6.phosphate",FALSE,NA,"N-Acetyl-D-mannosamine 6-phosphate (conf: 6)"
"N-acetyl-L-2-aminoadipate",6,203.0793747,7.271986231,"C8H13NO5",2,"N.acetyl.L.2.aminoadipate",FALSE,NA,"N-acetyl-L-2-aminoadipate (conf: 6)"
"N-acetyl-L-2-aminoadipate",6,203.0795063,8.782205397,"C8H13NO5",2,"N.acetyl.L.2.aminoadipate.1",FALSE,NA,"N-acetyl-L-2-aminoadipate (conf: 6)"
"N-acetyl-L-2-aminoadipate",6,203.0795143,8.257830646,"C8H13NO5",2,"N.acetyl.L.2.aminoadipate.2",FALSE,NA,"N-acetyl-L-2-aminoadipate (conf: 6)"
"N-acetyl-L-2-aminoadipate",8,203.0795375,5.669943533,"C8H13NO5",2,"N.acetyl.L.2.aminoadipate.3",FALSE,NA,"N-acetyl-L-2-aminoadipate (conf: 8)"
"N-Acetyl-L-aspartic acid",10,175.0481115,10.41641127,"C6H9NO5",4,"N.Acetyl.L.aspartic.acid",TRUE,"","N-Acetyl-L-aspartic acid (conf: 10)"
"N-Acetyl-L-glutamate 5-semialdehyde",6,173.0688075,4.699352141,"C7H11NO4",4,"N.Acetyl.L.glutamate.5.semialdehyde",FALSE,NA,"N-Acetyl-L-glutamate 5-semialdehyde (conf: 6)"
"N-acetyl-L-glutaminyl-L-glutamine amide",7,315.1542709,13.69709469,"C12H21N5O5",1,"N.acetyl.L.glutaminyl.L.glutamine.amide",FALSE,NA,"N-acetyl-L-glutaminyl-L-glutamine amide (conf: 7)"
"N-Acetyl-L-methionine",5,191.061636,8.161935618,"C7H13NO3S",1,"N.Acetyl.L.methionine",FALSE,NA,"N-Acetyl-L-methionine (conf: 5)"
"N-Acetyl-L-methionine",5,191.061639,6.517504006,"C7H13NO3S",1,"N.Acetyl.L.methionine.1",FALSE,NA,"N-Acetyl-L-methionine (conf: 5)"
"N-Acetyl-L-phenylalanine",6,207.089625,5.574550555,"C11H13NO3",7,"N.Acetyl.L.phenylalanine",FALSE,NA,"N-Acetyl-L-phenylalanine (conf: 6)"
"N-acetyl-O-acetylneuraminate",5,351.1164645,7.084951712,"C13H21NO10",4,"N.acetyl.O.acetylneuraminate",FALSE,NA,"N-acetyl-O-acetylneuraminate (conf: 5)"
"N-acetyl-O-acetylneuraminate",7,373.0985819,5.857328183,"C13H21NO10",4,"N.acetyl.O.acetylneuraminate.1",FALSE,NA,"N-acetyl-O-acetylneuraminate (conf: 7)"
"N-Acetyl-S-(N-methylcarbamoyl)cysteine",5,220.0518074,4.717490782,"C7H12N2O4S",1,"N.Acetyl.S..N.methylcarbamoyl.cysteine",FALSE,NA,"N-Acetyl-S-(N-methylcarbamoyl)cysteine (conf: 5)"
"N-acetyl-tryptophanamide",7,245.1164935,6.073889037,"C13H15N3O2",2,"N.acetyl.tryptophanamide",FALSE,NA,"N-acetyl-tryptophanamide (conf: 7)"
"N-acetyl-tryptophanamide",7,281.0935295,6.536802866,"C13H15N3O2",2,"N.acetyl.tryptophanamide.1",FALSE,NA,"N-acetyl-tryptophanamide (conf: 7)"
"N-acetyl -D- glucosaminitol",5,223.1056117,8.6120281,"C8H17NO6",1,"N.acetyl..D..glucosaminitol.1",FALSE,NA,"N-acetyl -D- glucosaminitol (conf: 5)"
"N-acetyl -D- glucosaminitol",7,223.1055837,8.092350032,"C8H17NO6",1,"N.acetyl..D..glucosaminitol",FALSE,NA,"N-acetyl -D- glucosaminitol (conf: 7)"
"N-acetyl -D- glucosaminitol",7,245.0874935,7.630735095,"C8H17NO6",1,"N.acetyl..D..glucosaminitol.2",FALSE,NA,"N-acetyl -D- glucosaminitol (conf: 7)"
"N-acetyl -D- glucosaminitol",7,259.0821637,9.546025945,"C8H17NO6",1,"N.acetyl..D..glucosaminitol.3",FALSE,NA,"N-acetyl -D- glucosaminitol (conf: 7)"
"N-Acetylanthranilate",7,179.0582804,4.172090879,"C9H9NO3",12,"N.Acetylanthranilate",FALSE,NA,"N-Acetylanthranilate (conf: 7)"
"N-Acetylaspartylglutamic acid",7,304.0907896,12.83680862,"C11H16N2O8",1,"N.Acetylaspartylglutamic.acid",FALSE,NA,"N-Acetylaspartylglutamic acid (conf: 7)"
"N-Acetylcystathionine",5,264.0779863,9.206511434,"C9H16N2O5S",4,"N.Acetylcystathionine",FALSE,NA,"N-Acetylcystathionine (conf: 5)"
"N-acetyldemethylphosphinothricyl-L-alanyl-L-leucine",5,393.1670145,8.937770238,"C15H28N3O7P",1,"N.acetyldemethylphosphinothricyl.L.alanyl.L.leucine",FALSE,NA,"N-acetyldemethylphosphinothricyl-L-alanyl-L-leucine (conf: 5)"
"N-Acetyldjenkolic acid",5,296.0501919,9.16769318,"C9H16N2O5S2",1,"N.Acetyldjenkolic.acid",FALSE,NA,"N-Acetyldjenkolic acid (conf: 5)"
"N-acetylfelinine",5,249.1035002,2.978707474,"C10H19NO4S",1,"N.acetylfelinine",FALSE,NA,"N-acetylfelinine (conf: 5)"
"N-acetylfelinine",5,249.1035136,9.400954639,"C10H19NO4S",1,"N.acetylfelinine.1",FALSE,NA,"N-acetylfelinine (conf: 5)"
"N-Acetylgalactosaminate",5,235.0692425,10.22248732,"C8H13NO7",3,"N.Acetylgalactosaminate",FALSE,NA,"N-Acetylgalactosaminate (conf: 5)"
"N-Acetylgalactosamine 6-sulfate",5,301.0467937,8.316594793,"C8H15NO9S",6,"N.Acetylgalactosamine.6.sulfate",FALSE,NA,"N-Acetylgalactosamine 6-sulfate (conf: 5)"
"N-Acetylglucosamine 4-sulfate",5,301.0468671,7.806559175,"C8H15NO9S",6,"N.Acetylglucosamine.4.sulfate.2",FALSE,NA,"N-Acetylglucosamine 4-sulfate (conf: 5)"
"N-Acetylglucosamine 4-sulfate",7,301.0468307,13.3998029,"C8H15NO9S",6,"N.Acetylglucosamine.4.sulfate",FALSE,NA,"N-Acetylglucosamine 4-sulfate (conf: 7)"
"N-Acetylglucosamine 4-sulfate",7,301.0468413,7.177658028,"C8H15NO9S",6,"N.Acetylglucosamine.4.sulfate.1",FALSE,NA,"N-Acetylglucosamine 4-sulfate (conf: 7)"
"N-Acetylglucosamine 6-sulfate",7,337.0233477,13.6663932,"C8H15NO9S",6,"N.Acetylglucosamine.6.sulfate",FALSE,NA,"N-Acetylglucosamine 6-sulfate (conf: 7)"
"N-acetylglucosaminolactone",7,219.0743398,11.73740427,"C8H13NO6",2,"N.acetylglucosaminolactone",FALSE,NA,"N-acetylglucosaminolactone (conf: 7)"
"N-Acetylglutamic acid",10,189.0637639,10.03680482,"C7H11NO5",5,"N.Acetylglutamic.acid",TRUE,"","N-Acetylglutamic acid (conf: 10)"
"N-Acetylglutamine",7,188.0795868,6.624259046,"C7H12N2O4",2,"N.Acetylglutamine",TRUE,"","N-Acetylglutamine (conf: 7)"
"N-Acetylhistidine",9,197.0800305,6.288446767,"C8H11N3O3",2,"N.Acetylhistidine",TRUE,"","N-Acetylhistidine (conf: 9)"
"N-Acetylisatin",8,189.0426522,4.146823645,"C10H7NO3",7,"N.Acetylisatin",FALSE,NA,"N-Acetylisatin (conf: 8)"
"N-Acetyllactosamine",7,405.1248196,9.064537347,"C14H25NO11",7,"N.Acetyllactosamine",FALSE,NA,"N-Acetyllactosamine (conf: 7)"
"N-Acetylmuramate",5,293.1111741,7.377559706,"C11H19NO8",4,"N.Acetylmuramate.1",FALSE,NA,"N-Acetylmuramate (conf: 5)"
"N-Acetylmuramate",7,293.1110678,9.08581792,"C11H19NO8",4,"N.Acetylmuramate",FALSE,NA,"N-Acetylmuramate (conf: 7)"
"N-Acetylmuramate",7,339.1166879,8.081074191,"C11H19NO8",4,"N.Acetylmuramate.2",FALSE,NA,"N-Acetylmuramate (conf: 7)"
"N-Acetylmuramoyl-Ala",5,364.1482816,10.39005003,"C14H24N2O9",2,"N.Acetylmuramoyl.Ala",FALSE,NA,"N-Acetylmuramoyl-Ala (conf: 5)"
"N-Acetylneuraminic acid",8,309.1060873,11.94681789,"C11H19NO9",3,"N.Acetylneuraminic.acid",FALSE,NA,"N-Acetylneuraminic acid (conf: 8)"
"N-Acetylneuraminic acid",8,309.1062302,8.941232791,"C11H19NO9",3,"N.Acetylneuraminic.acid.1",FALSE,NA,"N-Acetylneuraminic acid (conf: 8)"
"N-acetylphosphinothricyl-L-alanyl-L-leucine",5,407.1820077,10.52716096,"C16H30N3O7P",1,"N.acetylphosphinothricyl.L.alanyl.L.leucine",FALSE,NA,"N-acetylphosphinothricyl-L-alanyl-L-leucine (conf: 5)"
"N-Acetylputrescine",8,130.1105349,13.29191566,"C6H14N2O",2,"N.Acetylputrescine",TRUE,"","N-Acetylputrescine (conf: 8)"
"N-Acetylvanilalanine",5,253.0951001,3.184862222,"C12H15NO5",3,"N.Acetylvanilalanine",FALSE,NA,"N-Acetylvanilalanine (conf: 5)"
"N-Acetylvanilalanine",5,253.0951373,4.456752856,"C12H15NO5",3,"N.Acetylvanilalanine.1",FALSE,NA,"N-Acetylvanilalanine (conf: 5)"
"N-alpha-acetyl lysine methyl ester",5,202.1317398,6.089948878,"C9H18N2O3",6,"N.alpha.acetyl.lysine.methyl.ester",FALSE,NA,"N-alpha-acetyl lysine methyl ester (conf: 5)"
"N-alpha-acetyl lysine methyl ester",5,202.1317692,10.09967576,"C9H18N2O3",6,"N.alpha.acetyl.lysine.methyl.ester.1",FALSE,NA,"N-alpha-acetyl lysine methyl ester (conf: 5)"
"N-Alpha-acetyllysine",8,188.1160955,10.18721612,"C8H16N2O3",10,"N.Alpha.acetyllysine",TRUE,"","N-Alpha-acetyllysine (conf: 8)"
"N-Amidino-L-glutamate",7,189.0749296,10.21111024,"C6H11N3O4",4,"N.Amidino.L.glutamate",FALSE,NA,"N-Amidino-L-glutamate (conf: 7)"
"N-benzoyl-L-glutamate",5,251.0793556,4.451721226,"C12H13NO5",4,"N.benzoyl.L.glutamate",FALSE,NA,"N-benzoyl-L-glutamate (conf: 5)"
"N-benzoyl-L-glutamate",7,273.0613855,11.24402529,"C12H13NO5",4,"N.benzoyl.L.glutamate.1",FALSE,NA,"N-benzoyl-L-glutamate (conf: 7)"
"N-Benzoylaspartic acid",5,237.0637659,9.510849938,"C11H11NO5",2,"N.Benzoylaspartic.acid",FALSE,NA,"N-Benzoylaspartic acid (conf: 5)"
"N-Benzoylaspartic acid",5,237.0637668,7.714356962,"C11H11NO5",2,"N.Benzoylaspartic.acid.1",FALSE,NA,"N-Benzoylaspartic acid (conf: 5)"
"N-Benzoylaspartic acid",5,237.064057,5.078974987,"C11H11NO5",2,"N.Benzoylaspartic.acid.2",FALSE,NA,"N-Benzoylaspartic acid (conf: 5)"
"N-Butyl-beta-carboline-3-carboxylate",5,268.1212058,2.919128164,"C16H16N2O2",3,"N.Butyl.beta.carboline.3.carboxylate",FALSE,NA,"N-Butyl-beta-carboline-3-carboxylate (conf: 5)"
"N-Butyl-beta-carboline-3-carboxylate",7,268.1212289,3.464163787,"C16H16N2O2",3,"N.Butyl.beta.carboline.3.carboxylate.1",FALSE,NA,"N-Butyl-beta-carboline-3-carboxylate (conf: 7)"
"N-carbamoyl-p-hydroxy-D-phenylglycine",5,210.0642528,7.868494827,"C9H10N2O4",3,"N.carbamoyl.p.hydroxy.D.phenylglycine",FALSE,NA,"N-carbamoyl-p-hydroxy-D-phenylglycine (conf: 5)"
"N-carbamoyl-p-hydroxy-D-phenylglycine",7,256.0696097,5.378587523,"C9H10N2O4",3,"N.carbamoyl.p.hydroxy.D.phenylglycine.1",FALSE,NA,"N-carbamoyl-p-hydroxy-D-phenylglycine (conf: 7)"
"N-Carbamoylputrescine",8,131.105773,15.86163827,"C5H13N3O",1,"N.Carbamoylputrescine",FALSE,NA,"N-Carbamoylputrescine (conf: 8)"
"N-Carbamoylsarcosine",6,132.0534214,11.39854244,"C4H8N2O3",6,"N.Carbamoylsarcosine",FALSE,NA,"N-Carbamoylsarcosine (conf: 6)"
"N-Carboxyethyl-g-aminobutyric acid",5,175.0844182,6.964839271,"C7H13NO4",6,"N.Carboxyethyl.g.aminobutyric.acid",FALSE,NA,"N-Carboxyethyl-g-aminobutyric acid (conf: 5)"
"N-D-Glucosylarylamine",5,255.1107325,4.435283325,"C12H17NO5",1,"N.D.Glucosylarylamine",FALSE,NA,"N-D-Glucosylarylamine (conf: 5)"
"N-D-Glucosylarylamine",5,255.1107396,7.625893525,"C12H17NO5",1,"N.D.Glucosylarylamine.1",FALSE,NA,"N-D-Glucosylarylamine (conf: 5)"
"N-D-Glucosylarylamine",5,255.110785,7.177387082,"C12H17NO5",1,"N.D.Glucosylarylamine.2",FALSE,NA,"N-D-Glucosylarylamine (conf: 5)"
"N-D-Glucosylarylamine",7,272.1372486,5.241081205,"C12H17NO5",1,"N.D.Glucosylarylamine.3",FALSE,NA,"N-D-Glucosylarylamine (conf: 7)"
"N-debutylhalofantrine",7,443.1034267,10.7054939,"C22H22Cl2F3NO",1,"N.debutylhalofantrine",FALSE,NA,"N-debutylhalofantrine (conf: 7)"
"N-Decanoylglycine",7,229.1677412,2.61545429,"C12H23NO3",1,"N.Decanoylglycine",FALSE,NA,"N-Decanoylglycine (conf: 7)"
"N-Desalkyl flurazepam",5,288.0463547,17.99547694,"C15H10ClFN2O",1,"N.Desalkyl.flurazepam",FALSE,NA,"N-Desalkyl flurazepam (conf: 5)"
"N-desmethyl-gliotoxin",5,312.0240233,10.3773615,"C12H12N2O4S2",1,"N.desmethyl.gliotoxin",FALSE,NA,"N-desmethyl-gliotoxin (conf: 5)"
"N-Desmethylaminopyrine",5,217.1214851,25.522887,"C12H15N3O",1,"N.Desmethylaminopyrine",FALSE,NA,"N-Desmethylaminopyrine (conf: 5)"
"N-Desmethylpromazine",5,270.1191303,9.46944494,"C16H18N2S",2,"N.Desmethylpromazine",FALSE,NA,"N-Desmethylpromazine (conf: 5)"
"N-desmethylrosiglitazone",5,343.0991752,10.18553226,"C17H17N3O3S",1,"N.desmethylrosiglitazone",FALSE,NA,"N-desmethylrosiglitazone (conf: 5)"
"N-Desmethylzopiclone",5,374.0886938,11.30079433,"C16H15ClN6O3",1,"N.Desmethylzopiclone",FALSE,NA,"N-Desmethylzopiclone (conf: 5)"
"N-ethyl-5'-carboxamidoadenosine",5,308.1236785,5.015180496,"C12H16N6O4",1,"N.ethyl.5..carboxamidoadenosine",FALSE,NA,"N-ethyl-5'-carboxamidoadenosine (conf: 5)"
"N-Ethylglycocyamine",7,207.1105742,11.35623808,"C8H17NO5",3,"N.Ethylglycocyamine",FALSE,NA,"N-Ethylglycocyamine (conf: 7)"
"N-Ethylmaleimide",5,125.0476843,5.873041395,"C6H7NO2",6,"N.Ethylmaleimide",FALSE,NA,"N-Ethylmaleimide (conf: 5)"
"N-ethylsuccinimide-mercapturic acid",5,288.0780114,8.041217578,"C11H16N2O5S",1,"N.ethylsuccinimide.mercapturic.acid",FALSE,NA,"N-ethylsuccinimide-mercapturic acid (conf: 5)"
"N-Formimino-L-glutamate",8,174.0640438,7.227962748,"C6H10N2O4",4,"N.Formimino.L.glutamate",FALSE,NA,"N-Formimino-L-glutamate (conf: 8)"
"N-Formimino-L-glutamate",8,174.0640725,10.17691605,"C6H10N2O4",4,"N.Formimino.L.glutamate.1",FALSE,NA,"N-Formimino-L-glutamate (conf: 8)"
"N-Formiminoglycine",6,102.0428563,7.592097684,"C3H6N2O2",4,"N.Formiminoglycine",FALSE,NA,"N-Formiminoglycine (conf: 6)"
"N-Formyl-L-aspartate",8,161.0324175,11.22507535,"C5H7NO5",2,"N.Formyl.L.aspartate",FALSE,NA,"N-Formyl-L-aspartate (conf: 8)"
"N-Formyl-L-glutamic acid",6,175.048036,13.04382793,"C6H9NO5",4,"N.Formyl.L.glutamic.acid",FALSE,NA,"N-Formyl-L-glutamic acid (conf: 6)"
"N-Formyl-L-glutamic acid",6,175.0480695,6.033211296,"C6H9NO5",4,"N.Formyl.L.glutamic.acid.1",FALSE,NA,"N-Formyl-L-glutamic acid (conf: 6)"
"N-Formyl-L-glutamic acid",8,175.0480745,8.345773119,"C6H9NO5",4,"N.Formyl.L.glutamic.acid.2",FALSE,NA,"N-Formyl-L-glutamic acid (conf: 8)"
"N-formylmaleamate",5,143.0218665,5.075431184,"C5H5NO4",1,"N.formylmaleamate",FALSE,NA,"N-formylmaleamate (conf: 5)"
"N-formylmaleamate",5,143.0218781,9.313725199,"C5H5NO4",1,"N.formylmaleamate.1",FALSE,NA,"N-formylmaleamate (conf: 5)"
"N-gamma-Glutamyl-S-propylcysteine",5,292.1094404,7.152533264,"C11H20N2O5S",1,"N.gamma.Glutamyl.S.propylcysteine",FALSE,NA,"N-gamma-Glutamyl-S-propylcysteine (conf: 5)"
"N-gamma-L-Glutamyl-D-alanine",5,218.0902639,10.01846771,"C8H14N2O5",5,"N.gamma.L.Glutamyl.D.alanine",FALSE,NA,"N-gamma-L-Glutamyl-D-alanine (conf: 5)"
"N-Gluconyl ethanolamine",5,239.1006493,12.45788855,"C8H17NO7",1,"N.Gluconyl.ethanolamine",FALSE,NA,"N-Gluconyl ethanolamine (conf: 5)"
"N-Gluconyl ethanolamine",7,239.1007486,8.433994267,"C8H17NO7",1,"N.Gluconyl.ethanolamine.1",FALSE,NA,"N-Gluconyl ethanolamine (conf: 7)"
"N-Gluconyl ethanolamine phosphate",5,319.0670842,8.847870531,"C8H18NO10P",1,"N.Gluconyl.ethanolamine.phosphate",FALSE,NA,"N-Gluconyl ethanolamine phosphate (conf: 5)"
"N-Glycolyl-D-mannosamine 6-phosphate",5,317.0513233,11.39998548,"C8H16NO10P",1,"N.Glycolyl.D.mannosamine.6.phosphate",FALSE,NA,"N-Glycolyl-D-mannosamine 6-phosphate (conf: 5)"
"N-Glycolyl-D-mannosaminolactone",5,235.0691204,10.83907814,"C8H13NO7",3,"N.Glycolyl.D.mannosaminolactone",FALSE,NA,"N-Glycolyl-D-mannosaminolactone (conf: 5)"
"N-Glycolylneuraminic acid",8,325.1010092,10.00904422,"C11H19NO10",1,"N.Glycolylneuraminic.acid",FALSE,NA,"N-Glycolylneuraminic acid (conf: 8)"
"N-Heptanoylglycine",5,187.1208318,2.934028502,"C9H17NO3",3,"N.Heptanoylglycine",FALSE,NA,"N-Heptanoylglycine (conf: 5)"
"N-Heptanoylhomoserine lactone",5,213.1364652,3.004286538,"C11H19NO3",8,"N.Heptanoylhomoserine.lactone",FALSE,NA,"N-Heptanoylhomoserine lactone (conf: 5)"
"N-Hexadecanoylpyrrolidine",5,309.3032611,2.316769885,"C20H39NO",1,"N.Hexadecanoylpyrrolidine",FALSE,NA,"N-Hexadecanoylpyrrolidine (conf: 5)"
"N-hexanoyl-D,L-homoserine lactone",7,199.1208327,2.827766665,"C10H17NO3",10,"N.hexanoyl.D_L.homoserine.lactone",FALSE,NA,"N-hexanoyl-D,L-homoserine lactone (conf: 7)"
"N-Hydroxy-2-acetamidofluorene",5,239.0946754,5.131865635,"C15H13NO2",5,"N.Hydroxy.2.acetamidofluorene",FALSE,NA,"N-Hydroxy-2-acetamidofluorene (conf: 5)"
"N-hydroxy-4-aminobiphenyl",5,185.0840457,4.454432818,"C12H11NO",3,"N.hydroxy.4.aminobiphenyl",FALSE,NA,"N-hydroxy-4-aminobiphenyl (conf: 5)"
"N-hydroxy-L-dihomomethionine",5,193.0772174,9.279831687,"C7H15NO3S",1,"N.hydroxy.L.dihomomethionine.2",FALSE,NA,"N-hydroxy-L-dihomomethionine (conf: 5)"
"N-hydroxy-L-dihomomethionine",5,193.0772418,11.72205059,"C7H15NO3S",1,"N.hydroxy.L.dihomomethionine.4",FALSE,NA,"N-hydroxy-L-dihomomethionine (conf: 5)"
"N-hydroxy-L-dihomomethionine",7,193.0771398,10.49914623,"C7H15NO3S",1,"N.hydroxy.L.dihomomethionine",FALSE,NA,"N-hydroxy-L-dihomomethionine (conf: 7)"
"N-hydroxy-L-dihomomethionine",7,193.0772022,6.122194663,"C7H15NO3S",1,"N.hydroxy.L.dihomomethionine.1",FALSE,NA,"N-hydroxy-L-dihomomethionine (conf: 7)"
"N-hydroxy-L-dihomomethionine",7,193.077233,4.959229533,"C7H15NO3S",1,"N.hydroxy.L.dihomomethionine.3",FALSE,NA,"N-hydroxy-L-dihomomethionine (conf: 7)"
"N-hydroxy-L-dihomomethionine",7,215.0590743,20.18340868,"C7H15NO3S",1,"N.hydroxy.L.dihomomethionine.5",FALSE,NA,"N-hydroxy-L-dihomomethionine (conf: 7)"
"N-Hydroxy-L-tyrosine",8,197.0689411,4.075366121,"C9H11NO4",4,"N.Hydroxy.L.tyrosine",FALSE,NA,"N-Hydroxy-L-tyrosine (conf: 8)"
"N-hydroxy-N-acetylcadaverine",5,160.1211798,12.58474887,"C7H16N2O2",6,"N.hydroxy.N.acetylcadaverine",FALSE,NA,"N-hydroxy-N-acetylcadaverine (conf: 5)"
"N-hydroxy-N-succinyl-putrescine",5,204.1108746,7.565310353,"C8H16N2O4",12,"N.hydroxy.N.succinyl.putrescine",FALSE,NA,"N-hydroxy-N-succinyl-putrescine (conf: 5)"
"N-hydroxy-N-succinyl-putrescine",5,204.1110577,5.903542243,"C8H16N2O4",12,"N.hydroxy.N.succinyl.putrescine.1",FALSE,NA,"N-hydroxy-N-succinyl-putrescine (conf: 5)"
"N-hydroxy-N-succinylcadaverine",5,218.1267375,7.423248273,"C9H18N2O4",11,"N.hydroxy.N.succinylcadaverine",FALSE,NA,"N-hydroxy-N-succinylcadaverine (conf: 5)"
"N-hydroxy-N-succinylcadaverine",5,218.1267978,5.018692525,"C9H18N2O4",11,"N.hydroxy.N.succinylcadaverine.1",FALSE,NA,"N-hydroxy-N-succinylcadaverine (conf: 5)"
"N-Hydroxyarylamine",2.5,109.0527312,2.981913971,"C6H7NO",10,"N.Hydroxyarylamine",FALSE,NA,"N-Hydroxyarylamine (conf: 2.5)"
"N-hydroxyhistamine",5,127.0744846,5.14815915,"C5H9N3O",1,"N.hydroxyhistamine",FALSE,NA,"N-hydroxyhistamine (conf: 5)"
"N-hydroxyisoleucine",5,147.0895303,4.597465039,"C6H13NO3",7,"N.hydroxyisoleucine.1",FALSE,NA,"N-hydroxyisoleucine (conf: 5)"
"N-hydroxyisoleucine",5,147.0895583,5.218417797,"C6H13NO3",7,"N.hydroxyisoleucine.2",FALSE,NA,"N-hydroxyisoleucine (conf: 5)"
"N-hydroxyisoleucine",7,147.0895244,6.492811814,"C6H13NO3",7,"N.hydroxyisoleucine",FALSE,NA,"N-hydroxyisoleucine (conf: 7)"
"N-hydroxyl-tryptamine",7,176.0950242,3.321152677,"C10H12N2O",7,"N.hydroxyl.tryptamine",FALSE,NA,"N-hydroxyl-tryptamine (conf: 7)"
"N-Isobutyl-2,4,8-decatrienamide",5,221.1780632,2.794052706,"C14H23NO",3,"N.Isobutyl.2_4_8.decatrienamide",FALSE,NA,"N-Isobutyl-2,4,8-decatrienamide (conf: 5)"
"N-lactoyl-Methionine",7,221.0721888,10.35000477,"C8H15NO4S",1,"N.lactoyl.Methionine",FALSE,NA,"N-lactoyl-Methionine (conf: 7)"
"N-lactoyl-Methionine",7,221.0722046,4.87062762,"C8H15NO4S",1,"N.lactoyl.Methionine.1",FALSE,NA,"N-lactoyl-Methionine (conf: 7)"
"N-lactoyl-Tryptophan",7,276.1110589,5.414659171,"C14H16N2O4",1,"N.lactoyl.Tryptophan",FALSE,NA,"N-lactoyl-Tryptophan (conf: 7)"
"N-Lactoyl ethanolamine phosphate",5,213.0400196,4.599235587,"C5H12NO6P",2,"N.Lactoyl.ethanolamine.phosphate",FALSE,NA,"N-Lactoyl ethanolamine phosphate (conf: 5)"
"N-Lactoyl ethanolamine phosphate",5,213.040211,13.42089095,"C5H12NO6P",2,"N.Lactoyl.ethanolamine.phosphate.1",FALSE,NA,"N-Lactoyl ethanolamine phosphate (conf: 5)"
"N-Lactoyl ethanolamine phosphate",5,213.0402386,12.0915454,"C5H12NO6P",2,"N.Lactoyl.ethanolamine.phosphate.2",FALSE,NA,"N-Lactoyl ethanolamine phosphate (conf: 5)"
"N-linoleoyl taurine",5,387.2441421,2.340350009,"C20H37NO4S",1,"N.linoleoyl.taurine",FALSE,NA,"N-linoleoyl taurine (conf: 5)"
"N-Malonyltryptophan",7,290.0904318,9.095996263,"C14H14N2O5",2,"N.Malonyltryptophan",FALSE,NA,"N-Malonyltryptophan (conf: 7)"
"N-Methoxy-1-vinyl-beta-carboline",5,224.0949504,26.36979049,"C14H12N2O",1,"N.Methoxy.1.vinyl.beta.carboline",FALSE,NA,"N-Methoxy-1-vinyl-beta-carboline (conf: 5)"
"N-Methyl-2-oxoglutaramate",5,159.0531606,4.787068833,"C6H9NO4",5,"N.Methyl.2.oxoglutaramate",FALSE,NA,"N-Methyl-2-oxoglutaramate (conf: 5)"
"N-Methyl-4-aminobenzoate",5,151.0633236,7.203746213,"C8H9NO2",19,"N.Methyl.4.aminobenzoate",FALSE,NA,"N-Methyl-4-aminobenzoate (conf: 5)"
"N-methyl-L-glutamic Acid",6,161.0687836,11.77279853,"C6H11NO4",12,"N.methyl.L.glutamic.Acid",FALSE,NA,"N-methyl-L-glutamic Acid (conf: 6)"
"N-methyl-L-glutamic Acid",8,161.0688547,8.736052171,"C6H11NO4",12,"N.methyl.L.glutamic.Acid.1",FALSE,NA,"N-methyl-L-glutamic Acid (conf: 8)"
"N-Methylethanolaminium phosphate",6,155.0347641,10.39797823,"C3H10NO4P",2,"N.Methylethanolaminium.phosphate",FALSE,NA,"N-Methylethanolaminium phosphate (conf: 6)"
"N-Methylmescaline",7,225.1365192,3.031679551,"C12H19NO3",4,"N.Methylmescaline",FALSE,NA,"N-Methylmescaline (conf: 7)"
"N-Methyltryptamine",6,174.115661,6.438672072,"C11H14N2",3,"N.Methyltryptamine",FALSE,NA,"N-Methyltryptamine (conf: 6)"
"N-methylvaline",7,131.0945723,10.37873643,"C6H13NO2",14,"N.methylvaline",FALSE,NA,"N-methylvaline (conf: 7)"
"N-monoacetylchitobiose",5,382.1584448,9.525794334,"C14H26N2O10",2,"N.monoacetylchitobiose",FALSE,NA,"N-monoacetylchitobiose (conf: 5)"
"N-Nitrosoproline",5,144.0534127,12.80149192,"C5H8N2O3",4,"N.Nitrosoproline",FALSE,NA,"N-Nitrosoproline (conf: 5)"
"N-Nitrosoproline",5,144.0534461,7.592735641,"C5H8N2O3",4,"N.Nitrosoproline.1",FALSE,NA,"N-Nitrosoproline (conf: 5)"
"N-Nitrosoproline",5,144.0534628,10.01383395,"C5H8N2O3",4,"N.Nitrosoproline.2",FALSE,NA,"N-Nitrosoproline (conf: 5)"
"N-Nitrosoproline",5,144.0534966,10.76193279,"C5H8N2O3",4,"N.Nitrosoproline.3",FALSE,NA,"N-Nitrosoproline (conf: 5)"
"N-Nonanoylglycine",5,215.1521541,2.773660229,"C11H21NO3",1,"N.Nonanoylglycine",FALSE,NA,"N-Nonanoylglycine (conf: 5)"
"N-oleoyl proline",5,379.3088489,5.639223171,"C23H41NO3",3,"N.oleoyl.proline",FALSE,NA,"N-oleoyl proline (conf: 5)"
"N-Oleoyl tyrosine",5,445.319424,2.792287642,"C27H43NO4",2,"N.Oleoyl.tyrosine",FALSE,NA,"N-Oleoyl tyrosine (conf: 5)"
"N-Oleoylethanolamine",7,325.298242,2.635440826,"C20H39NO2",1,"N.Oleoylethanolamine",FALSE,NA,"N-Oleoylethanolamine (conf: 7)"
"N-palmitoyl threonine",5,357.2880574,2.968390319,"C20H39NO4",1,"N.palmitoyl.threonine.1",FALSE,NA,"N-palmitoyl threonine (conf: 5)"
"N-palmitoyl threonine",7,357.2880052,4.429739232,"C20H39NO4",1,"N.palmitoyl.threonine",FALSE,NA,"N-palmitoyl threonine (conf: 7)"
"N-palmitoyltaurine",5,363.2440843,2.340320684,"C18H37NO4S",1,"N.palmitoyltaurine",FALSE,NA,"N-palmitoyltaurine (conf: 5)"
"n-phenyltaurine",7,201.045978,3.806263216,"C8H11NO3S",1,"n.phenyltaurine",FALSE,NA,"n-phenyltaurine (conf: 7)"
"N-Propanoylimidazole",7,124.0636412,4.519902678,"C6H8N2O",5,"N.Propanoylimidazole",FALSE,NA,"N-Propanoylimidazole (conf: 7)"
"N-Propionylmethionine",7,205.0770951,5.118362076,"C8H15NO3S",1,"N.Propionylmethionine",FALSE,NA,"N-Propionylmethionine (conf: 7)"
"N-Pyruvoyl-5-methoxy-3-hydroxyanthranilate",5,253.0586625,8.657147252,"C11H11NO6",2,"N.Pyruvoyl.5.methoxy.3.hydroxyanthranilate",FALSE,NA,"N-Pyruvoyl-5-methoxy-3-hydroxyanthranilate (conf: 5)"
"N-Ribosylhistidine",5,287.1118946,9.577129987,"C11H17N3O6",2,"N.Ribosylhistidine.1",FALSE,NA,"N-Ribosylhistidine (conf: 5)"
"N-Ribosylhistidine",7,287.1118199,10.65011379,"C11H17N3O6",2,"N.Ribosylhistidine",FALSE,NA,"N-Ribosylhistidine (conf: 7)"
"N-Stearoyl tyrosine",5,447.3350314,2.786464519,"C27H45NO4",2,"N.Stearoyl.tyrosine",FALSE,NA,"N-Stearoyl tyrosine (conf: 5)"
"N-Stearoyl tyrosine",5,447.335068,4.405252864,"C27H45NO4",2,"N.Stearoyl.tyrosine.1",FALSE,NA,"N-Stearoyl tyrosine (conf: 5)"
"N-Succinyl-2-amino-6-ketopimelate",6,289.0797594,11.05317617,"C11H15NO8",1,"N.Succinyl.2.amino.6.ketopimelate.1",FALSE,NA,"N-Succinyl-2-amino-6-ketopimelate (conf: 6)"
"N-Succinyl-2-amino-6-ketopimelate",8,289.0797574,9.993557163,"C11H15NO8",1,"N.Succinyl.2.amino.6.ketopimelate",FALSE,NA,"N-Succinyl-2-amino-6-ketopimelate (conf: 8)"
"N-succinyl-L-citrulline",5,275.1118149,8.939984026,"C10H17N3O6",10,"N.succinyl.L.citrulline",FALSE,NA,"N-succinyl-L-citrulline (conf: 5)"
"N-Succinyl-L-glutamate",8,247.0693648,11.48356267,"C9H13NO7",1,"N.Succinyl.L.glutamate",FALSE,NA,"N-Succinyl-L-glutamate (conf: 8)"
"N-Succinyl-L,L-2,6-diaminopimelate",6,290.1114521,12.59354651,"C11H18N2O7",1,"N.Succinyl.L_L.2_6.diaminopimelate",FALSE,NA,"N-Succinyl-L,L-2,6-diaminopimelate (conf: 6)"
"N-Undecanoylglycine",5,243.1834338,2.884784411,"C13H25NO3",1,"N.Undecanoylglycine",FALSE,NA,"N-Undecanoylglycine (conf: 5)"
"N-Undecylbenzenesulfonic acid",5,312.1759657,2.310081178,"C17H28O3S",1,"N.Undecylbenzenesulfonic.acid",FALSE,NA,"N-Undecylbenzenesulfonic acid (conf: 5)"
"N-Undecylbenzenesulfonic acid",5,312.176037,11.72905592,"C17H28O3S",1,"N.Undecylbenzenesulfonic.acid.2",FALSE,NA,"N-Undecylbenzenesulfonic acid (conf: 5)"
"N-Undecylbenzenesulfonic acid",5,312.1760491,9.286058061,"C17H28O3S",1,"N.Undecylbenzenesulfonic.acid.3",FALSE,NA,"N-Undecylbenzenesulfonic acid (conf: 5)"
"N-Undecylbenzenesulfonic acid",7,312.1760272,10.30639573,"C17H28O3S",1,"N.Undecylbenzenesulfonic.acid.1",FALSE,NA,"N-Undecylbenzenesulfonic acid (conf: 7)"
"N-vanillate-L-glutamate",7,297.0847728,8.44454531,"C13H15NO7",2,"N.vanillate.L.glutamate",FALSE,NA,"N-vanillate-L-glutamate (conf: 7)"
"N(6)-(Octanoyl)lysine",7,318.2155011,7.753962655,"C14H28N2O3",1,"N.6...Octanoyl.lysine",FALSE,NA,"N(6)-(Octanoyl)lysine (conf: 7)"
"N(6)-Methyllysine",8,160.1211566,16.97472377,"C7H16N2O2",6,"N.6..Methyllysine",TRUE,"","N(6)-Methyllysine (conf: 8)"
"N(alpha)-Benzyloxycarbonyl-L-leucine",5,265.1314747,2.885492493,"C14H19NO4",4,"N.alpha..Benzyloxycarbonyl.L.leucine",FALSE,NA,"N(alpha)-Benzyloxycarbonyl-L-leucine (conf: 5)"
"N(alpha)-gamma-L-Glutamylhistamine",5,240.122383,8.317908644,"C10H16N4O3",4,"N.alpha..gamma.L.Glutamylhistamine",FALSE,NA,"N(alpha)-gamma-L-Glutamylhistamine (conf: 5)"
"N(alpha)-t-Butoxycarbonyl-L-leucine",7,231.1469598,5.204215052,"C11H21NO4",3,"N.alpha..t.Butoxycarbonyl.L.leucine",FALSE,NA,"N(alpha)-t-Butoxycarbonyl-L-leucine (conf: 7)"
"N, N-dihydroxy-tetrahomomethionine",5,237.1035437,11.66379093,"C9H19NO4S",1,"N_.N.dihydroxy.tetrahomomethionine.1",FALSE,NA,"N, N-dihydroxy-tetrahomomethionine (conf: 5)"
"N, N-dihydroxy-tetrahomomethionine",5,237.1035986,9.296110781,"C9H19NO4S",1,"N_.N.dihydroxy.tetrahomomethionine.2",FALSE,NA,"N, N-dihydroxy-tetrahomomethionine (conf: 5)"
"N, N-dihydroxy-tetrahomomethionine",7,237.1035373,2.442004846,"C9H19NO4S",1,"N_.N.dihydroxy.tetrahomomethionine",FALSE,NA,"N, N-dihydroxy-tetrahomomethionine (conf: 7)"
"N, N-dihydroxytrihomomethionine",7,223.0878154,2.813626967,"C8H17NO4S",1,"N_.N.dihydroxytrihomomethionine",FALSE,NA,"N, N-dihydroxytrihomomethionine (conf: 7)"
"N, N-dihydroxytrihomomethionine",7,269.0933824,11.30474482,"C8H17NO4S",1,"N_.N.dihydroxytrihomomethionine.1",FALSE,NA,"N, N-dihydroxytrihomomethionine (conf: 7)"
"N,6-O-Disulfo-D-glucosamine",7,356.0198733,10.16189779,"C6H13NO11S2",3,"N_6.O.Disulfo.D.glucosamine",FALSE,NA,"N,6-O-Disulfo-D-glucosamine (conf: 7)"
"N,N'-Bis(gamma-glutamyl)cystine",6,498.1085912,4.179736268,"C16H26N4O10S2",1,"N_N..Bis.gamma.glutamyl.cystine",FALSE,NA,"N,N'-Bis(gamma-glutamyl)cystine (conf: 6)"
"N,N'-Bis(gamma-glutamyl)cystine",8,498.1093879,11.60235,"C16H26N4O10S2",1,"N_N..Bis.gamma.glutamyl.cystine.1",FALSE,NA,"N,N'-Bis(gamma-glutamyl)cystine (conf: 8)"
"N,N'-Bis(gamma-glutamyl)cystine",8,498.1094042,13.93300004,"C16H26N4O10S2",1,"N_N..Bis.gamma.glutamyl.cystine.2",FALSE,NA,"N,N'-Bis(gamma-glutamyl)cystine (conf: 8)"
"N,N'-diacetyl-thiochitobiose",7,440.1462538,5.318432711,"C16H28N2O10S",1,"N_N..diacetyl.thiochitobiose",FALSE,NA,"N,N'-diacetyl-thiochitobiose (conf: 7)"
"N,N'-diacetylchitobiose",6,424.168552,11.55144022,"C16H28N2O11",1,"N_N..diacetylchitobiose",FALSE,NA,"N,N'-diacetylchitobiose (conf: 6)"
"N,N-Dihydroxy-L-tyrosine",8,259.0691383,9.319032687,"C9H11NO5",3,"N_N.Dihydroxy.L.tyrosine",FALSE,NA,"N,N-Dihydroxy-L-tyrosine (conf: 8)"
"N1-(2-Methoxy-4-methylbenzyl)-n2-(2-(5-methylpyridin-2-yl)ethyl)oxalamide",5,341.1740698,25.30954308,"C19H23N3O3",1,"N1..2.Methoxy.4.methylbenzyl..n2..2..5.methylpyridin.2.yl.ethyl.oxalamide",FALSE,NA,"N1-(2-Methoxy-4-methylbenzyl)-n2-(2-(5-methylpyridin-2-yl)ethyl)oxalamide (conf: 5)"
"N1-(2-Methoxy-4-methylbenzyl)-n2-(2-(5-methylpyridin-2-yl)ethyl)oxalamide",7,377.1507615,5.041850571,"C19H23N3O3",1,"N1..2.Methoxy.4.methylbenzyl..n2..2..5.methylpyridin.2.yl.ethyl.oxalamide.1",FALSE,NA,"N1-(2-Methoxy-4-methylbenzyl)-n2-(2-(5-methylpyridin-2-yl)ethyl)oxalamide (conf: 7)"
"N1-(alpha-D-ribosyl)-5,6-dimethyl-benzimidazole",6,278.1267425,4.495061304,"C14H18N2O4",4,"N1..alpha.D.ribosyl..5_6.dimethyl.benzimidazole",FALSE,NA,"N1-(alpha-D-ribosyl)-5,6-dimethyl-benzimidazole (conf: 6)"
"N1-Acetylspermidine",7,187.16842,19.54224453,"C9H21N3O",2,"N1.Acetylspermidine",FALSE,NA,"N1-Acetylspermidine (conf: 7)"
"N1-Methyl-2-pyridone-5-carboxamide",7,152.0585856,4.484324236,"C7H8N2O2",4,"N1.Methyl.2.pyridone.5.carboxamide",FALSE,NA,"N1-Methyl-2-pyridone-5-carboxamide (conf: 7)"
"N1,N8-Diacetylspermidine",7,229.1788933,11.83314135,"C11H23N3O2",1,"N1_N8.Diacetylspermidine",FALSE,NA,"N1,N8-Diacetylspermidine (conf: 7)"
"N1,N8-Diacetylspermidine",7,229.179072,10.57837126,"C11H23N3O2",1,"N1_N8.Diacetylspermidine.1",FALSE,NA,"N1,N8-Diacetylspermidine (conf: 7)"
"N2-(D-1-Carboxyethyl)-L-arginine",6,246.132794,12.3051982,"C9H18N4O4",2,"N2..D.1.Carboxyethyl..L.arginine",FALSE,NA,"N2-(D-1-Carboxyethyl)-L-arginine (conf: 6)"
"N2-(D-1-Carboxyethyl)-L-arginine",6,246.1328784,12.85620763,"C9H18N4O4",2,"N2..D.1.Carboxyethyl..L.arginine.1",FALSE,NA,"N2-(D-1-Carboxyethyl)-L-arginine (conf: 6)"
"N2-Acetyl-L-aminoadipate semialdehyde",6,187.0844962,10.16525482,"C8H13NO4",6,"N2.Acetyl.L.aminoadipate.semialdehyde",FALSE,NA,"N2-Acetyl-L-aminoadipate semialdehyde (conf: 6)"
"N2-Acetyl-L-aminoadipate semialdehyde",8,187.0845178,9.776930614,"C8H13NO4",6,"N2.Acetyl.L.aminoadipate.semialdehyde.1",FALSE,NA,"N2-Acetyl-L-aminoadipate semialdehyde (conf: 8)"
"N2-Fructopyranosylarginine",7,336.1645545,12.47012754,"C12H24N4O7",1,"N2.Fructopyranosylarginine",FALSE,NA,"N2-Fructopyranosylarginine (conf: 7)"
"N2-gamma-Glutamylglutamine",7,275.111715,10.85394547,"C10H17N3O6",10,"N2.gamma.Glutamylglutamine",FALSE,NA,"N2-gamma-Glutamylglutamine (conf: 7)"
"N2-Succinoylarginine",6,274.1277346,9.235778247,"C10H18N4O5",8,"N2.Succinoylarginine.1",FALSE,NA,"N2-Succinoylarginine (conf: 6)"
"N2-Succinoylarginine",8,274.1276495,8.741100022,"C10H18N4O5",8,"N2.Succinoylarginine",FALSE,NA,"N2-Succinoylarginine (conf: 8)"
"N2-Succinyl-L-glutamic acid 5-semialdehyde",6,231.074378,11.742142,"C9H13NO6",2,"N2.Succinyl.L.glutamic.acid.5.semialdehyde",FALSE,NA,"N2-Succinyl-L-glutamic acid 5-semialdehyde (conf: 6)"
"N2-Succinyl-L-ornithine",8,232.1059244,9.485111491,"C9H16N2O5",8,"N2.Succinyl.L.ornithine",FALSE,NA,"N2-Succinyl-L-ornithine (conf: 8)"
"N2,N2-Dimethylguanosine",5,311.1230589,5.14045347,"C12H17N5O5",2,"N2_N2.Dimethylguanosine",FALSE,NA,"N2,N2-Dimethylguanosine (conf: 5)"
"N3-(4-methoxyfumaroyl)-L-2,3-diaminopropanoate",5,216.0746374,6.128540232,"C8H12N2O5",1,"N3..4.methoxyfumaroyl..L.2_3.diaminopropanoate",FALSE,NA,"N3-(4-methoxyfumaroyl)-L-2,3-diaminopropanoate (conf: 5)"
"N3-fumaramoyl-L-2,3-diaminopropanoate",5,202.0589716,11.36482586,"C7H10N2O5",2,"N3.fumaramoyl.L.2_3.diaminopropanoate",FALSE,NA,"N3-fumaramoyl-L-2,3-diaminopropanoate (conf: 5)"
"N3-hydroxyethylcytosine",7,155.0694722,10.63610541,"C6H9N3O2",4,"N3.hydroxyethylcytosine",FALSE,NA,"N3-hydroxyethylcytosine (conf: 7)"
"N3-methylcytosine",5,125.0588483,8.691507007,"C5H7N3O",4,"N3.methylcytosine",FALSE,NA,"N3-methylcytosine (conf: 5)"
"N4-acetyl-N4-hydroxy-1-aminopropane",5,132.0898419,10.90167686,"C5H12N2O2",4,"N4.acetyl.N4.hydroxy.1.aminopropane",FALSE,NA,"N4-acetyl-N4-hydroxy-1-aminopropane (conf: 5)"
"N4-acetyl-N4-hydroxy-1-aminopropane",5,132.089878,6.867464351,"C5H12N2O2",4,"N4.acetyl.N4.hydroxy.1.aminopropane.1",FALSE,NA,"N4-acetyl-N4-hydroxy-1-aminopropane (conf: 5)"
"N4-Acetylaminobutanal",8,129.0789092,4.540723099,"C6H11NO2",12,"N4.Acetylaminobutanal",FALSE,NA,"N4-Acetylaminobutanal (conf: 8)"
"N4-Acetylcytidine",5,285.0961668,4.926374729,"C11H15N3O6",1,"N4.Acetylcytidine",FALSE,NA,"N4-Acetylcytidine (conf: 5)"
"N4-Acetylcytidine",5,285.0962359,10.15072071,"C11H15N3O6",1,"N4.Acetylcytidine.1",FALSE,NA,"N4-Acetylcytidine (conf: 5)"
"N5-(cytidine 5'-diphosphoramidyl)-L-glutamine",5,531.0766466,10.16602678,"C14H23N5O13P2",1,"N5..cytidine.5..diphosphoramidyl..L.glutamine",FALSE,NA,"N5-(cytidine 5'-diphosphoramidyl)-L-glutamine (conf: 5)"
"N5-(L-1-Carboxyethyl)-L-ornithine",7,204.1109799,13.05178566,"C8H16N2O4",12,"N5..L.1.Carboxyethyl..L.ornithine",FALSE,NA,"N5-(L-1-Carboxyethyl)-L-ornithine (conf: 7)"
"N5-acetyl-N5-hydroxy-L-ornithine",5,190.0952948,6.539940792,"C7H14N2O4",7,"N5.acetyl.N5.hydroxy.L.ornithine",FALSE,NA,"N5-acetyl-N5-hydroxy-L-ornithine (conf: 5)"
"N5-acetyl-N5-hydroxy-L-ornithine",5,190.0953467,9.451429871,"C7H14N2O4",7,"N5.acetyl.N5.hydroxy.L.ornithine.1",FALSE,NA,"N5-acetyl-N5-hydroxy-L-ornithine (conf: 5)"
"N5-formyl-N5-hydroxy-L-ornithine",7,198.0616414,7.354865502,"C6H12N2O4",6,"N5.formyl.N5.hydroxy.L.ornithine",FALSE,NA,"N5-formyl-N5-hydroxy-L-ornithine (conf: 7)"
"N6-(delta2-Isopentenyl)-adenosine 5'-monophosphate",7,415.1261753,7.561061535,"C15H22N5O7P",1,"N6..delta2.Isopentenyl..adenosine.5..monophosphate",FALSE,NA,"N6-(delta2-Isopentenyl)-adenosine 5'-monophosphate (conf: 7)"
"N6-Acetyl-L-lysine",10,188.1161174,8.330531754,"C8H16N2O3",10,"N6.Acetyl.L.lysine",TRUE,"","N6-Acetyl-L-lysine (conf: 10)"
"N6-Acetyl-LL-2,6-diaminoheptanedioate",6,232.1059636,9.967619517,"C9H16N2O5",8,"N6.Acetyl.LL.2_6.diaminoheptanedioate",FALSE,NA,"N6-Acetyl-LL-2,6-diaminoheptanedioate (conf: 6)"
"N6-Acetyl-N6-hydroxy-L-lysine",8,204.1110334,9.478301195,"C8H16N2O4",12,"N6.Acetyl.N6.hydroxy.L.lysine",FALSE,NA,"N6-Acetyl-N6-hydroxy-L-lysine (conf: 8)"
"N6,N6,N6-Trimethyl-L-lysine",10,188.15246,16.03041352,"C9H20N2O2",2,"N6_N6_N6.Trimethyl.L.lysine",TRUE,"","N6,N6,N6-Trimethyl-L-lysine (conf: 10)"
"N6022",5,414.1692827,18.5008392,"C24H22N4O3",1,"N6022",FALSE,NA,"N6022 (conf: 5)"
"NAD",10,663.1097002,9.929751657,"C21H27N7O14P2",2,"NAD",TRUE,"","NAD (conf: 10)"
"NAD stem group",7,543.0772987,8.778880959,"C15H23N5O13P2",1,"NAD.stem.group",FALSE,NA,"NAD stem group (conf: 7)"
"NADH",10,665.1253711,9.39051433,"C21H29N7O14P2",3,"NADH",TRUE,"","NADH (conf: 10)"
"NADP",8,743.0763023,12.93626785,"C21H28N7O17P3",2,"NADP",TRUE,"","NADP (conf: 8)"
"Nalpha-(3-hydroxy-3-methylhexanoyl)-L-glutamine",5,274.1528625,3.052716108,"C12H22N2O5",1,"Nalpha..3.hydroxy.3.methylhexanoyl..L.glutamine",FALSE,NA,"Nalpha-(3-hydroxy-3-methylhexanoyl)-L-glutamine (conf: 5)"
"Nalpha-(3-hydroxy-3-methylhexanoyl)-L-glutamine",5,274.1529012,11.64159146,"C12H22N2O5",1,"Nalpha..3.hydroxy.3.methylhexanoyl..L.glutamine.1",FALSE,NA,"Nalpha-(3-hydroxy-3-methylhexanoyl)-L-glutamine (conf: 5)"
"Nalpha-(3-hydroxy-3-methylhexanoyl)-L-glutamine",5,274.1529136,11.18742244,"C12H22N2O5",1,"Nalpha..3.hydroxy.3.methylhexanoyl..L.glutamine.2",FALSE,NA,"Nalpha-(3-hydroxy-3-methylhexanoyl)-L-glutamine (conf: 5)"
"Nalpha-(3-hydroxy-3-methylhexanoyl)-L-glutamine",5,274.1529147,4.510255169,"C12H22N2O5",1,"Nalpha..3.hydroxy.3.methylhexanoyl..L.glutamine.3",FALSE,NA,"Nalpha-(3-hydroxy-3-methylhexanoyl)-L-glutamine (conf: 5)"
"Nalpha-(3-hydroxy-3-methylhexanoyl)-L-glutamine",5,274.1529359,8.988911526,"C12H22N2O5",1,"Nalpha..3.hydroxy.3.methylhexanoyl..L.glutamine.4",FALSE,NA,"Nalpha-(3-hydroxy-3-methylhexanoyl)-L-glutamine (conf: 5)"
"Nalpha-(3-hydroxy-3-methylhexanoyl)-L-glutamine",5,274.1529478,5.192658049,"C12H22N2O5",1,"Nalpha..3.hydroxy.3.methylhexanoyl..L.glutamine.5",FALSE,NA,"Nalpha-(3-hydroxy-3-methylhexanoyl)-L-glutamine (conf: 5)"
"Nalpha-(3-hydroxy-3-methylhexanoyl)-L-glutamine",5,274.1529982,12.7090338,"C12H22N2O5",1,"Nalpha..3.hydroxy.3.methylhexanoyl..L.glutamine.7",FALSE,NA,"Nalpha-(3-hydroxy-3-methylhexanoyl)-L-glutamine (conf: 5)"
"Nalpha-(3-hydroxy-3-methylhexanoyl)-L-glutamine",7,274.1529535,7.960413808,"C12H22N2O5",1,"Nalpha..3.hydroxy.3.methylhexanoyl..L.glutamine.6",FALSE,NA,"Nalpha-(3-hydroxy-3-methylhexanoyl)-L-glutamine (conf: 7)"
"Nalpha-[-3-methylhex-2-enoyl]-L-glutamine",5,256.1423677,3.049829569,"C12H20N2O4",1,"Nalpha...3.methylhex.2.enoyl..L.glutamine.1",FALSE,NA,"Nalpha-[-3-methylhex-2-enoyl]-L-glutamine (conf: 5)"
"Nalpha-[-3-methylhex-2-enoyl]-L-glutamine",5,256.1423831,8.448896806,"C12H20N2O4",1,"Nalpha...3.methylhex.2.enoyl..L.glutamine.2",FALSE,NA,"Nalpha-[-3-methylhex-2-enoyl]-L-glutamine (conf: 5)"
"Nalpha-[-3-methylhex-2-enoyl]-L-glutamine",7,256.1423553,8.082009707,"C12H20N2O4",1,"Nalpha...3.methylhex.2.enoyl..L.glutamine",FALSE,NA,"Nalpha-[-3-methylhex-2-enoyl]-L-glutamine (conf: 7)"
"Nalpha-Methylhistidine",5,169.0851055,5.016190346,"C7H11N3O2",6,"Nalpha.Methylhistidine",FALSE,NA,"Nalpha-Methylhistidine (conf: 5)"
"Nalpha,Nalpha-Dimethyl-L-histidine",5,183.1006917,9.192662327,"C8H13N3O2",1,"Nalpha_Nalpha.Dimethyl.L.histidine",FALSE,NA,"Nalpha,Nalpha-Dimethyl-L-histidine (conf: 5)"
"Nalpha,Nalpha-Dimethyl-L-histidine",5,183.1007315,4.525831145,"C8H13N3O2",1,"Nalpha_Nalpha.Dimethyl.L.histidine.2",FALSE,NA,"Nalpha,Nalpha-Dimethyl-L-histidine (conf: 5)"
"Nalpha,Nalpha-Dimethyl-L-histidine",7,183.1007212,7.407044622,"C8H13N3O2",1,"Nalpha_Nalpha.Dimethyl.L.histidine.1",FALSE,NA,"Nalpha,Nalpha-Dimethyl-L-histidine (conf: 7)"
"Nalpha,Nepsilon-diacetyl-L-lysyl-D-alanyl-D-lactate",7,373.184742,8.201402999,"C16H27N3O7",1,"Nalpha_Nepsilon.diacetyl.L.lysyl.D.alanyl.D.lactate",FALSE,NA,"Nalpha,Nepsilon-diacetyl-L-lysyl-D-alanyl-D-lactate (conf: 7)"
"Nalpha,Nepsilon-diacetyl-L-lysyl-D-alanyl-D-lactate",7,419.1903004,6.82400404,"C16H27N3O7",1,"Nalpha_Nepsilon.diacetyl.L.lysyl.D.alanyl.D.lactate.1",FALSE,NA,"Nalpha,Nepsilon-diacetyl-L-lysyl-D-alanyl-D-lactate (conf: 7)"
"NAPE",7,299.040928,11.16067764,"C8H14NO9P",1,"NAPE",FALSE,NA,"NAPE (conf: 7)"
"Narciclasine",7,307.0693156,4.245031616,"C14H13NO7",1,"Narciclasine",FALSE,NA,"Narciclasine (conf: 7)"
"Naringenin",5,272.0685073,2.736553682,"C15H12O5",35,"Naringenin",FALSE,NA,"Naringenin (conf: 5)"
"Ne,Ne dimethyllysine",9,174.1367896,15.33138723,"C8H18N2O2",1,"Ne_Ne.dimethyllysine",TRUE,"","Ne,Ne dimethyllysine (conf: 9)"
"Nebivolol",5,405.1749348,7.11101432,"C22H25F2NO4",1,"Nebivolol.1",FALSE,NA,"Nebivolol (conf: 5)"
"Nebivolol",7,405.1749016,11.07834695,"C22H25F2NO4",1,"Nebivolol",FALSE,NA,"Nebivolol (conf: 7)"
"Nebularine",7,252.085995,5.136306921,"C10H12N4O4",4,"Nebularine",FALSE,NA,"Nebularine (conf: 7)"
"Nebularine",7,274.0679035,5.68063451,"C10H12N4O4",4,"Nebularine.1",FALSE,NA,"Nebularine (conf: 7)"
"Nemorensine",7,359.1709498,7.205200838,"C18H27NO5",5,"Nemorensine",FALSE,NA,"Nemorensine (conf: 7)"
"Neoannonin",5,564.4393903,2.335708066,"C34H60O6",1,"Neoannonin",FALSE,NA,"Neoannonin (conf: 5)"
"Neoastilbin",5,450.1157536,6.128193086,"C21H22O11",37,"Neoastilbin",FALSE,NA,"Neoastilbin (conf: 5)"
"Neoastilbin",5,450.1167979,7.082105346,"C21H22O11",37,"Neoastilbin.1",FALSE,NA,"Neoastilbin (conf: 5)"
"Neohesperidose",7,348.1034846,8.954520109,"C12H22O10",7,"Neohesperidose",FALSE,NA,"Neohesperidose (conf: 7)"
"Neolicuroside",5,550.168967,7.983953621,"C26H30O13",28,"Neolicuroside",FALSE,NA,"Neolicuroside (conf: 5)"
"Neomatatabiol",7,170.1306934,4.144639776,"C10H18O2",55,"Neomatatabiol",FALSE,NA,"Neomatatabiol (conf: 7)"
"Neopetasitenine",7,440.2161119,8.615026202,"C21H29NO8",1,"Neopetasitenine",FALSE,NA,"Neopetasitenine (conf: 7)"
"Neoraunone",5,324.0994428,9.482754096,"C19H16O5",20,"Neoraunone.1",FALSE,NA,"Neoraunone (conf: 5)"
"Neoraunone",7,324.099272,10.75782888,"C19H16O5",20,"Neoraunone",FALSE,NA,"Neoraunone (conf: 7)"
"Neotame",5,378.2156557,4.48296842,"C20H30N2O5",1,"Neotame",FALSE,NA,"Neotame (conf: 5)"
"Neotame",5,378.2156668,3.219774715,"C20H30N2O5",1,"Neotame.1",FALSE,NA,"Neotame (conf: 5)"
"Neotussilagine",5,199.1207503,8.304525839,"C10H17NO3",10,"Neotussilagine",FALSE,NA,"Neotussilagine (conf: 5)"
"Neotussilagine",7,199.1208387,4.31500213,"C10H17NO3",10,"Neotussilagine.1",FALSE,NA,"Neotussilagine (conf: 7)"
"Nequinate",5,365.1621032,12.53595214,"C22H23NO4",1,"Nequinate",FALSE,NA,"Nequinate (conf: 5)"
"Neuraminic acid",5,267.0955146,12.22277904,"C9H17NO8",3,"Neuraminic.acid.1",FALSE,NA,"Neuraminic acid (conf: 5)"
"Neuraminic acid",7,267.095434,11.75247901,"C9H17NO8",3,"Neuraminic.acid",FALSE,NA,"Neuraminic acid (conf: 7)"
"Neuraminic acid",7,303.0720433,13.81803736,"C9H17NO8",3,"Neuraminic.acid.2",FALSE,NA,"Neuraminic acid (conf: 7)"
"Neuromedin B (1-3)",5,302.1590758,11.63369484,"C12H22N4O5",16,"Neuromedin.B..1.3.",FALSE,NA,"Neuromedin B (1-3) (conf: 5)"
"Ngaione (-)",5,250.1568577,2.519020425,"C15H22O3",46,"Ngaione....",FALSE,NA,"Ngaione (-) (conf: 5)"
"NHABP-SO4",5,265.0413282,14.92334882,"C12H11NO4S",1,"NHABP.SO4",FALSE,NA,"NHABP-SO4 (conf: 5)"
"nhatrangin B",5,490.1194703,11.39247498,"C21H31BrO8",1,"nhatrangin.B",FALSE,NA,"nhatrangin B (conf: 5)"
"nhatrangin B",5,490.1195215,7.018862634,"C21H31BrO8",1,"nhatrangin.B.1",FALSE,NA,"nhatrangin B (conf: 5)"
"Niazicinin A",7,369.1423493,4.880568685,"C17H23NO8",1,"Niazicinin.A",FALSE,NA,"Niazicinin A (conf: 7)"
"Niaziminin A",7,421.1172929,9.214583263,"C18H25NO7S",1,"Niaziminin.A",FALSE,NA,"Niaziminin A (conf: 7)"
"Niazirin",5,279.1107986,5.777874971,"C14H17NO5",1,"Niazirin",FALSE,NA,"Niazirin (conf: 5)"
"Niazirin",7,296.1372424,5.074871006,"C14H17NO5",1,"Niazirin.1",FALSE,NA,"Niazirin (conf: 7)"
"Niazirin",7,296.1373582,4.597516115,"C14H17NO5",1,"Niazirin.2",FALSE,NA,"Niazirin (conf: 7)"
"Niazirinin",7,321.121269,25.35462012,"C16H19NO6",1,"Niazirinin",FALSE,NA,"Niazirinin (conf: 7)"
"Nicotinamide riboside",6,254.0902553,15.46607873,"C11H14N2O5",4,"Nicotinamide.riboside",FALSE,NA,"Nicotinamide riboside (conf: 6)"
"nicotine blue leuco form",7,288.0153771,6.933896793,"C10H8N2O6",1,"nicotine.blue.leuco.form",FALSE,NA,"nicotine blue leuco form (conf: 7)"
"Nitrilotriacetic acid",7,191.04301,11.54244367,"C6H9NO6",4,"Nitrilotriacetic.acid",FALSE,NA,"Nitrilotriacetic acid (conf: 7)"
"Nitroethane",5,75.03200091,3.031487102,"C2H5NO2",6,"Nitroethane",FALSE,NA,"Nitroethane (conf: 5)"
"Nitroethane",5,75.03207122,4.440876901,"C2H5NO2",6,"Nitroethane.1",FALSE,NA,"Nitroethane (conf: 5)"
"NMNH",5,336.0721266,10.10063449,"C11H17N2O8P",1,"NMNH",FALSE,NA,"NMNH (conf: 5)"
"Nnal-N-oxide",5,225.1114087,2.92094702,"C10H15N3O3",2,"Nnal.N.oxide.1",FALSE,NA,"Nnal-N-oxide (conf: 5)"
"Nnal-N-oxide",5,225.1114171,4.471130666,"C10H15N3O3",2,"Nnal.N.oxide.2",FALSE,NA,"Nnal-N-oxide (conf: 5)"
"Nnal-N-oxide",7,225.1112069,6.767882218,"C10H15N3O3",2,"Nnal.N.oxide",FALSE,NA,"Nnal-N-oxide (conf: 7)"
"Nocardicin A",5,500.1539367,4.3821948,"C23H24N4O9",1,"Nocardicin.A",FALSE,NA,"Nocardicin A (conf: 5)"
"nocardicin E",5,399.1061164,9.849424649,"C19H17N3O7",1,"nocardicin.E",FALSE,NA,"nocardicin E (conf: 5)"
"nocardicin E",5,399.1063065,8.923494067,"C19H17N3O7",1,"nocardicin.E.1",FALSE,NA,"nocardicin E (conf: 5)"
"Nonate",5,188.104891,8.478022586,"C9H16O4",12,"Nonate.1",FALSE,NA,"Nonate (conf: 5)"
"Nonate",7,188.1048392,7.670293041,"C9H16O4",12,"Nonate",FALSE,NA,"Nonate (conf: 7)"
"Nonoxynol-9",7,633.4453146,2.521188724,"C33H60O10",1,"Nonoxynol.9",FALSE,NA,"Nonoxynol-9 (conf: 7)"
"norcisapride",5,313.1198283,9.222378189,"C14H20ClN3O3",1,"norcisapride.1",FALSE,NA,"norcisapride (conf: 5)"
"norcisapride",7,313.1197261,8.8291184,"C14H20ClN3O3",1,"norcisapride",FALSE,NA,"norcisapride (conf: 7)"
"Norepinephrine",6,169.0738757,8.456972069,"C8H11NO3",5,"Norepinephrine",FALSE,NA,"Norepinephrine (conf: 6)"
"Norepinephrine",6,169.0738821,5.303165034,"C8H11NO3",5,"Norepinephrine.1",FALSE,NA,"Norepinephrine (conf: 6)"
"Norepinephrine sulfate",5,249.030758,10.04388491,"C8H11NO6S",1,"Norepinephrine.sulfate",FALSE,NA,"Norepinephrine sulfate (conf: 5)"
"Norepinephrine sulfate",7,295.0363076,9.204081603,"C8H11NO6S",1,"Norepinephrine.sulfate.1",FALSE,NA,"Norepinephrine sulfate (conf: 7)"
"Norleucine",5,131.0945907,8.373482308,"C6H13NO2",14,"Norleucine",FALSE,NA,"Norleucine (conf: 5)"
"Norlinolenic acid",7,264.2089659,2.567061287,"C17H28O2",12,"Norlinolenic.acid",FALSE,NA,"Norlinolenic acid (conf: 7)"
"Normetanephrine",8,200.1161178,7.753998328,"C9H13NO3",5,"Normetanephrine",FALSE,NA,"Normetanephrine (conf: 8)"
"Norophthalmic acid",7,275.1118069,12.26329995,"C10H17N3O6",10,"Norophthalmic.acid",FALSE,NA,"Norophthalmic acid (conf: 7)"
"norprodigiosin",7,345.1609218,2.397248849,"C19H23N3O",1,"norprodigiosin",FALSE,NA,"norprodigiosin (conf: 7)"
"Norsalsolinol",7,165.0789732,10.27336839,"C9H11NO2",12,"Norsalsolinol",FALSE,NA,"Norsalsolinol (conf: 7)"
"nva-FMDP",5,315.1429182,7.410932141,"C13H21N3O6",4,"nva.FMDP",FALSE,NA,"nva-FMDP (conf: 5)"
"nva-FMDP",7,337.1250993,5.284105779,"C13H21N3O6",4,"nva.FMDP.1",FALSE,NA,"nva-FMDP (conf: 7)"
"O-(17-carboxyheptadecanoyl)carnitine",5,457.3405133,25.48095165,"C25H47NO6",1,"O..17.carboxyheptadecanoyl.carnitine",FALSE,NA,"O-(17-carboxyheptadecanoyl)carnitine (conf: 5)"
"O-(17-carboxyheptadecanoyl)carnitine",5,457.3406033,2.52090722,"C25H47NO6",1,"O..17.carboxyheptadecanoyl.carnitine.1",FALSE,NA,"O-(17-carboxyheptadecanoyl)carnitine (conf: 5)"
"O-7-Angelylheliotridine",7,237.1364567,6.573264551,"C13H19NO3",3,"O.7.Angelylheliotridine",FALSE,NA,"O-7-Angelylheliotridine (conf: 7)"
"O-Acetylneuraminic acid",5,309.1061131,10.10233224,"C11H19NO9",3,"O.Acetylneuraminic.acid",FALSE,NA,"O-Acetylneuraminic acid (conf: 5)"
"O-Acetylserine",10,147.0531497,6.833034901,"C5H9NO4",12,"O.Acetylserine",TRUE,"","O-Acetylserine (conf: 10)"
"O-b-D-Gal-(1->3)-O-[O-b-D-Gal-(1->4)-2-(acetylamino)-2-deoxy-b-D-Glc-(1->6)]-2-(acetylamino)-2-deoxy- D-Galactose",5,748.2759614,8.808274157,"C28H48N2O21",2,"O.b.D.Gal..1..3..O..O.b.D.Gal..1..4..2..acetylamino..2.deoxy.b.D.Glc..1..6...2..acetylamino..2.deoxy..D.Galactose",FALSE,NA,"O-b-D-Gal-(1->3)-O-[O-b-D-Gal-(1->4)-2-(acetylamino)-2-deoxy-b-D-Glc-(1->6)]-2-(acetylamino)-2-deoxy- D-Galactose (conf: 5)"
"O-citryl-L-serine",7,279.0590715,9.536472066,"C9H13NO9",1,"O.citryl.L.serine",FALSE,NA,"O-citryl-L-serine (conf: 7)"
"O-Deethylated candesartan",7,434.1102354,3.708111917,"C22H16N6O3",1,"O.Deethylated.candesartan",FALSE,NA,"O-Deethylated candesartan (conf: 7)"
"O-Feruloylgalactarate",5,386.0843314,8.966791412,"C16H18O11",14,"O.Feruloylgalactarate",FALSE,NA,"O-Feruloylgalactarate (conf: 5)"
"O-Hexanoyl-adnosine monophosphate",7,481.1134386,5.059118933,"C16H24N5O8P",2,"O.Hexanoyl.adnosine.monophosphate",FALSE,NA,"O-Hexanoyl-adnosine monophosphate (conf: 7)"
"O-methoxycatechol-O-sulphate",5,204.0092721,2.949393674,"C7H8O5S",1,"O.methoxycatechol.O.sulphate",FALSE,NA,"O-methoxycatechol-O-sulphate (conf: 5)"
"O-methoxycatechol-O-sulphate",5,204.0093057,3.641829296,"C7H8O5S",1,"O.methoxycatechol.O.sulphate.1",FALSE,NA,"O-methoxycatechol-O-sulphate (conf: 5)"
"o-nitrophenyl-beta-galactoside",5,301.0798203,7.442355189,"C12H15NO8",2,"o.nitrophenyl.beta.galactoside",FALSE,NA,"o-nitrophenyl-beta-galactoside (conf: 5)"
"O-Oxalylhomoserine",5,191.0429871,12.86923456,"C6H9NO6",4,"O.Oxalylhomoserine",FALSE,NA,"O-Oxalylhomoserine (conf: 5)"
"O-Phosphoethanolamine",10,141.0190864,11.37117442,"C2H8NO4P",2,"O.Phosphoethanolamine",TRUE,"","O-Phosphoethanolamine (conf: 10)"
"O-Phosphothreonine",8,199.0246344,11.65059586,"C4H10NO6P",3,"O.Phosphothreonine",TRUE,"","O-Phosphothreonine (conf: 8)"
"O-sebacoylcarnitine",7,345.2152481,5.527255723,"C17H31NO6",1,"O.sebacoylcarnitine",FALSE,NA,"O-sebacoylcarnitine (conf: 7)"
"O-Sinapoylglucarolactone",5,384.1053527,6.177264913,"C17H20O10",15,"O.Sinapoylglucarolactone",FALSE,NA,"O-Sinapoylglucarolactone (conf: 5)"
"O-Succinylhomoserine",6,219.0743493,7.232861521,"C8H13NO6",2,"O.Succinylhomoserine.1",FALSE,NA,"O-Succinylhomoserine (conf: 6)"
"O-Succinylhomoserine",6,219.0743652,9.716572378,"C8H13NO6",2,"O.Succinylhomoserine.2",FALSE,NA,"O-Succinylhomoserine (conf: 6)"
"O-Succinylhomoserine",8,219.0743397,8.391438521,"C8H13NO6",2,"O.Succinylhomoserine",FALSE,NA,"O-Succinylhomoserine (conf: 8)"
"Oblongolide",7,220.1463505,2.684482788,"C14H20O2",28,"Oblongolide",FALSE,NA,"Oblongolide (conf: 7)"
"Octadecadienal",7,264.2453619,25.35595172,"C18H32O",8,"Octadecadienal",FALSE,NA,"Octadecadienal (conf: 7)"
"octadecadienoic acid",7,326.2456444,2.545052707,"C19H34O4",7,"octadecadienoic.acid",FALSE,NA,"octadecadienoic acid (conf: 7)"
"Octadecanamide",7,283.2875684,2.598883336,"C18H37NO",1,"Octadecanamide",FALSE,NA,"Octadecanamide (conf: 7)"
"octadecenoic acid",6,282.2558695,2.385787636,"C18H34O2",29,"octadecenoic.acid",FALSE,NA,"octadecenoic acid (conf: 6)"
"Octadecyl fumarate",7,368.2924412,2.402832277,"C22H40O4",1,"Octadecyl.fumarate",FALSE,NA,"Octadecyl fumarate (conf: 7)"
"Octaethylene glycol",5,370.2201395,3.018587503,"C16H34O9",1,"Octaethylene.glycol",FALSE,NA,"Octaethylene glycol (conf: 5)"
"Octanoylcarnitine",7,287.2097464,3.521817236,"C15H29NO4",1,"Octanoylcarnitine",FALSE,NA,"Octanoylcarnitine (conf: 7)"
"Octanoylglucuronide",7,320.1471839,3.042478341,"C14H24O8",4,"Octanoylglucuronide",FALSE,NA,"Octanoylglucuronide (conf: 7)"
"Okanin 4'-gentiobioside",5,612.168958,10.03026905,"C27H32O16",17,"Okanin.4..gentiobioside",FALSE,NA,"Okanin 4'-gentiobioside (conf: 5)"
"Oleamide",5,281.2719384,4.360449932,"C18H35NO",1,"Oleamide.1",FALSE,NA,"Oleamide (conf: 5)"
"Oleamide",7,281.2719338,2.380530089,"C18H35NO",1,"Oleamide",FALSE,NA,"Oleamide (conf: 7)"
"Oleic acid",7,282.255934,4.415698406,"C18H34O2",29,"Oleic.acid",FALSE,NA,"Oleic acid (conf: 7)"
"Oleoside dimethyl ester",7,440.1289188,10.95752796,"C18H26O11",2,"Oleoside.dimethyl.ester",FALSE,NA,"Oleoside dimethyl ester (conf: 7)"
"Oleoyl-CoA",8,515.6806878,4.611160678,"C39H68N7O17P3S",4,"Oleoyl.CoA",FALSE,NA,"Oleoyl-CoA (conf: 8)"
"Oleoylcarnitine",7,425.3506534,2.785437094,"C25H47NO4",6,"Oleoylcarnitine",FALSE,NA,"Oleoylcarnitine (conf: 7)"
"olivetolate",7,270.1103895,4.437022006,"C12H16O4",17,"olivetolate",FALSE,NA,"olivetolate (conf: 7)"
"Olmesartan",5,446.2069825,5.215829058,"C24H26N6O3",1,"Olmesartan",FALSE,NA,"Olmesartan (conf: 5)"
"omega-COOH-tetranor-LTE3",5,375.031173,4.991738523,"C15H16Cl3N3O2",2,"omega.COOH.tetranor.LTE3",FALSE,NA,"omega-COOH-tetranor-LTE3 (conf: 5)"
"omega-hydroxy-beta-dihydromenaquinone-9",7,802.6274334,2.531168447,"C56H82O3",1,"omega.hydroxy.beta.dihydromenaquinone.9",FALSE,NA,"omega-hydroxy-beta-dihydromenaquinone-9 (conf: 7)"
"omega-hydroxyfinasteride",7,374.2570909,6.301397247,"C22H34N2O3",1,"omega.hydroxyfinasteride",FALSE,NA,"omega-hydroxyfinasteride (conf: 7)"
"Ophthalmic acid",7,289.1274179,9.175901672,"C11H19N3O6",6,"Ophthalmic.acid",TRUE,"","Ophthalmic acid (conf: 7)"
"Oppositin",7,437.1470085,11.24395114,"C24H20O7",2,"Oppositin",FALSE,NA,"Oppositin (conf: 7)"
"Orange I",7,350.0338493,10.73520406,"C16H12N2O4S",3,"Orange.I",FALSE,NA,"Orange I (conf: 7)"
"Orcinol",5,124.05236,2.913961825,"C7H8O2",20,"Orcinol",FALSE,NA,"Orcinol (conf: 5)"
"Orcinol",5,124.0524072,4.473262352,"C7H8O2",20,"Orcinol.1",FALSE,NA,"Orcinol (conf: 5)"
"Orientin",5,448.1001736,6.494148833,"C21H20O11",47,"Orientin",FALSE,NA,"Orientin (conf: 5)"
"Ornithine",10,132.0898466,16.91265049,"C5H12N2O2",4,"Ornithine",TRUE,"","Ornithine (conf: 10)"
"Orotic acid",8,156.0171156,6.168859699,"C5H4N2O4",2,"Orotic.acid",TRUE,"","Orotic acid (conf: 8)"
"Ortho-Hydroxyphenylacetic acid",6,152.0473492,5.786223118,"C8H8O3",40,"Ortho.Hydroxyphenylacetic.acid",FALSE,NA,"Ortho-Hydroxyphenylacetic acid (conf: 6)"
"OS-PE",5,579.3173479,2.903701712,"C27H50NO10P",1,"OS.PE",FALSE,NA,"OS-PE (conf: 5)"
"Osajin",7,404.161584,3.353995382,"C25H24O5",7,"Osajin",FALSE,NA,"Osajin (conf: 7)"
"Osajin",7,404.1620663,5.563929871,"C25H24O5",7,"Osajin.1",FALSE,NA,"Osajin (conf: 7)"
"Otonecine",7,185.1051994,4.300263985,"C9H15NO3",10,"Otonecine",FALSE,NA,"Otonecine (conf: 7)"
"Ovalifolin",7,346.1206058,9.243887996,"C22H18O4",2,"Ovalifolin",FALSE,NA,"Ovalifolin (conf: 7)"
"Ovothiol A",5,201.0573322,7.903292513,"C7H11N3O2S",1,"Ovothiol.A",FALSE,NA,"Ovothiol A (conf: 5)"
"Oxalic acid",10,89.99524802,13.14140641,"C2H2O4",1,"Oxalic.acid",TRUE,"","Oxalic acid (conf: 10)"
"Oxalosuccinic acid",6,190.0113625,11.57657288,"C6H6O7",3,"Oxalosuccinic.acid",FALSE,NA,"Oxalosuccinic acid (conf: 6)"
"Oxalureate",6,132.0170449,6.227321676,"C3H4N2O4",1,"Oxalureate",FALSE,NA,"Oxalureate (conf: 6)"
"Oxamate",7,89.01121421,8.390527967,"C2H3NO3",2,"Oxamate",FALSE,NA,"Oxamate (conf: 7)"
"Oxatomide",7,448.2244105,7.981433934,"C27H30N4O",1,"Oxatomide",FALSE,NA,"Oxatomide (conf: 7)"
"Oxazepam glucuronide",5,462.0836859,8.557803213,"C21H19ClN2O8",1,"Oxazepam.glucuronide",FALSE,NA,"Oxazepam glucuronide (conf: 5)"
"Oxidized glutathione",10,612.1525743,13.50758284,"C20H32N6O12S2",1,"Oxidized.glutathione",TRUE,"","Oxidized glutathione (conf: 10)"
"Oxoadipic acid",8,160.0371577,7.246090862,"C6H8O5",11,"Oxoadipic.acid",FALSE,NA,"Oxoadipic acid (conf: 8)"
"Oxoadipic acid",8,160.0371731,10.39425643,"C6H8O5",11,"Oxoadipic.acid.1",FALSE,NA,"Oxoadipic acid (conf: 8)"
"Oxoglutaric acid",10,146.0215294,11.19096345,"C5H6O5",9,"Oxoglutaric.acid",TRUE,"","Oxoglutaric acid (conf: 10)"
"Oxprenolol",5,265.1678887,25.83465045,"C15H23NO3",2,"Oxprenolol",FALSE,NA,"Oxprenolol (conf: 5)"
"Oxytetracycline",5,460.1475445,8.316397213,"C22H24N2O9",1,"Oxytetracycline",FALSE,NA,"Oxytetracycline (conf: 5)"
"P-DPD",5,212.0084514,11.47342186,"C5H9O7P",6,"P.DPD",FALSE,NA,"P-DPD (conf: 5)"
"P-DPD",7,212.008612,8.244759799,"C5H9O7P",6,"P.DPD.1",FALSE,NA,"P-DPD (conf: 7)"
"p-Hydroxyphenylacetic acid",8,152.0473573,3.356715049,"C8H8O3",40,"p.Hydroxyphenylacetic.acid",FALSE,NA,"p-Hydroxyphenylacetic acid (conf: 8)"
"p-nitrophenyl-beta-glucoside",5,301.0799146,8.37037706,"C12H15NO8",2,"p.nitrophenyl.beta.glucoside",FALSE,NA,"p-nitrophenyl-beta-glucoside (conf: 5)"
"p-Tolyl acetate",5,150.0681004,2.98356073,"C9H10O2",36,"p.Tolyl.acetate.1",FALSE,NA,"p-Tolyl acetate (conf: 5)"
"p-Tolyl acetate",7,150.0680591,4.437045698,"C9H10O2",36,"p.Tolyl.acetate",FALSE,NA,"p-Tolyl acetate (conf: 7)"
"PA(28:2)",5,588.3794284,2.555702306,"C31H57O8P",1,"PA.28.2.",FALSE,NA,"PA(28:2) (conf: 5)"
"PA(32:1)",5,646.4577373,2.562183898,"C35H67O8P",2,"PA.32.1.",FALSE,NA,"PA(32:1) (conf: 5)"
"PA(36:3)",7,720.4714153,2.874181585,"C39H71O8P",1,"PA.36.3.",FALSE,NA,"PA(36:3) (conf: 7)"
"PA(36:7)",5,690.4260483,2.827155716,"C39H63O8P",1,"PA.36.7.",FALSE,NA,"PA(36:7) (conf: 5)"
"PA(36:8)",5,688.4102332,2.851686184,"C39H61O8P",1,"PA.36.8.",FALSE,NA,"PA(36:8) (conf: 5)"
"PA(38:2)",5,728.5342974,2.528699432,"C41H77O8P",1,"PA.38.2.",FALSE,NA,"PA(38:2) (conf: 5)"
"PA(38:3)",5,726.5204174,2.5305207,"C41H75O8P",1,"PA.38.3.",FALSE,NA,"PA(38:3) (conf: 5)"
"PA(38:4)",5,724.5041698,2.524987363,"C41H73O8P",1,"PA.38.4.",FALSE,NA,"PA(38:4) (conf: 5)"
"PA(38:5)",5,722.4891412,2.5305207,"C41H71O8P",1,"PA.38.5.",FALSE,NA,"PA(38:5) (conf: 5)"
"PA(38:6)",5,720.4733908,2.522227013,"C41H69O8P",1,"PA.38.6.",FALSE,NA,"PA(38:6) (conf: 5)"
"PA(40:6)",5,748.5028453,2.509452302,"C43H73O8P",1,"PA.40.6.",FALSE,NA,"PA(40:6) (conf: 5)"
"PA(41:6)",6,762.5201343,19.53792535,"C44H75O8P",1,"PA.41.6.",FALSE,NA,"PA(41:6) (conf: 6)"
"PA(O-38:1)",6,716.5720223,19.53477601,"C41H81O7P",2,"PA.O.38.1.",FALSE,NA,"PA(O-38:1) (conf: 6)"
"paclobutrazol",5,293.1298492,2.770668381,"C15H20ClN3O",1,"paclobutrazol",FALSE,NA,"paclobutrazol (conf: 5)"
"Paeonoside",5,328.1159084,7.660537063,"C15H20O8",7,"Paeonoside",FALSE,NA,"Paeonoside (conf: 5)"
"PAI-1",5,297.1939401,2.5642871,"C16H27NO4",3,"PAI.1",FALSE,NA,"PAI-1 (conf: 5)"
"PAI-1-2",5,171.089536,3.024479035,"C8H13NO3",2,"PAI.1.2.1",FALSE,NA,"PAI-1-2 (conf: 5)"
"PAI-1-2",5,171.0895408,4.070568282,"C8H13NO3",2,"PAI.1.2.2",FALSE,NA,"PAI-1-2 (conf: 5)"
"PAI-1-2",7,171.0895194,4.997598948,"C8H13NO3",2,"PAI.1.2",FALSE,NA,"PAI-1-2 (conf: 7)"
"Palmidin C",7,494.1363061,10.0933317,"C30H22O7",2,"Palmidin.C",FALSE,NA,"Palmidin C (conf: 7)"
"Palmitic acid",8,256.2401832,2.412072048,"C16H32O2",33,"Palmitic.acid",FALSE,NA,"Palmitic acid (conf: 8)"
"Palmitoleamide",7,253.2405509,2.6672629,"C16H31NO",1,"Palmitoleamide",FALSE,NA,"Palmitoleamide (conf: 7)"
"Palmitoleic acid",8,254.2246231,2.413748399,"C16H30O2",36,"Palmitoleic.acid",FALSE,NA,"Palmitoleic acid (conf: 8)"
"Palmitoylcarnitine",8,399.3350331,2.844926354,"C23H45NO4",1,"Palmitoylcarnitine",FALSE,NA,"Palmitoylcarnitine (conf: 8)"
"Palmitoylethanolamide",6,299.2825577,4.32611609,"C18H37NO2",6,"Palmitoylethanolamide.1",FALSE,NA,"Palmitoylethanolamide (conf: 6)"
"Palmitoylethanolamide",8,299.2823543,2.655829425,"C18H37NO2",6,"Palmitoylethanolamide",FALSE,NA,"Palmitoylethanolamide (conf: 8)"
"Palmityl-CoA",6,502.6729789,4.66905807,"C37H66N7O17P3S",3,"Palmityl.CoA",FALSE,NA,"Palmityl-CoA (conf: 6)"
"Pancratistatin",5,325.0798271,6.010343388,"C14H15NO8",2,"Pancratistatin",FALSE,NA,"Pancratistatin (conf: 5)"
"Pancratistatin",5,325.0799402,7.762204032,"C14H15NO8",2,"Pancratistatin.1",FALSE,NA,"Pancratistatin (conf: 5)"
"Pantetheine 4'-phosphate",8,358.0961222,6.356323318,"C11H23N2O7PS",1,"Pantetheine.4..phosphate",FALSE,NA,"Pantetheine 4'-phosphate (conf: 8)"
"Pantoate",5,148.0735005,7.012817186,"C6H12O4",13,"Pantoate",FALSE,NA,"Pantoate (conf: 5)"
"Pantothenic acid",10,219.1106031,5.20964366,"C9H17NO5",1,"Pantothenic.acid",TRUE,"","Pantothenic acid (conf: 10)"
"Pantothenic acid 4'-O-b-D-glucoside",7,381.1636393,8.203916027,"C15H27NO10",1,"Pantothenic.acid.4..O.b.D.glucoside",FALSE,NA,"Pantothenic acid 4'-O-b-D-glucoside (conf: 7)"
"Pantothenic acid 4'-O-b-D-glucoside",7,403.1456748,7.122223006,"C15H27NO10",1,"Pantothenic.acid.4..O.b.D.glucoside.1",FALSE,NA,"Pantothenic acid 4'-O-b-D-glucoside (conf: 7)"
"Pantothenoyl-L-cysteine",6,322.1200046,9.378931751,"C12H22N2O6S",1,"Pantothenoyl.L.cysteine",FALSE,NA,"Pantothenoyl-L-cysteine (conf: 6)"
"Pantoyllactone glucoside",5,292.1158776,7.549432759,"C12H20O8",1,"Pantoyllactone.glucoside",FALSE,NA,"Pantoyllactone glucoside (conf: 5)"
"para-hydroxyrosiglitazone",5,373.1097368,9.472399111,"C18H19N3O4S",2,"para.hydroxyrosiglitazone",FALSE,NA,"para-hydroxyrosiglitazone (conf: 5)"
"Paracetamol sulfate",5,231.0201428,2.773898197,"C8H9NO5S",2,"Paracetamol.sulfate",FALSE,NA,"Paracetamol sulfate (conf: 5)"
"PC(18:0)",8,583.3493111,2.85913734,"C26H52NO8P",2,"PC.18.0.",FALSE,NA,"PC(18:0) (conf: 8)"
"PC(38:8)",6,801.5294318,3.089079167,"C46H76NO8P",2,"PC.38.8.",FALSE,NA,"PC(38:8) (conf: 6)"
"PC(42:9)",6,855.5763154,3.07253218,"C50H82NO8P",2,"PC.42.9.",FALSE,NA,"PC(42:9) (conf: 6)"
"PC(6:0)",6,369.155551,8.358928078,"C14H28NO8P",1,"PC.6.0.",FALSE,NA,"PC(6:0) (conf: 6)"
"PC(O-16:0)",5,481.3533689,2.936734482,"C24H52NO6P",2,"PC.O.16.0.",FALSE,NA,"PC(O-16:0) (conf: 5)"
"PC(O-3:0)",5,313.1291574,6.030905134,"C11H24NO7P",2,"PC.O.3.0.",FALSE,NA,"PC(O-3:0) (conf: 5)"
"PC(P-34:1)",5,743.5832394,2.54694947,"C42H82NO7P",5,"PC.P.34.1.",FALSE,NA,"PC(P-34:1) (conf: 5)"
"PC(P-36:2)",5,753.6038938,2.630138502,"C44H84NO6P",2,"PC.P.36.2.",FALSE,NA,"PC(P-36:2) (conf: 5)"
"PC(P-36:2)",5,753.6045279,3.892938513,"C44H84NO6P",2,"PC.P.36.2..1",FALSE,NA,"PC(P-36:2) (conf: 5)"
"PE(19:0)",8,517.3153015,4.428281587,"C24H50NO7P",4,"PE.19.0.",FALSE,NA,"PE(19:0) (conf: 8)"
"PE(40:10)",6,783.4832171,2.872021597,"C45H70NO8P",1,"PE.40.10.",FALSE,NA,"PE(40:10) (conf: 6)"
"PE(P-40:7)",8,795.5193289,2.906191385,"C45H76NO7P",2,"PE.P.40.7.",FALSE,NA,"PE(P-40:7) (conf: 8)"
"pederin precursor",5,415.2572053,4.6843207,"C21H37NO7",1,"pederin.precursor",FALSE,NA,"pederin precursor (conf: 5)"
"Peganine",7,188.0949777,4.253707582,"C11H12N2O",2,"Peganine",FALSE,NA,"Peganine (conf: 7)"
"Pellotine",7,237.136549,2.974529037,"C13H19NO3",3,"Pellotine",FALSE,NA,"Pellotine (conf: 7)"
"Pendimethalin",5,281.1376244,4.4780575,"C13H19N3O4",1,"Pendimethalin",FALSE,NA,"Pendimethalin (conf: 5)"
"Pentadecanoyl-EA",5,285.2668721,25.59374718,"C17H35NO2",3,"Pentadecanoyl.EA",FALSE,NA,"Pentadecanoyl-EA (conf: 5)"
"Pentadecanoylcarnitine",5,385.3193337,2.873734415,"C22H43NO4",1,"Pentadecanoylcarnitine",FALSE,NA,"Pentadecanoylcarnitine (conf: 5)"
"Pentadecanoylcarnitine",7,385.31934,4.427109651,"C22H43NO4",1,"Pentadecanoylcarnitine.1",FALSE,NA,"Pentadecanoylcarnitine (conf: 7)"
"pentaethylene glycol",7,238.1416527,3.034330085,"C10H22O6",1,"pentaethylene.glycol",FALSE,NA,"pentaethylene glycol (conf: 7)"
"Pentanamide",7,101.08401,6.179512336,"C5H11NO",8,"Pentanamide",FALSE,NA,"Pentanamide (conf: 7)"
"pentanesulfonate",5,152.0506955,5.159748262,"C5H12O3S",1,"pentanesulfonate",FALSE,NA,"pentanesulfonate (conf: 5)"
"Pentostatin",2.5,268.1172325,8.314333335,"C11H16N4O4",5,"Pentostatin",FALSE,NA,"Pentostatin (conf: 2.5)"
"Pentostatin",4.5,314.1220981,9.963416685,"C11H16N4O4",5,"Pentostatin.1",FALSE,NA,"Pentostatin (conf: 4.5)"
"Pentylbenzene",5,148.1252142,2.618532808,"C11H16",3,"Pentylbenzene",FALSE,NA,"Pentylbenzene (conf: 5)"
"perchlorate",7,99.95631195,8.440512905,"HClO4",1,"perchlorate",FALSE,NA,"perchlorate (conf: 7)"
"Perillyl-CoA",5,915.2041626,11.00710632,"C31H48N7O17P3S",1,"Perillyl.CoA",FALSE,NA,"Perillyl-CoA (conf: 5)"
"Perillyl-CoA",5,915.2043644,19.23948273,"C31H48N7O17P3S",1,"Perillyl.CoA.1",FALSE,NA,"Perillyl-CoA (conf: 5)"
"Persicaxanthin",7,384.2665791,2.263660343,"C25H36O3",2,"Persicaxanthin",FALSE,NA,"Persicaxanthin (conf: 7)"
"Pervianoside I",5,494.14204,9.475742056,"C23H26O12",5,"Pervianoside.I",FALSE,NA,"Pervianoside I (conf: 5)"
"Petunidin 3-galactoside",7,478.1118893,4.449925773,"C22H22O12",47,"Petunidin.3.galactoside",FALSE,NA,"Petunidin 3-galactoside (conf: 7)"
"PG(36:2)",8,796.5222265,3.111744036,"C42H79O10P",2,"PG.36.2.",FALSE,NA,"PG(36:2) (conf: 8)"
"PGF1a alcohol",7,342.2768291,2.499260211,"C20H38O4",3,"PGF1a.alcohol",FALSE,NA,"PGF1a alcohol (conf: 7)"
"PGF2alpha dimethyl amide",7,381.2880613,2.814457796,"C22H39NO4",5,"PGF2alpha.dimethyl.amide",FALSE,NA,"PGF2alpha dimethyl amide (conf: 7)"
"PGH2-EA",5,393.2880737,2.905411283,"C23H39NO4",2,"PGH2.EA",FALSE,NA,"PGH2-EA (conf: 5)"
"Phaseolic acid",5,262.1412624,7.246732224,"C12H22O6",3,"Phaseolic.acid",FALSE,NA,"Phaseolic acid (conf: 5)"
"phe-FMDP",7,399.1196313,5.177122025,"C17H21N3O6",1,"phe.FMDP",FALSE,NA,"phe-FMDP (conf: 7)"
"Phe/Ala/Gly",5,293.1375642,9.277232344,"C14H19N3O4",5,"Phe.Ala.Gly",FALSE,NA,"Phe/Ala/Gly (conf: 5)"
"Phe/Asn/Asn/Arg/Ser",5,636.298508,2.432956696,"C26H40N10O9",6,"Phe.Asn.Asn.Arg.Ser",FALSE,NA,"Phe/Asn/Asn/Arg/Ser (conf: 5)"
"Phe/Asp",5,280.1061136,8.144183911,"C13H16N2O5",4,"Phe.Asp",FALSE,NA,"Phe/Asp (conf: 5)"
"Phe/Asp/His",7,453.1417137,11.00714584,"C19H23N5O6",2,"Phe.Asp.His",FALSE,NA,"Phe/Asp/His (conf: 7)"
"Phe/Asp/Pro",7,399.1407565,12.37124027,"C18H23N3O6",3,"Phe.Asp.Pro",FALSE,NA,"Phe/Asp/Pro (conf: 7)"
"Phe/Gly",5,222.1002924,8.18582849,"C11H14N2O3",2,"Phe.Gly",FALSE,NA,"Phe/Gly (conf: 5)"
"Phe/Gly",5,222.1005497,5.162651095,"C11H14N2O3",2,"Phe.Gly.1",FALSE,NA,"Phe/Gly (conf: 5)"
"Phe/Gly/Pro/Pro/Trp",5,602.2863976,2.349176438,"C32H38N6O6",1,"Phe.Gly.Pro.Pro.Trp",FALSE,NA,"Phe/Gly/Pro/Pro/Trp (conf: 5)"
"Phe/Gly/Tyr",5,385.1634126,11.10592399,"C20H23N3O5",1,"Phe.Gly.Tyr",FALSE,NA,"Phe/Gly/Tyr (conf: 5)"
"Phe/His/Met/Gln/Ser",7,694.2755448,9.603670072,"C28H40N8O8S",12,"Phe.His.Met.Gln.Ser",FALSE,NA,"Phe/His/Met/Gln/Ser (conf: 7)"
"Phe/Ile/Lys/Lys/Lys",7,662.4468825,2.408144092,"C33H58N8O6",2,"Phe.Ile.Lys.Lys.Lys",FALSE,NA,"Phe/Ile/Lys/Lys/Lys (conf: 7)"
"Phe/Leu/Asn/Thr/Val",7,592.3228268,4.851564836,"C28H44N6O8",24,"Phe.Leu.Asn.Thr.Val",FALSE,NA,"Phe/Leu/Asn/Thr/Val (conf: 7)"
"Phe/Lys/Asn/Asn/Asn",5,635.3027794,19.18012892,"C27H41N9O9",8,"Phe.Lys.Asn.Asn.Asn",FALSE,NA,"Phe/Lys/Asn/Asn/Asn (conf: 5)"
"Phe/Met/Ser/Thr/Thr",5,585.2458802,8.281945274,"C25H39N5O9S",6,"Phe.Met.Ser.Thr.Thr",FALSE,NA,"Phe/Met/Ser/Thr/Thr (conf: 5)"
"Phe/Phe/Cys",5,415.1569965,7.872225864,"C21H25N3O4S",2,"Phe.Phe.Cys",FALSE,NA,"Phe/Phe/Cys (conf: 5)"
"Phe/Pro/Arg/Arg/Trp",5,760.4145776,19.30670448,"C37H52N12O6",1,"Phe.Pro.Arg.Arg.Trp",FALSE,NA,"Phe/Pro/Arg/Arg/Trp (conf: 5)"
"Phe/Pro/His",7,435.1676729,7.285308014,"C20H25N5O4",2,"Phe.Pro.His",FALSE,NA,"Phe/Pro/His (conf: 7)"
"Phe/Pro/Tyr",5,425.1945845,11.08638737,"C23H27N3O5",1,"Phe.Pro.Tyr",FALSE,NA,"Phe/Pro/Tyr (conf: 5)"
"Phe/Ser",5,252.1110876,10.1292682,"C12H16N2O4",7,"Phe.Ser",FALSE,NA,"Phe/Ser (conf: 5)"
"Phe/Thr",7,266.1265921,6.538058127,"C13H18N2O4",5,"Phe.Thr",FALSE,NA,"Phe/Thr (conf: 7)"
"Phe/Thr",7,266.1266856,9.492583211,"C13H18N2O4",5,"Phe.Thr.1",FALSE,NA,"Phe/Thr (conf: 7)"
"Phe/Thr/Ala",7,337.1638987,6.301337354,"C16H23N3O5",4,"Phe.Thr.Ala",FALSE,NA,"Phe/Thr/Ala (conf: 7)"
"Phe/Thr/Pro",5,363.1795977,9.416755275,"C18H25N3O5",2,"Phe.Thr.Pro",FALSE,NA,"Phe/Thr/Pro (conf: 5)"
"Phe/Thr/Ser",7,353.1587672,11.68830215,"C16H23N3O6",4,"Phe.Thr.Ser",FALSE,NA,"Phe/Thr/Ser (conf: 7)"
"Phe/Thr/Thr/Tyr",5,530.2374298,8.571524732,"C26H34N4O8",2,"Phe.Thr.Thr.Tyr",FALSE,NA,"Phe/Thr/Thr/Tyr (conf: 5)"
"Phe/Tyr",5,328.1418058,10.43729767,"C18H20N2O4",3,"Phe.Tyr",FALSE,NA,"Phe/Tyr (conf: 5)"
"Phe/Tyr",7,328.1422823,4.434910764,"C18H20N2O4",3,"Phe.Tyr.1",FALSE,NA,"Phe/Tyr (conf: 7)"
"Phe/Tyr/Tyr/Tyr",5,654.2696307,12.73755281,"C36H38N4O8",6,"Phe.Tyr.Tyr.Tyr",FALSE,NA,"Phe/Tyr/Tyr/Tyr (conf: 5)"
"Phe/Val",5,264.1475509,6.127295184,"C14H20N2O3",4,"Phe.Val",FALSE,NA,"Phe/Val (conf: 5)"
"Phenol",6,94.0418071,4.441816662,"C6H6O",2,"Phenol",FALSE,NA,"Phenol (conf: 6)"
"Phenol",6,94.04180757,2.988533865,"C6H6O",2,"Phenol.1",FALSE,NA,"Phenol (conf: 6)"
"Phenol sulphate",7,173.9986884,2.986853875,"C6H6O4S",2,"Phenol.sulphate",FALSE,NA,"Phenol sulphate (conf: 7)"
"phenoxypropylpenicillin",5,378.1249238,5.816930408,"C18H22N2O5S",1,"phenoxypropylpenicillin",FALSE,NA,"phenoxypropylpenicillin (conf: 5)"
"phenyl-1-thio-beta-D-galactopyranoside",5,272.071976,6.432062645,"C12H16O5S",3,"phenyl.1.thio.beta.D.galactopyranoside",FALSE,NA,"phenyl-1-thio-beta-D-galactopyranoside (conf: 5)"
"phenyl-1-thio-beta-D-galactopyranoside",7,289.0986096,7.585800643,"C12H16O5S",3,"phenyl.1.thio.beta.D.galactopyranoside.1",FALSE,NA,"phenyl-1-thio-beta-D-galactopyranoside (conf: 7)"
"phenyl-D-cysteine",7,243.0566155,4.206012656,"C9H11NO2S",2,"phenyl.D.cysteine",FALSE,NA,"phenyl-D-cysteine (conf: 7)"
"phenyl sulfoxide",7,202.0453416,9.247797241,"C12H10OS",1,"phenyl.sulfoxide",FALSE,NA,"phenyl sulfoxide (conf: 7)"
"Phenylacetaldehyde",6,120.0575082,4.950866076,"C8H8O",10,"Phenylacetaldehyde.1",FALSE,NA,"Phenylacetaldehyde (conf: 6)"
"Phenylacetaldehyde",8,120.0574179,5.931121006,"C8H8O",10,"Phenylacetaldehyde",FALSE,NA,"Phenylacetaldehyde (conf: 8)"
"Phenylacetic acid",6,136.0524078,5.731477963,"C8H8O2",27,"Phenylacetic.acid",FALSE,NA,"Phenylacetic acid (conf: 6)"
"phenylacetohydroximoyl-cysteinylglycine",5,311.0940172,4.644850595,"C13H17N3O4S",1,"phenylacetohydroximoyl.cysteinylglycine",FALSE,NA,"phenylacetohydroximoyl-cysteinylglycine (conf: 5)"
"Phenylacetylglycine",6,193.0740137,8.367430656,"C10H11NO3",14,"Phenylacetylglycine.1",FALSE,NA,"Phenylacetylglycine (conf: 6)"
"Phenylacetylglycine",8,193.0738972,4.03800322,"C10H11NO3",14,"Phenylacetylglycine",FALSE,NA,"Phenylacetylglycine (conf: 8)"
"Phenylalanine",10,165.0789973,6.161098981,"C9H11NO2",12,"Phenylalanine",TRUE,"AA","Phenylalanine (conf: 10)"
"phenylalanyl-L-hydroxyproline",5,278.1267746,6.160843319,"C14H18N2O4",4,"phenylalanyl.L.hydroxyproline",FALSE,NA,"phenylalanyl-L-hydroxyproline (conf: 5)"
"Phenylbutyrylglutamine",5,292.142454,3.016460839,"C15H20N2O4",2,"Phenylbutyrylglutamine",FALSE,NA,"Phenylbutyrylglutamine (conf: 5)"
"Phenylethylmalonamide",7,206.1054644,5.450016112,"C11H14N2O2",2,"Phenylethylmalonamide",FALSE,NA,"Phenylethylmalonamide (conf: 7)"
"Phenylgalactoside",5,256.0948431,8.423493022,"C12H16O6",7,"Phenylgalactoside",FALSE,NA,"Phenylgalactoside (conf: 5)"
"Phenylglucuronide",7,270.0740787,5.520889807,"C12H14O7",1,"Phenylglucuronide",FALSE,NA,"Phenylglucuronide (conf: 7)"
"Phenylpropionylglycine",5,207.0895301,7.083772048,"C11H13NO3",7,"Phenylpropionylglycine",FALSE,NA,"Phenylpropionylglycine (conf: 5)"
"Phloretin",7,274.0837488,4.614044083,"C15H14O5",46,"Phloretin",FALSE,NA,"Phloretin (conf: 7)"
"Phlorin",5,288.0844913,4.862650008,"C12H16O8",3,"Phlorin",FALSE,NA,"Phlorin (conf: 5)"
"Phlorin",5,288.0845113,5.743685486,"C12H16O8",3,"Phlorin.1",FALSE,NA,"Phlorin (conf: 5)"
"Phlorin",7,305.1112734,7.170129359,"C12H16O8",3,"Phlorin.2",FALSE,NA,"Phlorin (conf: 7)"
"phlorisobutyrophenone",7,196.0735288,2.405760903,"C10H12O4",35,"phlorisobutyrophenone",FALSE,NA,"phlorisobutyrophenone (conf: 7)"
"Phlorizin",5,436.1371176,6.059328021,"C21H24O10",39,"Phlorizin",FALSE,NA,"Phlorizin (conf: 5)"
"Phloroacetophenone 6'-[xylosyl-(1->6)-glucoside]",5,490.1677466,10.85065409,"C21H30O13",1,"Phloroacetophenone.6...xylosyl..1..6..glucoside.",FALSE,NA,"Phloroacetophenone 6'-[xylosyl-(1->6)-glucoside] (conf: 5)"
"phomamide",7,318.1583003,5.166120993,"C17H22N2O4",1,"phomamide",FALSE,NA,"phomamide (conf: 7)"
"Phosphocreatine",10,211.0360088,11.0300126,"C4H10N3O5P",2,"Phosphocreatine",TRUE,"","Phosphocreatine (conf: 10)"
"Phosphodimethylethanolamine",6,169.0503437,9.643507999,"C4H12NO4P",1,"Phosphodimethylethanolamine",FALSE,NA,"Phosphodimethylethanolamine (conf: 6)"
"Phosphodimethylethanolamine",6,169.0503862,10.52847764,"C4H12NO4P",1,"Phosphodimethylethanolamine.1",FALSE,NA,"Phosphodimethylethanolamine (conf: 6)"
"Phosphoenolpyruvic acid",10,167.9823495,13.4089144,"C3H5O6P",3,"Phosphoenolpyruvic.acid",TRUE,"","Phosphoenolpyruvic acid (conf: 10)"
"Phosphoglycolic acid",6,155.9823628,10.732177,"C2H5O6P",1,"Phosphoglycolic.acid",FALSE,NA,"Phosphoglycolic acid (conf: 6)"
"Phosphoglycolic acid",8,155.9823799,11.47001202,"C2H5O6P",1,"Phosphoglycolic.acid.1",FALSE,NA,"Phosphoglycolic acid (conf: 8)"
"Phosphonate",7,81.98187792,10.57580156,"H3O3P",2,"Phosphonate",FALSE,NA,"Phosphonate (conf: 7)"
"Phosphonoacetaldehyde",6,123.9924709,10.50886031,"C2H5O4P",2,"Phosphonoacetaldehyde",FALSE,NA,"Phosphonoacetaldehyde (conf: 6)"
"Phosphonoacetaldehyde",6,123.9924856,9.745453547,"C2H5O4P",2,"Phosphonoacetaldehyde.1",FALSE,NA,"Phosphonoacetaldehyde (conf: 6)"
"Phosphonoacetate",6,139.9874285,10.75412636,"C2H5O5P",3,"Phosphonoacetate",FALSE,NA,"Phosphonoacetate (conf: 6)"
"Phosphophosphinate",5,275.0325604,11.65246042,"C6H15NO7P2",1,"Phosphophosphinate",FALSE,NA,"Phosphophosphinate (conf: 5)"
"Phosphoramidate",5,96.9929737,19.45796246,"H4NO3P",1,"Phosphoramidate",FALSE,NA,"Phosphoramidate (conf: 5)"
"Phosphoramidon",5,543.1990253,4.676427609,"C23H34N3O10P",1,"Phosphoramidon",FALSE,NA,"Phosphoramidon (conf: 5)"
"PhosphoribosylformiminoAICAR-phosphate",8,577.0830685,10.80115283,"C15H25N5O15P2",3,"PhosphoribosylformiminoAICAR.phosphate",FALSE,NA,"PhosphoribosylformiminoAICAR-phosphate (conf: 8)"
"Phyllospadine",5,383.1363083,7.363689808,"C21H21NO6",6,"Phyllospadine",FALSE,NA,"Phyllospadine (conf: 5)"
"Phytosphingosine",5,317.2930553,4.401286529,"C18H39NO3",1,"Phytosphingosine",FALSE,NA,"Phytosphingosine (conf: 5)"
"Phytuberin",7,294.1830479,2.490902694,"C17H26O4",7,"Phytuberin",FALSE,NA,"Phytuberin (conf: 7)"
"Phytyl 2-O-methyl-dimethylarsinoylribose",7,563.3521162,2.928698378,"C28H55AsO5",1,"Phytyl.2.O.methyl.dimethylarsinoylribose",FALSE,NA,"Phytyl 2-O-methyl-dimethylarsinoylribose (conf: 7)"
"PI(37:4)",6,872.5420365,2.352338506,"C46H81O13P",1,"PI.37.4.",FALSE,NA,"PI(37:4) (conf: 6)"
"PI(38:6)",5,882.5262925,2.352312645,"C47H79O13P",1,"PI.38.6.",FALSE,NA,"PI(38:6) (conf: 5)"
"PI(39:4)",6,900.5735431,2.337516688,"C48H85O13P",1,"PI.39.4.",FALSE,NA,"PI(39:4) (conf: 6)"
"Picolinamide",7,122.0479441,4.459002653,"C6H6N2O",5,"Picolinamide",FALSE,NA,"Picolinamide (conf: 7)"
"Picolinic acid",5,123.0319671,8.376015595,"C6H5NO2",5,"Picolinic.acid",FALSE,NA,"Picolinic acid (conf: 5)"
"Picolinic acid",5,123.0319749,8.794928996,"C6H5NO2",5,"Picolinic.acid.1",FALSE,NA,"Picolinic acid (conf: 5)"
"Pigment A aglycone",7,463.1263726,6.333643104,"C25H18O8",2,"Pigment.A.aglycone",FALSE,NA,"Pigment A aglycone (conf: 7)"
"PIM1(36:0)",5,1028.643038,19.23989427,"C51H97O18P",1,"PIM1.36.0.",FALSE,NA,"PIM1(36:0) (conf: 5)"
"Pimelic acid",7,160.0735501,7.460141959,"C7H12O4",13,"Pimelic.acid",FALSE,NA,"Pimelic acid (conf: 7)"
"Pimelic acid",7,160.0736068,8.9628838,"C7H12O4",13,"Pimelic.acid.1",FALSE,NA,"Pimelic acid (conf: 7)"
"Pimelylcarnitine",7,303.1682273,7.466668832,"C14H25NO6",1,"Pimelylcarnitine",FALSE,NA,"Pimelylcarnitine (conf: 7)"
"Pimelylcarnitine",7,320.1945455,6.853711499,"C14H25NO6",1,"Pimelylcarnitine.1",FALSE,NA,"Pimelylcarnitine (conf: 7)"
"Pinazepam",5,308.0714253,9.043411328,"C18H13ClN2O",1,"Pinazepam",FALSE,NA,"Pinazepam (conf: 5)"
"PIP2[4',5'](8:0/8:0)",5,746.207724,6.276114927,"C25H49O19P3",1,"PIP2.4._5...8.0.8.0.",FALSE,NA,"PIP2[4',5'](8:0/8:0) (conf: 5)"
"Pipecolic acid",10,129.0789324,7.696081198,"C6H11NO2",12,"Pipecolic.acid",TRUE,"","Pipecolic acid (conf: 10)"
"piperazine-2-carboxylate",5,130.0741724,8.80488547,"C5H10N2O2",6,"piperazine.2.carboxylate",FALSE,NA,"piperazine-2-carboxylate (conf: 5)"
"piperazine-2-tert-butylcarboxamide",7,185.1527574,8.185875809,"C9H19N3O",1,"piperazine.2.tert.butylcarboxamide",FALSE,NA,"piperazine-2-tert-butylcarboxamide (conf: 7)"
"Piperideine",6,83.07342599,10.2345313,"C5H9N",7,"Piperideine",FALSE,NA,"Piperideine (conf: 6)"
"Piperideine",6,83.07348596,4.859815093,"C5H9N",7,"Piperideine.1",FALSE,NA,"Piperideine (conf: 6)"
"Piperideine",8,83.07349101,9.065469918,"C5H9N",7,"Piperideine.2",FALSE,NA,"Piperideine (conf: 8)"
"piperidine-3-carboxylate",7,129.0787934,6.579039756,"C6H11NO2",12,"piperidine.3.carboxylate",FALSE,NA,"piperidine-3-carboxylate (conf: 7)"
"Pipobroman",5,353.9572324,11.37874538,"C10H16Br2N2O2",1,"Pipobroman",FALSE,NA,"Pipobroman (conf: 5)"
"Piscerythramine",5,451.1986691,6.218281237,"C26H29NO6",1,"Piscerythramine",FALSE,NA,"Piscerythramine (conf: 5)"
"Pisumionoside",5,404.2042042,4.45421556,"C19H32O9",1,"Pisumionoside",FALSE,NA,"Pisumionoside (conf: 5)"
"Pisumionoside",5,404.2045273,4.858210213,"C19H32O9",1,"Pisumionoside.1",FALSE,NA,"Pisumionoside (conf: 5)"
"PKOOA-PE",5,605.3332956,2.837960912,"C29H52NO10P",1,"PKOOA.PE",FALSE,NA,"PKOOA-PE (conf: 5)"
"platensimycin",5,441.178067,11.12363278,"C24H27NO7",1,"platensimycin",FALSE,NA,"platensimycin (conf: 5)"
"Platycarpanetin 7-O-laminaribioside",5,666.1795948,8.272291933,"C30H34O17",6,"Platycarpanetin.7.O.laminaribioside",FALSE,NA,"Platycarpanetin 7-O-laminaribioside (conf: 5)"
"Plumerubroside",5,510.1738749,9.724305362,"C24H30O12",1,"Plumerubroside",FALSE,NA,"Plumerubroside (conf: 5)"
"Plumieride",7,470.1417933,7.344401147,"C21H26O12",1,"Plumieride",FALSE,NA,"Plumieride (conf: 7)"
"Podophyllotoxone",5,412.1166153,5.777824139,"C22H20O8",5,"Podophyllotoxone",FALSE,NA,"Podophyllotoxone (conf: 5)"
"Polydine",7,458.0979868,4.60511208,"C20H22O10",11,"Polydine",FALSE,NA,"Polydine (conf: 7)"
"Polyethylene, oxidized",5,244.1311138,6.000176395,"C12H20O5",2,"Polyethylene_.oxidized",FALSE,NA,"Polyethylene, oxidized (conf: 5)"
"Polyethylene, oxidized",5,244.1311156,3.024469363,"C12H20O5",2,"Polyethylene_.oxidized.1",FALSE,NA,"Polyethylene, oxidized (conf: 5)"
"Polyethylene, oxidized",5,244.1311587,8.313696748,"C12H20O5",2,"Polyethylene_.oxidized.2",FALSE,NA,"Polyethylene, oxidized (conf: 5)"
"Polyoxyethylene dioleate",5,590.5280565,2.652056885,"C38H70O4",1,"Polyoxyethylene.dioleate",FALSE,NA,"Polyoxyethylene dioleate (conf: 5)"
"Polystyrene sulfonate",5,184.0192217,2.310081703,"C8H8O3S",1,"Polystyrene.sulfonate",FALSE,NA,"Polystyrene sulfonate (conf: 5)"
"Polystyrene sulfonate",7,184.0193759,11.67439086,"C8H8O3S",1,"Polystyrene.sulfonate.1",FALSE,NA,"Polystyrene sulfonate (conf: 7)"
"Porphobilinogen",6,226.0954271,12.17669461,"C10H14N2O4",3,"Porphobilinogen.1",FALSE,NA,"Porphobilinogen (conf: 6)"
"Porphobilinogen",6,226.0955343,9.490420434,"C10H14N2O4",3,"Porphobilinogen.2",FALSE,NA,"Porphobilinogen (conf: 6)"
"Porphobilinogen",8,226.0953039,8.846127418,"C10H14N2O4",3,"Porphobilinogen",FALSE,NA,"Porphobilinogen (conf: 8)"
"POV-PG",5,582.3171568,2.350104602,"C27H51O11P",1,"POV.PG",FALSE,NA,"POV-PG (conf: 5)"
"Pramanicin",5,369.2153113,4.54483048,"C19H31NO6",1,"Pramanicin",FALSE,NA,"Pramanicin (conf: 5)"
"Prebetanin",7,666.0765819,13.14547799,"C24H26N2O16S",1,"Prebetanin",FALSE,NA,"Prebetanin (conf: 7)"
"Prednisone",5,358.1775692,2.695271428,"C21H26O5",8,"Prednisone",FALSE,NA,"Prednisone (conf: 5)"
"Prekinamycin",5,318.0645724,10.21977585,"C18H10N2O4",2,"Prekinamycin",FALSE,NA,"Prekinamycin (conf: 5)"
"Prenyl-L-cysteine",8,189.0823387,3.987846541,"C8H15NO2S",1,"Prenyl.L.cysteine",FALSE,NA,"Prenyl-L-cysteine (conf: 8)"
"Prenyl cis-caffeate",7,248.10491,5.34370803,"C14H16O4",12,"Prenyl.cis.caffeate",FALSE,NA,"Prenyl cis-caffeate (conf: 7)"
"Prenyl glucoside",5,248.125979,9.553327874,"C11H20O6",5,"Prenyl.glucoside",FALSE,NA,"Prenyl glucoside (conf: 5)"
"Prephenyllactate",7,298.0688755,4.864166102,"C13H14O8",2,"Prephenyllactate",FALSE,NA,"Prephenyllactate (conf: 7)"
"Pro/Arg",5,271.164473,11.05525239,"C11H21N5O3",2,"Pro.Arg",FALSE,NA,"Pro/Arg (conf: 5)"
"Pro/Gln/Arg/Ser/Ser",7,573.287729,10.33449939,"C22H39N9O9",10,"Pro.Gln.Arg.Ser.Ser",FALSE,NA,"Pro/Gln/Arg/Ser/Ser (conf: 7)"
"Pro/Gly/Gly/Gly",5,286.1278726,11.93444606,"C11H18N4O5",4,"Pro.Gly.Gly.Gly",FALSE,NA,"Pro/Gly/Gly/Gly (conf: 5)"
"Pro/Gly/Gly/Pro",5,326.158587,6.314765803,"C14H22N4O5",3,"Pro.Gly.Gly.Pro",FALSE,NA,"Pro/Gly/Gly/Pro (conf: 5)"
"Pro/Gly/Gly/Ser",5,316.1382625,12.88287652,"C12H20N4O6",4,"Pro.Gly.Gly.Ser",FALSE,NA,"Pro/Gly/Gly/Ser (conf: 5)"
"Pro/Gly/Pro/Ser",5,356.1693961,9.231013828,"C15H24N4O6",2,"Pro.Gly.Pro.Ser",FALSE,NA,"Pro/Gly/Pro/Ser (conf: 5)"
"Pro/Gly/Ser/Ser",5,346.1489187,9.466937326,"C13H22N4O7",11,"Pro.Gly.Ser.Ser",FALSE,NA,"Pro/Gly/Ser/Ser (conf: 5)"
"Pro/Gly/Ser/Ser",7,346.1490644,10.37464536,"C13H22N4O7",11,"Pro.Gly.Ser.Ser.1",FALSE,NA,"Pro/Gly/Ser/Ser (conf: 7)"
"Pro/His",7,298.1278706,8.895534436,"C11H16N4O3",2,"Pro.His",FALSE,NA,"Pro/His (conf: 7)"
"Pro/His",7,298.1279424,9.657750702,"C11H16N4O3",2,"Pro.His.1",FALSE,NA,"Pro/His (conf: 7)"
"Pro/Pro/Pro",7,309.1688552,5.804468405,"C15H23N3O4",3,"Pro.Pro.Pro",FALSE,NA,"Pro/Pro/Pro (conf: 7)"
"Pro/Pro/Ser",5,299.1479217,11.21939763,"C13H21N3O5",2,"Pro.Pro.Ser",FALSE,NA,"Pro/Pro/Ser (conf: 5)"
"Pro/Pro/Ser",5,299.1479758,6.435140125,"C13H21N3O5",2,"Pro.Pro.Ser.1",FALSE,NA,"Pro/Pro/Ser (conf: 5)"
"Pro/Pro/Ser/Ser",5,386.1800666,7.490876788,"C16H26N4O7",5,"Pro.Pro.Ser.Ser",FALSE,NA,"Pro/Pro/Ser/Ser (conf: 5)"
"Pro/Ser/Ser",7,289.1274695,8.758745496,"C11H19N3O6",6,"Pro.Ser.Ser",FALSE,NA,"Pro/Ser/Ser (conf: 7)"
"Pro/Ser/Ser/Ser",5,376.1595879,11.05616673,"C14H24N4O8",12,"Pro.Ser.Ser.Ser",FALSE,NA,"Pro/Ser/Ser/Ser (conf: 5)"
"Pro/Thr/Gly/Gly",5,330.1540432,7.962272434,"C13H22N4O6",7,"Pro.Thr.Gly.Gly",FALSE,NA,"Pro/Thr/Gly/Gly (conf: 5)"
"Pro/Thr/Gly/Ser",7,360.1646386,8.71471042,"C14H24N4O7",20,"Pro.Thr.Gly.Ser",FALSE,NA,"Pro/Thr/Gly/Ser (conf: 7)"
"Pro/Val/Gly/Gly",5,328.1745734,11.97936595,"C14H24N4O5",5,"Pro.Val.Gly.Gly",FALSE,NA,"Pro/Val/Gly/Gly (conf: 5)"
"Pro/Val/Gly/Pro",5,368.2060939,8.74516784,"C17H28N4O5",2,"Pro.Val.Gly.Pro",FALSE,NA,"Pro/Val/Gly/Pro (conf: 5)"
"Procaterol",7,307.1897106,3.095576871,"C16H22N2O3",1,"Procaterol",FALSE,NA,"Procaterol (conf: 7)"
"Proclavaminic acid",5,202.0954404,8.601506518,"C8H14N2O4",8,"Proclavaminic.acid",FALSE,NA,"Proclavaminic acid (conf: 5)"
"Proline",10,115.0632387,8.067816638,"C5H9NO2",4,"Proline",TRUE,"AA","Proline (conf: 10)"
"proline amide",7,114.0792931,7.05913652,"C5H10N2O",3,"proline.amide",TRUE,"","proline amide (conf: 7)"
"Proline betaine",7,143.0945911,5.205762916,"C7H13NO2",5,"Proline.betaine",FALSE,NA,"Proline betaine (conf: 7)"
"prolinylglycine",5,174.1004216,5.139960209,"C7H14N2O3",6,"prolinylglycine",FALSE,NA,"prolinylglycine (conf: 5)"
"Prolylglycine",5,172.0847052,12.71223653,"C7H12N2O3",2,"Prolylglycine",FALSE,NA,"Prolylglycine (conf: 5)"
"Prolylglycine",5,172.0848332,6.198729534,"C7H12N2O3",2,"Prolylglycine.1",FALSE,NA,"Prolylglycine (conf: 5)"
"Prolylhydroxyproline",7,228.111032,10.12625001,"C10H16N2O4",5,"Prolylhydroxyproline",FALSE,NA,"Prolylhydroxyproline (conf: 7)"
"Prolylhydroxyproline",7,274.1165397,8.478034465,"C10H16N2O4",5,"Prolylhydroxyproline.1",FALSE,NA,"Prolylhydroxyproline (conf: 7)"
"Propanoyl phosphate",8,154.0031023,7.215274136,"C3H7O5P",5,"Propanoyl.phosphate",FALSE,NA,"Propanoyl phosphate (conf: 8)"
"Propenoylcarnitine",7,215.1156912,3.744809157,"C10H17NO4",51,"Propenoylcarnitine",FALSE,NA,"Propenoylcarnitine (conf: 7)"
"Propiconazole",5,341.0700384,5.037930421,"C15H17Cl2N3O2",1,"Propiconazole",FALSE,NA,"Propiconazole (conf: 5)"
"Propionic acid",6,74.03675357,9.189841847,"C3H6O2",7,"Propionic.acid",FALSE,NA,"Propionic acid (conf: 6)"
"Propionylcarnitine",9,217.1312295,5.897404024,"C10H19NO4",1,"Propionylcarnitine",TRUE,"","Propionylcarnitine (conf: 9)"
"Propofol glucuronide",7,371.1945405,5.181641184,"C18H26O7",1,"Propofol.glucuronide",FALSE,NA,"Propofol glucuronide (conf: 7)"
"Propyl cinnamate",5,190.0993203,2.689765594,"C12H14O2",23,"Propyl.cinnamate",FALSE,NA,"Propyl cinnamate (conf: 5)"
"Propylene glycol mono- and diesters of fats and fatty acids",5,510.4651158,2.293630473,"C32H62O4",15,"Propylene.glycol.mono..and.diesters.of.fats.and.fatty.acids",FALSE,NA,"Propylene glycol mono- and diesters of fats and fatty acids (conf: 5)"
"Prostaglandin F1a",7,356.2560585,2.594916649,"C20H36O5",4,"Prostaglandin.F1a",FALSE,NA,"Prostaglandin F1a (conf: 7)"
"Prosulfuron",7,465.0929216,5.124432741,"C15H16F3N5O4S",1,"Prosulfuron",FALSE,NA,"Prosulfuron (conf: 7)"
"protodeoxyviolaceinate",7,363.0984527,5.401624716,"C21H15N3O2",1,"protodeoxyviolaceinate",FALSE,NA,"protodeoxyviolaceinate (conf: 7)"
"Prunasin",5,295.1053039,6.322618849,"C14H17NO6",2,"Prunasin",FALSE,NA,"Prunasin (conf: 5)"
"pseudaminate",7,334.1376807,7.184459851,"C13H22N2O8",1,"pseudaminate",FALSE,NA,"pseudaminate (conf: 7)"
"Pseudouridine",10,244.0695355,7.381191344,"C9H12N2O6",2,"Pseudouridine",TRUE,"","Pseudouridine (conf: 10)"
"Pseudouridine 5'-phosphate",6,324.0359767,12.03203332,"C9H13N2O9P",4,"Pseudouridine.5..phosphate",FALSE,NA,"Pseudouridine 5'-phosphate (conf: 6)"
"psi-Pelletierine",7,153.1153333,5.792251636,"C9H15NO",14,"psi.Pelletierine",FALSE,NA,"psi-Pelletierine (conf: 7)"
"Psicofuranin",5,297.1073788,5.954640268,"C11H15N5O5",7,"Psicofuranin",FALSE,NA,"Psicofuranin (conf: 5)"
"psicoselysine",5,308.158415,11.98387819,"C12H24N2O7",2,"psicoselysine.1",FALSE,NA,"psicoselysine (conf: 5)"
"psicoselysine",7,308.1584052,14.05198385,"C12H24N2O7",2,"psicoselysine",FALSE,NA,"psicoselysine (conf: 7)"
"psicoselysine",7,308.1584326,12.6456598,"C12H24N2O7",2,"psicoselysine.2",FALSE,NA,"psicoselysine (conf: 7)"
"pteroate",5,312.0975316,4.620147144,"C14H12N6O3",1,"pteroate",FALSE,NA,"pteroate (conf: 5)"
"Pteroside Z",5,394.1992039,4.478298805,"C21H30O7",2,"Pteroside.Z",FALSE,NA,"Pteroside Z (conf: 5)"
"Purine",8,120.0435026,4.8401454,"C5H4N4",1,"Purine",TRUE,"","Purine (conf: 8)"
"Pyochelin",5,324.0600757,6.080847168,"C14H16N2O3S2",2,"Pyochelin",FALSE,NA,"Pyochelin (conf: 5)"
"Pyrazin-2-carboxylic acid",5,124.0273042,10.22186082,"C5H4N2O2",1,"Pyrazin.2.carboxylic.acid",FALSE,NA,"Pyrazin-2-carboxylic acid (conf: 5)"
"Pyrazinamide",5,123.043133,5.832830157,"C5H5N3O",1,"Pyrazinamide",FALSE,NA,"Pyrazinamide (conf: 5)"
"Pyrene",5,202.078239,2.5544355,"C16H10",2,"Pyrene",FALSE,NA,"Pyrene (conf: 5)"
"Pyridine",5,79.04218281,6.912973613,"C5H5N",1,"Pyridine",FALSE,NA,"Pyridine (conf: 5)"
"Pyridoxal",8,167.0582676,4.686403254,"C8H9NO3",10,"Pyridoxal",TRUE,"","Pyridoxal (conf: 8)"
"Pyridoxal 5'-phosphate",6,247.0245223,10.81821675,"C8H10NO6P",1,"Pyridoxal.5..phosphate",FALSE,NA,"Pyridoxal 5'-phosphate (conf: 6)"
"Pyrimethanil",7,235.087775,3.137963797,"C12H13N3",1,"Pyrimethanil",FALSE,NA,"Pyrimethanil (conf: 7)"
"Pyrimidine 5'-deoxynucleotide",7,278.0662504,9.6458816,"C9H15N2O6P",1,"Pyrimidine.5..deoxynucleotide",FALSE,NA,"Pyrimidine 5'-deoxynucleotide (conf: 7)"
"Pyrimidine 5'-nucleotide",8,294.0619758,8.428531077,"C9H15N2O7P",1,"Pyrimidine.5..nucleotide",FALSE,NA,"Pyrimidine 5'-nucleotide (conf: 8)"
"Pyrimidine nucleoside",5,214.0951843,7.180608573,"C9H14N2O4",1,"Pyrimidine.nucleoside.1",FALSE,NA,"Pyrimidine nucleoside (conf: 5)"
"Pyrimidine nucleoside",7,214.0951567,8.894654305,"C9H14N2O4",1,"Pyrimidine.nucleoside",FALSE,NA,"Pyrimidine nucleoside (conf: 7)"
"Pyrocoll",7,222.0196094,5.826767827,"C10H6N2O2",2,"Pyrocoll",FALSE,NA,"Pyrocoll (conf: 7)"
"Pyrogallol-2-O-glucuronide",5,302.0638055,5.917541977,"C12H14O9",5,"Pyrogallol.2.O.glucuronide",FALSE,NA,"Pyrogallol-2-O-glucuronide (conf: 5)"
"Pyroglutamic acid",8,129.0425591,6.325004791,"C5H7NO3",7,"Pyroglutamic.acid",FALSE,NA,"Pyroglutamic acid (conf: 8)"
"Pyrrolidine",7,71.0735662,14.09631718,"C4H9N",2,"Pyrrolidine",FALSE,NA,"Pyrrolidine (conf: 7)"
"Pyruvate oxime",5,103.0269134,8.42783336,"C3H5NO3",5,"Pyruvate.oxime",FALSE,NA,"Pyruvate oxime (conf: 5)"
"pyruvoyl-L-leucyl-L-methionine",5,332.1407487,5.387792583,"C14H24N2O5S",1,"pyruvoyl.L.leucyl.L.methionine",FALSE,NA,"pyruvoyl-L-leucyl-L-methionine (conf: 5)"
"pyruvoyl-L-leucyl-L-methionine",5,332.1408687,4.59673276,"C14H24N2O5S",1,"pyruvoyl.L.leucyl.L.methionine.1",FALSE,NA,"pyruvoyl-L-leucyl-L-methionine (conf: 5)"
"QH(2)",5,252.1362871,2.982474715,"C14H20O4",3,"QH.2.",FALSE,NA,"QH(2) (conf: 5)"
"Quercetagetin 4'-methyl ether 7-(6-(E)-caffeylglucoside)",5,656.1366464,10.62513221,"C31H28O16",1,"Quercetagetin.4..methyl.ether.7..6..E..caffeylglucoside.",FALSE,NA,"Quercetagetin 4'-methyl ether 7-(6-(E)-caffeylglucoside) (conf: 5)"
"Quercetagetin 7-(6''-(E)-caffeoylglucoside)",7,678.0994044,13.56715121,"C30H26O16",1,"Quercetagetin.7..6....E..caffeoylglucoside.",FALSE,NA,"Quercetagetin 7-(6''-(E)-caffeoylglucoside) (conf: 7)"
"Quercetagetin 7-(6''-(E)-caffeoylglucoside)",7,688.1275329,10.46009932,"C30H26O16",1,"Quercetagetin.7..6....E..caffeoylglucoside..1",FALSE,NA,"Quercetagetin 7-(6''-(E)-caffeoylglucoside) (conf: 7)"
"Quercetin 3-(2'''-galloylglucosyl)-(1->2)-alpha-L-arabinofuranoside",7,765.1760928,10.56817136,"C33H32O20",1,"Quercetin.3..2....galloylglucosyl...1..2..alpha.L.arabinofuranoside",FALSE,NA,"Quercetin 3-(2'''-galloylglucosyl)-(1->2)-alpha-L-arabinofuranoside (conf: 7)"
"Quercetin 3-(6''-malonyl-glucoside)",7,550.0953275,7.293906808,"C24H22O15",3,"Quercetin.3..6...malonyl.glucoside.",FALSE,NA,"Quercetin 3-(6''-malonyl-glucoside) (conf: 7)"
"Quercetin 3-galactoside",7,486.0777893,11.6637408,"C21H20O12",66,"Quercetin.3.galactoside",FALSE,NA,"Quercetin 3-galactoside (conf: 7)"
"Quercetin 3-O-(6''-acetyl-glucoside)",5,506.1055844,4.390636716,"C23H22O13",3,"Quercetin.3.O..6...acetyl.glucoside.",FALSE,NA,"Quercetin 3-O-(6''-acetyl-glucoside) (conf: 5)"
"Quercetin 3-O-(6''-acetyl-glucoside)",7,528.0876296,3.104706302,"C23H22O13",3,"Quercetin.3.O..6...acetyl.glucoside..1",FALSE,NA,"Quercetin 3-O-(6''-acetyl-glucoside) (conf: 7)"
"Questin",7,284.068552,2.788481822,"C16H12O5",24,"Questin",FALSE,NA,"Questin (conf: 7)"
"Quinacridone",5,312.0894194,4.805527242,"C20H12N2O2",1,"Quinacridone",FALSE,NA,"Quinacridone (conf: 5)"
"Quinaldic acid",5,173.0476156,3.196983313,"C10H7NO2",4,"Quinaldic.acid",FALSE,NA,"Quinaldic acid (conf: 5)"
"Quinalphos",5,298.0545123,2.435474232,"C12H15N2O3PS",1,"Quinalphos",FALSE,NA,"Quinalphos (conf: 5)"
"Quinaprilat",7,410.183671,12.33195285,"C23H26N2O5",1,"Quinaprilat",FALSE,NA,"Quinaprilat (conf: 7)"
"Quinic acid",8,192.0633829,8.2947801,"C7H12O6",9,"Quinic.acid",TRUE,"","Quinic acid (conf: 8)"
"quinocarcin",5,330.1580742,17.99866094,"C18H22N2O4",1,"quinocarcin",FALSE,NA,"quinocarcin (conf: 5)"
"Quinoline-4,8-diol",6,161.0476982,5.071247798,"C9H7NO2",11,"Quinoline.4_8.diol",FALSE,NA,"Quinoline-4,8-diol (conf: 6)"
"Quinolinic acid",8,167.0219277,10.86842044,"C7H5NO4",8,"Quinolinic.acid",TRUE,"","Quinolinic acid (conf: 8)"
"Raffinose",10,504.1694421,11.84842926,"C18H32O16",28,"Raffinose",TRUE,"Sugar","Raffinose (conf: 10)"
"Remoxipride",5,370.0888072,11.54530345,"C16H23BrN2O3",1,"Remoxipride",FALSE,NA,"Remoxipride (conf: 5)"
"Retinyl ester",5,302.2246417,2.402274733,"C20H30O2",59,"Retinyl.ester",FALSE,NA,"Retinyl ester (conf: 5)"
"Retronecine",5,155.0946192,8.06700912,"C8H13NO2",5,"Retronecine",FALSE,NA,"Retronecine (conf: 5)"
"Retronecine",7,155.0946301,12.47088439,"C8H13NO2",5,"Retronecine.1",FALSE,NA,"Retronecine (conf: 7)"
"Rhamnono-1,4-lactone",8,162.0528485,7.269607019,"C6H10O5",27,"Rhamnono.1_4.lactone",FALSE,NA,"Rhamnono-1,4-lactone (conf: 8)"
"Rhamnose",8,186.0503549,5.480125512,"C6H12O5",19,"Rhamnose",FALSE,NA,"Rhamnose (conf: 8)"
"Rhamnose",8,200.0450141,5.812169007,"C6H12O5",19,"Rhamnose.1",FALSE,NA,"Rhamnose (conf: 8)"
"Rhamnulose",8,164.0685071,7.38028169,"C6H12O5",19,"Rhamnulose",FALSE,NA,"Rhamnulose (conf: 8)"
"Rhazidigenine Nb-oxide",5,314.1995104,25.89851081,"C19H26N2O2",1,"Rhazidigenine.Nb.oxide",FALSE,NA,"Rhazidigenine Nb-oxide (conf: 5)"
"Rhipocephalin",5,376.188417,2.99719916,"C21H28O6",5,"Rhipocephalin",FALSE,NA,"Rhipocephalin (conf: 5)"
"Ribitol",8,152.0684723,8.091963266,"C5H12O5",3,"Ribitol",FALSE,NA,"Ribitol (conf: 8)"
"Ribitol 5-phosphate",8,232.0347736,11.35468683,"C5H13O8P",1,"Ribitol.5.phosphate",FALSE,NA,"Ribitol 5-phosphate (conf: 8)"
"Riboflavin",6,376.1384063,5.092459194,"C17H20N4O6",3,"Riboflavin",FALSE,NA,"Riboflavin (conf: 6)"
"Riboflavin reduced",7,365.1335697,5.333846555,"C15H16N4O6",2,"Riboflavin.reduced",FALSE,NA,"Riboflavin reduced (conf: 7)"
"Ribose",8,150.0528774,7.075440848,"C5H10O5",15,"Ribose",FALSE,NA,"Ribose (conf: 8)"
"Ribose 1-phosphate",8,230.0191658,10.77526176,"C5H11O8P",12,"Ribose.1.phosphate",FALSE,NA,"Ribose 1-phosphate (conf: 8)"
"Ribose 5-phosphate",8,230.0191876,11.44430913,"C5H11O8P",12,"Ribose.5.phosphate",TRUE,"","Ribose 5-phosphate (conf: 8)"
"Ribosyl-L-homocysteine",6,267.0776885,9.436594224,"C9H17NO6S",1,"Ribosyl.L.homocysteine",FALSE,NA,"Ribosyl-L-homocysteine (conf: 6)"
"Ribosyl-L-homocysteine",6,267.0778982,8.491873555,"C9H17NO6S",1,"Ribosyl.L.homocysteine.1",FALSE,NA,"Ribosyl-L-homocysteine (conf: 6)"
"Ribosyl-L-homocysteine",6,267.0779943,9.849355981,"C9H17NO6S",1,"Ribosyl.L.homocysteine.2",FALSE,NA,"Ribosyl-L-homocysteine (conf: 6)"
"Ribosyl-L-homocysteine",8,289.0597186,10.30058394,"C9H17NO6S",1,"Ribosyl.L.homocysteine.3",FALSE,NA,"Ribosyl-L-homocysteine (conf: 8)"
"Ribothymidine",7,258.0852753,4.966104564,"C10H14N2O6",4,"Ribothymidine",TRUE,"","Ribothymidine (conf: 7)"
"Ribulose",6,150.0528069,8.322992505,"C5H10O5",15,"Ribulose",FALSE,NA,"Ribulose (conf: 6)"
"Riccionidin A",7,301.0588965,11.72291607,"C15H8O6",10,"Riccionidin.A",FALSE,NA,"Riccionidin A (conf: 7)"
"Ricinine",5,164.0585596,5.191817712,"C8H8N2O2",1,"Ricinine",FALSE,NA,"Ricinine (conf: 5)"
"Ricinine",7,181.0850958,4.671011303,"C8H8N2O2",1,"Ricinine.1",FALSE,NA,"Ricinine (conf: 7)"
"Rishitin",5,222.1620036,2.492600537,"C14H22O2",9,"Rishitin.2",FALSE,NA,"Rishitin (conf: 5)"
"Rishitin",7,222.1619614,4.435773132,"C14H22O2",9,"Rishitin",FALSE,NA,"Rishitin (conf: 7)"
"Rishitin",7,222.1619713,2.992433322,"C14H22O2",9,"Rishitin.1",FALSE,NA,"Rishitin (conf: 7)"
"RO 5126766",5,471.101462,6.144768321,"C21H18FN5O5S",1,"RO.5126766",FALSE,NA,"RO 5126766 (conf: 5)"
"RO 5126766",5,471.1015437,5.410181474,"C21H18FN5O5S",1,"RO.5126766.1",FALSE,NA,"RO 5126766 (conf: 5)"
"Roflumilast N-oxide",5,418.0305491,18.56370009,"C17H14Cl2F2N2O4",1,"Roflumilast.N.oxide",FALSE,NA,"Roflumilast N-oxide (conf: 5)"
"Rosinidin",5,314.0786863,6.594230942,"C17H14O6",30,"Rosinidin",FALSE,NA,"Rosinidin (conf: 5)"
"Rosinidin",5,314.0793563,8.048556519,"C17H14O6",30,"Rosinidin.1",FALSE,NA,"Rosinidin (conf: 5)"
"Rutagravine",5,339.1104497,9.644146729,"C19H17NO5",3,"Rutagravine",FALSE,NA,"Rutagravine (conf: 5)"
"S,S-Dimethyl-beta-propiothetin",5,134.040229,6.111407609,"C5H10O2S",8,"S_S.Dimethyl.beta.propiothetin",FALSE,NA,"S,S-Dimethyl-beta-propiothetin (conf: 5)"
"Saccharin",7,229.0044647,4.446099994,"C7H5NO3S",1,"Saccharin",FALSE,NA,"Saccharin (conf: 7)"
"Sagecoumarin",7,536.0950078,11.94529889,"C27H20O12",1,"Sagecoumarin",FALSE,NA,"Sagecoumarin (conf: 7)"
"Salbutamol 4-O-sulfate",7,341.0911448,7.141079161,"C13H21NO6S",1,"Salbutamol.4.O.sulfate",FALSE,NA,"Salbutamol 4-O-sulfate (conf: 7)"
"Salicyluric acid",5,195.0532412,3.567699473,"C9H9NO4",17,"Salicyluric.acid",FALSE,NA,"Salicyluric acid (conf: 5)"
"salmochelin S1",5,626.1604856,7.108233297,"C26H30N2O16",1,"salmochelin.S1",FALSE,NA,"salmochelin S1 (conf: 5)"
"Salsoline-1-carboxylate",5,237.0999336,5.233483345,"C12H15NO4",4,"Salsoline.1.carboxylate",FALSE,NA,"Salsoline-1-carboxylate (conf: 5)"
"Salsoline-1-carboxylate",5,237.0999953,7.414847819,"C12H15NO4",4,"Salsoline.1.carboxylate.1",FALSE,NA,"Salsoline-1-carboxylate (conf: 5)"
"Salsolinol",7,179.0946378,10.56843439,"C10H13NO2",13,"Salsolinol",FALSE,NA,"Salsolinol (conf: 7)"
"sangivamycin",5,309.1073687,7.706201119,"C12H15N5O5",1,"sangivamycin",FALSE,NA,"sangivamycin (conf: 5)"
"Sanguilutine",5,393.157034,7.635527021,"C23H23NO5",1,"Sanguilutine",FALSE,NA,"Sanguilutine (conf: 5)"
"Sanguilutine",5,393.157065,9.344772427,"C23H23NO5",1,"Sanguilutine.1",FALSE,NA,"Sanguilutine (conf: 5)"
"Sanguilutine",5,393.1571352,8.988986873,"C23H23NO5",1,"Sanguilutine.2",FALSE,NA,"Sanguilutine (conf: 5)"
"Sanguinarine",5,331.0845261,5.619002369,"C20H13NO4",1,"Sanguinarine",FALSE,NA,"Sanguinarine (conf: 5)"
"Santene",7,122.1094846,2.878491925,"C9H14",2,"Santene",FALSE,NA,"Santene (conf: 7)"
"Sarcinic acid",6,242.2245475,2.434232265,"C15H30O2",30,"Sarcinic.acid",FALSE,NA,"Sarcinic acid (conf: 6)"
"Sarcosine",8,89.04765881,7.798222548,"C3H7NO2",9,"Sarcosine",FALSE,NA,"Sarcosine (conf: 8)"
"Sarmentosin epoxide",5,291.0953852,7.305973553,"C11H17NO8",4,"Sarmentosin.epoxide",FALSE,NA,"Sarmentosin epoxide (conf: 5)"
"Sarmentosin epoxide",7,313.0774612,8.75316555,"C11H17NO8",4,"Sarmentosin.epoxide.1",FALSE,NA,"Sarmentosin epoxide (conf: 7)"
"Sarsasapogenin 3-[4''-glucosyl-6''-arabinosylglucoside]",5,872.4785052,19.52904025,"C44H72O17",5,"Sarsasapogenin.3..4...glucosyl.6...arabinosylglucoside.",FALSE,NA,"Sarsasapogenin 3-[4''-glucosyl-6''-arabinosylglucoside] (conf: 5)"
"SB 243213",5,428.1464312,6.594232141,"C22H19F3N4O2",1,"SB.243213",FALSE,NA,"SB 243213 (conf: 5)"
"SC-1271",7,394.0482053,5.396618372,"C18H15ClN2O4",1,"SC.1271",FALSE,NA,"SC-1271 (conf: 7)"
"Sch 59884",5,866.3337857,6.069823677,"C41H49F2N8O9P",1,"Sch.59884",FALSE,NA,"Sch 59884 (conf: 5)"
"Scopoline",7,172.1211343,5.589726897,"C8H13NO2",5,"Scopoline",FALSE,NA,"Scopoline (conf: 7)"
"scyllo-Inositol",6,180.0634064,9.521426326,"C6H12O6",18,"scyllo.Inositol",FALSE,NA,"scyllo-Inositol (conf: 6)"
"scyllo-inosose",8,178.0477304,9.626429535,"C6H10O6",24,"scyllo.inosose",FALSE,NA,"scyllo-inosose (conf: 8)"
"Sebacic acid",5,202.1205237,8.450104843,"C10H18O4",10,"Sebacic.acid.1",FALSE,NA,"Sebacic acid (conf: 5)"
"Sebacic acid",7,202.1205168,6.501295684,"C10H18O4",10,"Sebacic.acid",FALSE,NA,"Sebacic acid (conf: 7)"
"Sec",7,184.9829463,12.44104445,"C3H6NO2Se",1,"Sec",FALSE,NA,"Sec (conf: 7)"
"sec-butylmercury",5,258.0328138,8.951081297,"C4H8Hg",1,"sec.butylmercury",FALSE,NA,"sec-butylmercury (conf: 5)"
"Secobarbital",5,238.131693,5.028294619,"C12H18N2O3",2,"Secobarbital",FALSE,NA,"Secobarbital (conf: 5)"
"Secobarbital",5,238.1317718,25.34887092,"C12H18N2O3",2,"Secobarbital.2",FALSE,NA,"Secobarbital (conf: 5)"
"Secobarbital",5,238.1317999,7.22044512,"C12H18N2O3",2,"Secobarbital.4",FALSE,NA,"Secobarbital (conf: 5)"
"Secobarbital",5,238.1318463,8.351144688,"C12H18N2O3",2,"Secobarbital.5",FALSE,NA,"Secobarbital (conf: 5)"
"Secobarbital",7,238.1317357,2.953437649,"C12H18N2O3",2,"Secobarbital.1",FALSE,NA,"Secobarbital (conf: 7)"
"Secobarbital",7,238.1317808,4.384660192,"C12H18N2O3",2,"Secobarbital.3",FALSE,NA,"Secobarbital (conf: 7)"
"Secobarbital",7,260.1135466,6.276451355,"C12H18N2O3",2,"Secobarbital.6",FALSE,NA,"Secobarbital (conf: 7)"
"Secogalioside",5,420.1267118,8.311561462,"C17H24O12",1,"Secogalioside",FALSE,NA,"Secogalioside (conf: 5)"
"Secogalioside",7,456.1027251,10.09695463,"C17H24O12",1,"Secogalioside.1",FALSE,NA,"Secogalioside (conf: 7)"
"Secologanate",5,374.1211907,7.413685064,"C16H22O10",3,"Secologanate",FALSE,NA,"Secologanate (conf: 5)"
"Sedoheptulose 7-phosphate",10,290.0403254,11.96574405,"C7H15O10P",4,"Sedoheptulose.7.phosphate",TRUE,"","Sedoheptulose 7-phosphate (conf: 10)"
"selenium dioxide",5,111.9063076,8.367882199,"O2Se",1,"selenium.dioxide",FALSE,NA,"selenium dioxide (conf: 5)"
"Selenocysteine selenate",8,217.9802965,13.5839414,"C3H7NO4Se",1,"Selenocysteine.selenate",FALSE,NA,"Selenocysteine selenate (conf: 8)"
"Semilepidinoside A",5,336.1320987,6.383941405,"C16H20N2O6",1,"Semilepidinoside.A",FALSE,NA,"Semilepidinoside A (conf: 5)"
"Semilepidinoside A",7,358.1142218,13.26317479,"C16H20N2O6",1,"Semilepidinoside.A.1",FALSE,NA,"Semilepidinoside A (conf: 7)"
"Semilepidinoside A",7,358.1142268,12.56443867,"C16H20N2O6",1,"Semilepidinoside.A.2",FALSE,NA,"Semilepidinoside A (conf: 7)"
"Senecionine",5,335.1733645,4.38923709,"C18H25NO5",3,"Senecionine",FALSE,NA,"Senecionine (conf: 5)"
"Senecivernine",7,357.1551339,7.273267734,"C18H25NO5",3,"Senecivernine",FALSE,NA,"Senecivernine (conf: 7)"
"Ser/Ser",5,192.0745885,11.09936555,"C6H12N2O5",1,"Ser.Ser",FALSE,NA,"Ser/Ser (conf: 5)"
"Ser/Ser/Ser/Ser/Ser",7,499.1758302,8.562896843,"C15H27N5O11",1,"Ser.Ser.Ser.Ser.Ser",FALSE,NA,"Ser/Ser/Ser/Ser/Ser (conf: 7)"
"Ser/Tyr",5,268.1060313,10.10563098,"C12H16N2O5",2,"Ser.Tyr",FALSE,NA,"Ser/Tyr (conf: 5)"
"Sergeolide",5,504.1624334,8.875752186,"C25H28O11",55,"Sergeolide",FALSE,NA,"Sergeolide (conf: 5)"
"Serine",10,105.0425106,10.6851554,"C3H7NO3",2,"Serine",TRUE,"AA","Serine (conf: 10)"
"Serotinose",5,312.1059576,9.076533947,"C11H20O10",10,"Serotinose",FALSE,NA,"Serotinose (conf: 5)"
"Serotinose",7,334.0877112,9.458674709,"C11H20O10",10,"Serotinose.1",FALSE,NA,"Serotinose (conf: 7)"
"Serotonin",8,176.0950044,4.294153218,"C10H12N2O",7,"Serotonin",FALSE,NA,"Serotonin (conf: 8)"
"Shihunine",7,225.0766151,3.814455756,"C12H13NO2",5,"Shihunine",FALSE,NA,"Shihunine (conf: 7)"
"Shikimic acid",8,174.0528922,9.351268809,"C7H10O5",10,"Shikimic.acid",TRUE,"","Shikimic acid (conf: 8)"
"Shoyuflavone A",7,386.0634002,9.384600752,"C19H14O9",1,"Shoyuflavone.A",FALSE,NA,"Shoyuflavone A (conf: 7)"
"sibiromycin",5,475.2312519,2.921846543,"C24H33N3O7",1,"sibiromycin",FALSE,NA,"sibiromycin (conf: 5)"
"Silicic acid",5,95.98795379,6.605853222,"H4O4Si",1,"Silicic.acid.1",FALSE,NA,"Silicic acid (conf: 5)"
"Silicic acid",7,95.98795247,5.887843552,"H4O4Si",1,"Silicic.acid",FALSE,NA,"Silicic acid (conf: 7)"
"Sinapine",7,309.1576571,5.203331174,"C16H23NO5",2,"Sinapine",FALSE,NA,"Sinapine (conf: 7)"
"Sinapyl alcohol",5,210.0891794,2.992249982,"C11H14O4",23,"Sinapyl.alcohol",FALSE,NA,"Sinapyl alcohol (conf: 5)"
"Slaframine",5,240.1474055,6.099560744,"C12H20N2O3",2,"Slaframine",FALSE,NA,"Slaframine (conf: 5)"
"SM(d32:1)",6,674.5372809,2.697895418,"C37H75N2O6P",2,"SM.d32.1.",FALSE,NA,"SM(d32:1) (conf: 6)"
"SM(d34:1(OH))",6,716.5470764,2.705341962,"C39H77N2O7P",2,"SM.d34.1.OH..",FALSE,NA,"SM(d34:1(OH)) (conf: 6)"
"SM(d34:1)",8,702.5682084,2.673199989,"C39H79N2O6P",2,"SM.d34.1.",FALSE,NA,"SM(d34:1) (conf: 8)"
"SM(d35:1)",6,716.5830926,2.665143664,"C40H81N2O6P",2,"SM.d35.1.",FALSE,NA,"SM(d35:1) (conf: 6)"
"SM(d36:1)",6,730.5997457,4.264706316,"C41H83N2O6P",2,"SM.d36.1.",FALSE,NA,"SM(d36:1) (conf: 6)"
"SM(d36:2)",6,728.5840548,4.275837357,"C41H81N2O6P",2,"SM.d36.2.",FALSE,NA,"SM(d36:2) (conf: 6)"
"SM(d37:1)",6,744.6150175,2.637960903,"C42H85N2O6P",2,"SM.d37.1.",FALSE,NA,"SM(d37:1) (conf: 6)"
"SM(d38:1)",8,758.63093,4.052669534,"C43H87N2O6P",1,"SM.d38.1.",FALSE,NA,"SM(d38:1) (conf: 8)"
"SM(d39:1)",6,772.6457907,2.633350574,"C44H89N2O6P",1,"SM.d39.1.",FALSE,NA,"SM(d39:1) (conf: 6)"
"SM(d40:1)",6,786.6623299,3.953420117,"C45H91N2O6P",1,"SM.d40.1.",FALSE,NA,"SM(d40:1) (conf: 6)"
"SM(d40:2)",6,784.6465298,3.966517815,"C45H89N2O6P",2,"SM.d40.2.",FALSE,NA,"SM(d40:2) (conf: 6)"
"SM(d40:3)",7,782.6310804,3.99797529,"C45H87N2O6P",1,"SM.d40.3.",FALSE,NA,"SM(d40:3) (conf: 7)"
"SM(d41:1)",6,800.6779657,3.908011487,"C46H93N2O6P",2,"SM.d41.1.",FALSE,NA,"SM(d41:1) (conf: 6)"
"SM(d41:2)",5,798.662025,3.934047147,"C46H91N2O6P",2,"SM.d41.2.",FALSE,NA,"SM(d41:2) (conf: 5)"
"SM(d42:1)",5,814.6924239,2.677508036,"C47H95N2O6P",2,"SM.d42.1.",FALSE,NA,"SM(d42:1) (conf: 5)"
"SM(d42:2)",7,812.6778364,3.892259769,"C47H93N2O6P",1,"SM.d42.2.",FALSE,NA,"SM(d42:2) (conf: 7)"
"SM(d42:3)",6,810.6614251,2.614714954,"C47H91N2O6P",1,"SM.d42.3.",FALSE,NA,"SM(d42:3) (conf: 6)"
"SM(d42:3)",6,810.662404,3.907095407,"C47H91N2O6P",1,"SM.d42.3..1",FALSE,NA,"SM(d42:3) (conf: 6)"
"sn-glycero-3-Phosphoethanolamine",8,215.0558515,10.85011026,"C5H14NO6P",2,"sn.glycero.3.Phosphoethanolamine",FALSE,NA,"sn-glycero-3-Phosphoethanolamine (conf: 8)"
"Sorbose",8,180.0633872,7.622680139,"C6H12O6",18,"Sorbose",FALSE,NA,"Sorbose (conf: 8)"
"Soterenol",7,288.1145179,5.094993464,"C12H20N2O4S",1,"Soterenol",FALSE,NA,"Soterenol (conf: 7)"
"SP (4:0)",7,277.2406385,2.649560744,"C18H31NO",1,"SP..4.0.",FALSE,NA,"SP (4:0) (conf: 7)"
"Sphenostylin D",5,402.1672198,12.26286172,"C22H26O7",5,"Sphenostylin.D",FALSE,NA,"Sphenostylin D (conf: 5)"
"Sphingofungin E",5,417.2728336,4.725325872,"C21H39NO7",1,"Sphingofungin.E",FALSE,NA,"Sphingofungin E (conf: 5)"
"spiroiminodihydantoin",7,183.0392129,8.24473335,"C5H5N5O3",1,"spiroiminodihydantoin",FALSE,NA,"spiroiminodihydantoin (conf: 7)"
"Squamocin-V",5,622.5177734,2.292663197,"C38H70O6",1,"Squamocin.V",FALSE,NA,"Squamocin-V (conf: 5)"
"Squamostatin  D",5,608.4657355,2.333017827,"C36H64O7",1,"Squamostatin..D",FALSE,NA,"Squamostatin  D (conf: 5)"
"Stearic acid",6,284.2714585,2.384910756,"C18H36O2",28,"Stearic.acid",FALSE,NA,"Stearic acid (conf: 6)"
"stearoyl phosphate",5,364.2375828,2.552885042,"C18H37O5P",1,"stearoyl.phosphate",FALSE,NA,"stearoyl phosphate (conf: 5)"
"Stearoylcarnitine",5,427.3662734,4.403414356,"C25H49NO4",1,"Stearoylcarnitine",FALSE,NA,"Stearoylcarnitine (conf: 5)"
"Stearoylcarnitine",5,427.3663031,2.782013211,"C25H49NO4",1,"Stearoylcarnitine.1",FALSE,NA,"Stearoylcarnitine (conf: 5)"
"Stipitatate",5,182.0215396,10.40508817,"C8H6O5",7,"Stipitatate",FALSE,NA,"Stipitatate (conf: 5)"
"Stoloniferone F",5,462.3344666,2.401788514,"C28H46O5",6,"Stoloniferone.F",FALSE,NA,"Stoloniferone F (conf: 5)"
"Stoloniferone G",5,460.3188835,2.409957474,"C28H44O5",8,"Stoloniferone.G",FALSE,NA,"Stoloniferone G (conf: 5)"
"Stypandrol",7,447.1675847,4.909091416,"C26H22O6",1,"Stypandrol",FALSE,NA,"Stypandrol (conf: 7)"
"SU5402",7,313.1426689,4.929820448,"C17H16N2O3",1,"SU5402",FALSE,NA,"SU5402 (conf: 7)"
"Suberic acid",7,174.0891973,8.432868301,"C8H14O4",7,"Suberic.acid",TRUE,"","Suberic acid (conf: 7)"
"Suberylglycine",5,231.1106745,6.014168294,"C10H17NO5",3,"Suberylglycine",FALSE,NA,"Suberylglycine (conf: 5)"
"Suberylglycine",5,231.1107475,4.474625257,"C10H17NO5",3,"Suberylglycine.1",FALSE,NA,"Suberylglycine (conf: 5)"
"succinamate",5,117.0425858,4.496130076,"C4H7NO3",6,"succinamate",FALSE,NA,"succinamate (conf: 5)"
"Succinic acid",10,118.026626,10.87049305,"C4H6O4",10,"Succinic.acid",TRUE,"TCA","Succinic acid (conf: 10)"
"Succinyl proline",7,237.0612561,9.323581599,"C9H13NO5",1,"Succinyl.proline",FALSE,NA,"Succinyl proline (conf: 7)"
"Succinyladenosine",7,383.1076445,10.34600746,"C14H17N5O8",1,"Succinyladenosine",FALSE,NA,"Succinyladenosine (conf: 7)"
"Succinylglutathione",5,407.0999093,11.8116944,"C14H21N3O9S",1,"Succinylglutathione",FALSE,NA,"Succinylglutathione (conf: 5)"
"Sucrose",10,364.098324,10.15845534,"C12H22O11",29,"Sucrose",TRUE,"Sugar","Sucrose (conf: 10)"
"Sulcatone",5,126.1044007,2.869948389,"C8H14O",30,"Sulcatone",FALSE,NA,"Sulcatone (conf: 5)"
"sulcotrione",7,363.9936552,11.09160458,"C14H13ClO5S",1,"sulcotrione",FALSE,NA,"sulcotrione (conf: 7)"
"Sulfacetamide",7,214.0411591,4.674080474,"C8H10N2O3S",1,"Sulfacetamide",FALSE,NA,"Sulfacetamide (conf: 7)"
"Sulfacytine",5,294.0786312,5.253799377,"C12H14N4O3S",1,"Sulfacytine",FALSE,NA,"Sulfacytine (conf: 5)"
"Sulfacytine",5,294.07887,4.485408671,"C12H14N4O3S",1,"Sulfacytine.1",FALSE,NA,"Sulfacytine (conf: 5)"
"Sulfamethoxazole N1-glucuronide",5,429.0846376,10.83189652,"C16H19N3O9S",1,"Sulfamethoxazole.N1.glucuronide",FALSE,NA,"Sulfamethoxazole N1-glucuronide (conf: 5)"
"sulfanylglutathione",7,339.0562459,9.28224751,"C10H17N3O6S2",3,"sulfanylglutathione",FALSE,NA,"sulfanylglutathione (conf: 7)"
"Sulfate",8,97.96736684,13.38497157,"H2O4S",1,"Sulfate",FALSE,NA,"Sulfate (conf: 8)"
"Sulfinpyrazone sulfide",5,388.1252507,8.93814871,"C23H20N2O2S",1,"Sulfinpyrazone.sulfide.1",FALSE,NA,"Sulfinpyrazone sulfide (conf: 5)"
"Sulfinpyrazone sulfide",7,388.1246313,12.01926558,"C23H20N2O2S",1,"Sulfinpyrazone.sulfide",FALSE,NA,"Sulfinpyrazone sulfide (conf: 7)"
"Sulfite",6,81.9724119,4.488379612,"H2O3S",1,"Sulfite",FALSE,NA,"Sulfite (conf: 6)"
"Sulfite",6,81.9724511,10.04530649,"H2O3S",1,"Sulfite.1",FALSE,NA,"Sulfite (conf: 6)"
"Sulfoacetaldehyde",6,123.9830697,6.609131188,"C2H4O4S",1,"Sulfoacetaldehyde",FALSE,NA,"Sulfoacetaldehyde (conf: 6)"
"Sulfoacetate",8,139.9779469,13.29823815,"C2H4O5S",2,"Sulfoacetate",FALSE,NA,"Sulfoacetate (conf: 8)"
"Sulfobutanedioic acid",5,197.9834646,4.763816079,"C4H6O7S",1,"Sulfobutanedioic.acid",FALSE,NA,"Sulfobutanedioic acid (conf: 5)"
"Sulfolithocholylglycine",7,513.2760274,2.728608331,"C26H43NO7S",1,"Sulfolithocholylglycine",FALSE,NA,"Sulfolithocholylglycine (conf: 7)"
"sulfoquinovose",5,244.0253714,9.367482644,"C6H12O8S",3,"sulfoquinovose",FALSE,NA,"sulfoquinovose (conf: 5)"
"sulfoquinovose",7,244.0253799,12.73935112,"C6H12O8S",3,"sulfoquinovose.1",FALSE,NA,"sulfoquinovose (conf: 7)"
"sulfoquinovose",7,244.025549,7.460051192,"C6H12O8S",3,"sulfoquinovose.2",FALSE,NA,"sulfoquinovose (conf: 7)"
"Sulforaphane",7,223.033717,4.152898284,"C6H11NOS2",1,"Sulforaphane",FALSE,NA,"Sulforaphane (conf: 7)"
"Sulforhodamine B",5,558.1498218,6.070239276,"C27H30N2O7S2",1,"Sulforhodamine.B",FALSE,NA,"Sulforhodamine B (conf: 5)"
"Sulforhodamine B",5,558.1503108,7.754982749,"C27H30N2O7S2",1,"Sulforhodamine.B.1",FALSE,NA,"Sulforhodamine B (conf: 5)"
"Sulforidazine",5,402.14283,4.504624064,"C21H26N2O2S2",1,"Sulforidazine",FALSE,NA,"Sulforidazine (conf: 5)"
"Sulindac sulfide",7,340.0931309,7.55604135,"C20H17FO2S",1,"Sulindac.sulfide",FALSE,NA,"Sulindac sulfide (conf: 7)"
"Supinidine",5,139.0997263,10.03902837,"C8H13NO",11,"Supinidine",FALSE,NA,"Supinidine (conf: 5)"
"Swainsonine",7,173.1052204,7.254610205,"C8H15NO3",6,"Swainsonine",FALSE,NA,"Swainsonine (conf: 7)"
"Swainsonine",7,190.1316922,16.79331612,"C8H15NO3",6,"Swainsonine.1",FALSE,NA,"Swainsonine (conf: 7)"
"Swertiamarin",7,374.1206688,5.031432123,"C16H22O10",3,"Swertiamarin",FALSE,NA,"Swertiamarin (conf: 7)"
"Tagaturonate",8,194.0426654,11.12588603,"C6H10O7",8,"Tagaturonate",FALSE,NA,"Tagaturonate (conf: 8)"
"Talbutal",5,252.1474215,25.33547856,"C13H20N2O3",2,"Talbutal",FALSE,NA,"Talbutal (conf: 5)"
"Talbutal",5,252.1474536,10.26138611,"C13H20N2O3",2,"Talbutal.1",FALSE,NA,"Talbutal (conf: 5)"
"Talbutal",5,252.1474649,2.832465059,"C13H20N2O3",2,"Talbutal.2",FALSE,NA,"Talbutal (conf: 5)"
"Talbutal",5,252.147631,3.925690011,"C13H20N2O3",2,"Talbutal.3",FALSE,NA,"Talbutal (conf: 5)"
"Tarennoside",7,358.1261954,5.924257504,"C16H22O9",3,"Tarennoside",FALSE,NA,"Tarennoside (conf: 7)"
"Tarennoside",7,380.108627,5.029527072,"C16H22O9",3,"Tarennoside.1",FALSE,NA,"Tarennoside (conf: 7)"
"Targinine",9,188.1272732,16.95183909,"C7H16N4O2",4,"Targinine",TRUE,"","Targinine (conf: 9)"
"targocil",7,510.0897082,11.01385056,"C22H23ClN4O4S",1,"targocil",FALSE,NA,"targocil (conf: 7)"
"Tartaric acid",10,150.016457,12.60624301,"C4H6O6",1,"Tartaric.acid",TRUE,"","Tartaric acid (conf: 10)"
"Tartronate semialdehyde",6,104.0109411,10.60698393,"C3H4O4",3,"Tartronate.semialdehyde",FALSE,NA,"Tartronate semialdehyde (conf: 6)"
"Taurine",10,125.0146525,9.74607475,"C2H7NO3S",1,"Taurine",TRUE,"","Taurine (conf: 10)"
"Taurocyamine",6,167.0364703,10.18970751,"C3H9N3O3S",1,"Taurocyamine",FALSE,NA,"Taurocyamine (conf: 6)"
"Taurodeoxycholic acid",8,499.2969141,2.714966662,"C26H45NO6S",3,"Taurodeoxycholic.acid",FALSE,NA,"Taurodeoxycholic acid (conf: 8)"
"Taurohyocholate",7,515.2918908,2.979508051,"C26H45NO7S",6,"Taurohyocholate",FALSE,NA,"Taurohyocholate (conf: 7)"
"Tauropine",5,197.0357788,13.67484205,"C5H11NO5S",1,"Tauropine",FALSE,NA,"Tauropine (conf: 5)"
"Tauropine",7,197.0357878,9.384036676,"C5H11NO5S",1,"Tauropine.1",FALSE,NA,"Tauropine (conf: 7)"
"Taxiphyllin",6,311.1005801,8.659000546,"C14H17NO7",3,"Taxiphyllin",FALSE,NA,"Taxiphyllin (conf: 6)"
"Tazarotenic acid",5,323.0979733,11.72060008,"C19H17NO2S",1,"Tazarotenic.acid",FALSE,NA,"Tazarotenic acid (conf: 5)"
"tebuconazole",5,307.1456169,3.004472642,"C16H22ClN3O",1,"tebuconazole",FALSE,NA,"tebuconazole (conf: 5)"
"Temelastine",5,441.1166932,9.90398329,"C21H24BrN5O",1,"Temelastine",FALSE,NA,"Temelastine (conf: 5)"
"Tenuazonic acid",7,197.1052279,2.911808588,"C10H15NO3",25,"Tenuazonic.acid",FALSE,NA,"Tenuazonic acid (conf: 7)"
"Tephrosol",5,326.0421911,9.197648814,"C17H10O7",7,"Tephrosol",FALSE,NA,"Tephrosol (conf: 5)"
"terbufos",5,288.0445081,10.39071319,"C9H21O2PS3",1,"terbufos",FALSE,NA,"terbufos (conf: 5)"
"Tertatolol",7,341.1657893,2.417700017,"C16H25NO2S",1,"Tertatolol",FALSE,NA,"Tertatolol (conf: 7)"
"Testosterone",7,288.209038,2.601484393,"C19H28O2",16,"Testosterone",FALSE,NA,"Testosterone (conf: 7)"
"Testosterone isocaproate",7,386.2821358,2.268285624,"C25H38O3",1,"Testosterone.isocaproate",FALSE,NA,"Testosterone isocaproate (conf: 7)"
"Tetracaine",2.5,264.1838309,4.599908346,"C15H24N2O2",5,"Tetracaine",FALSE,NA,"Tetracaine (conf: 2.5)"
"Tetracenomycin F2",5,384.0848666,9.27624054,"C20H16O8",3,"Tetracenomycin.F2",FALSE,NA,"Tetracenomycin F2 (conf: 5)"
"Tetracosanoic acid",6,368.3652363,2.33230001,"C24H48O2",16,"Tetracosanoic.acid",FALSE,NA,"Tetracosanoic acid (conf: 6)"
"Tetracosatetraenoicacidn-6",7,360.3029632,2.464307535,"C24H40O2",7,"Tetracosatetraenoicacidn.6",FALSE,NA,"Tetracosatetraenoicacidn-6 (conf: 7)"
"tetracosaundecaenal",7,330.1978439,2.670494825,"C24H26O",1,"tetracosaundecaenal",FALSE,NA,"tetracosaundecaenal (conf: 7)"
"tetracosaundecaenal",7,330.197895,4.039764352,"C24H26O",1,"tetracosaundecaenal.1",FALSE,NA,"tetracosaundecaenal (conf: 7)"
"Tetradecanoyl-CoA",8,488.6572959,4.812962078,"C35H62N7O17P3S",3,"Tetradecanoyl.CoA",FALSE,NA,"Tetradecanoyl-CoA (conf: 8)"
"Tetradecanoylcarnitine",9,371.3036949,2.917275263,"C21H41NO4",2,"Tetradecanoylcarnitine",TRUE,"","Tetradecanoylcarnitine (conf: 9)"
"tetradecasphinganine",7,245.2354527,26.9793226,"C14H31NO2",1,"tetradecasphinganine",FALSE,NA,"tetradecasphinganine (conf: 7)"
"Tetraethylene glycol",7,194.1154253,4.044487639,"C8H18O5",1,"Tetraethylene.glycol",FALSE,NA,"Tetraethylene glycol (conf: 7)"
"Tetraethylene glycol",7,216.0972127,3.319036037,"C8H18O5",1,"Tetraethylene.glycol.1",FALSE,NA,"Tetraethylene glycol (conf: 7)"
"Tetrahydroaldosterone-3-glucuronide",7,540.2576855,5.73655963,"C27H40O11",1,"Tetrahydroaldosterone.3.glucuronide",FALSE,NA,"Tetrahydroaldosterone-3-glucuronide (conf: 7)"
"Tetrahydrocorticosterone",5,350.2454718,2.738669623,"C21H34O4",16,"Tetrahydrocorticosterone",FALSE,NA,"Tetrahydrocorticosterone (conf: 5)"
"Tetrahydrocortisol",7,366.2404285,3.021386789,"C21H34O5",10,"Tetrahydrocortisol",FALSE,NA,"Tetrahydrocortisol (conf: 7)"
"Tetrahydrocortisone",5,364.2250434,5.730382498,"C21H32O5",9,"Tetrahydrocortisone",FALSE,NA,"Tetrahydrocortisone (conf: 5)"
"Tetrahydrodeoxycorticosterone",5,334.2509124,2.459691415,"C21H34O3",16,"Tetrahydrodeoxycorticosterone",FALSE,NA,"Tetrahydrodeoxycorticosterone (conf: 5)"
"Tetrahydrodipicolinate",6,171.0531622,11.94241343,"C7H9NO4",3,"Tetrahydrodipicolinate",FALSE,NA,"Tetrahydrodipicolinate (conf: 6)"
"Tetrahydrodipicolinate",6,171.0531707,9.5052385,"C7H9NO4",3,"Tetrahydrodipicolinate.1",FALSE,NA,"Tetrahydrodipicolinate (conf: 6)"
"Tetrahydrodipicolinate",8,171.0531714,6.012134954,"C7H9NO4",3,"Tetrahydrodipicolinate.2",FALSE,NA,"Tetrahydrodipicolinate (conf: 8)"
"Tetrahydroharmine",7,252.1032797,4.436695156,"C13H16N2O",4,"Tetrahydroharmine",FALSE,NA,"Tetrahydroharmine (conf: 7)"
"tetramethoxy azobismethylene quinine",5,358.1162518,8.304768287,"C18H18N2O6",1,"tetramethoxy.azobismethylene.quinine",FALSE,NA,"tetramethoxy azobismethylene quinine (conf: 5)"
"Tetraneurin A",7,339.1683212,5.311205415,"C17H22O6",2,"Tetraneurin.A",FALSE,NA,"Tetraneurin A (conf: 7)"
"Tetranor-5-NO2-CLA",5,269.1626858,2.973879578,"C14H23NO4",2,"Tetranor.5.NO2.CLA",FALSE,NA,"Tetranor-5-NO2-CLA (conf: 5)"
"Tetranor-5-NO2-CLA",5,269.162776,4.431460227,"C14H23NO4",2,"Tetranor.5.NO2.CLA.1",FALSE,NA,"Tetranor-5-NO2-CLA (conf: 5)"
"Tetranor-PGE1",5,298.1780616,3.016528501,"C16H26O5",3,"Tetranor.PGE1",FALSE,NA,"Tetranor-PGE1 (conf: 5)"
"Tetraphyllin B",5,287.1004844,6.981970237,"C12H17NO7",1,"Tetraphyllin.B",FALSE,NA,"Tetraphyllin B (conf: 5)"
"Tetraphyllin B",7,287.1005297,10.71505415,"C12H17NO7",1,"Tetraphyllin.B.1",FALSE,NA,"Tetraphyllin B (conf: 7)"
"Tetraphyllin B",7,309.0826687,9.179691464,"C12H17NO7",1,"Tetraphyllin.B.2",FALSE,NA,"Tetraphyllin B (conf: 7)"
"TG(31:0)",5,568.4708781,2.315625298,"C34H64O6",1,"TG.31.0.",FALSE,NA,"TG(31:0) (conf: 5)"
"TG(42:3)",6,716.5941412,19.48759197,"C45H80O6",1,"TG.42.3.",FALSE,NA,"TG(42:3) (conf: 6)"
"TG(a-29:0)",5,540.4395382,2.326562658,"C32H60O6",1,"TG.a.29.0.",FALSE,NA,"TG(a-29:0) (conf: 5)"
"Thallium",5,239.9432692,7.994821255,"ClTl",1,"Thallium",FALSE,NA,"Thallium (conf: 5)"
"Theanine",7,174.1004286,8.874646784,"C7H14N2O3",6,"Theanine",FALSE,NA,"Theanine (conf: 7)"
"Theogallin",5,344.0742915,6.839656893,"C14H16O10",11,"Theogallin",FALSE,NA,"Theogallin (conf: 5)"
"Theogallin",5,344.0743079,11.79848503,"C14H16O10",11,"Theogallin.1",FALSE,NA,"Theogallin (conf: 5)"
"Thevetose",5,178.0841296,5.347083356,"C7H14O5",4,"Thevetose",FALSE,NA,"Thevetose (conf: 5)"
"Thevetose",7,178.0841529,6.436678486,"C7H14O5",4,"Thevetose.1",FALSE,NA,"Thevetose (conf: 7)"
"Thevetose",7,224.0897005,7.380318372,"C7H14O5",4,"Thevetose.2",FALSE,NA,"Thevetose (conf: 7)"
"Thiamine monophosphate",8,344.070912,10.09200797,"C12H17N4O4PS",1,"Thiamine.monophosphate",TRUE,"","Thiamine monophosphate (conf: 8)"
"Thiamine triphosphate",6,504.0024956,11.31143736,"C12H19N4O10P3S",1,"Thiamine.triphosphate",FALSE,NA,"Thiamine triphosphate (conf: 6)"
"Thiazole",5,84.99859386,5.02448278,"C3H3NS",1,"Thiazole",FALSE,NA,"Thiazole (conf: 5)"
"thiazolidine-4-carboxylate",5,133.0196708,8.515079279,"C4H7NO2S",1,"thiazolidine.4.carboxylate",FALSE,NA,"thiazolidine-4-carboxylate (conf: 5)"
"Thiazopyr",7,442.0991948,8.352394806,"C16H17F5N2O2S",1,"Thiazopyr",FALSE,NA,"Thiazopyr (conf: 7)"
"Thien-2-ylacetate",7,159.0353926,4.578989121,"C6H6O2S",4,"Thien.2.ylacetate",FALSE,NA,"Thien-2-ylacetate (conf: 7)"
"thieno[3,2-b] pyridine-5-carboxylate",5,181.0198331,5.066035679,"C8H7NO2S",1,"thieno.3_2.b..pyridine.5.carboxylate.1",FALSE,NA,"thieno[3,2-b] pyridine-5-carboxylate (conf: 5)"
"thieno[3,2-b] pyridine-5-carboxylate",7,181.0196971,6.478684471,"C8H7NO2S",1,"thieno.3_2.b..pyridine.5.carboxylate",FALSE,NA,"thieno[3,2-b] pyridine-5-carboxylate (conf: 7)"
"Thienodolin",5,249.9968231,2.720272484,"C11H7ClN2OS",1,"Thienodolin",FALSE,NA,"Thienodolin (conf: 5)"
"thioacetazone",5,236.0735148,18.49751713,"C10H12N4OS",1,"thioacetazone",FALSE,NA,"thioacetazone (conf: 5)"
"Thonningianin A",5,874.1596332,12.80548518,"C42H34O21",1,"Thonningianin.A",FALSE,NA,"Thonningianin A (conf: 5)"
"Thr/Ala/Ala",5,261.1325118,12.15447125,"C10H19N3O5",8,"Thr.Ala.Ala",FALSE,NA,"Thr/Ala/Ala (conf: 5)"
"Thr/Ala/Tyr",5,353.1587765,11.2262734,"C16H23N3O6",4,"Thr.Ala.Tyr",FALSE,NA,"Thr/Ala/Tyr (conf: 5)"
"Thr/Asn/Pro",5,330.1539574,10.3087132,"C13H22N4O6",7,"Thr.Asn.Pro",FALSE,NA,"Thr/Asn/Pro (conf: 5)"
"Thr/Cys",5,222.0674587,7.830432217,"C7H14N2O4S",3,"Thr.Cys",FALSE,NA,"Thr/Cys (conf: 5)"
"Thr/Cys",5,222.0675416,9.198028293,"C7H14N2O4S",3,"Thr.Cys.1",FALSE,NA,"Thr/Cys (conf: 5)"
"Thr/Cys/Pro",7,319.1203262,9.179533895,"C12H21N3O5S",2,"Thr.Cys.Pro",FALSE,NA,"Thr/Cys/Pro (conf: 7)"
"Thr/Gly/Pro",5,273.1325177,10.34181908,"C11H19N3O5",3,"Thr.Gly.Pro",FALSE,NA,"Thr/Gly/Pro (conf: 5)"
"Thr/His",5,256.1171828,12.1204552,"C10H16N4O4",3,"Thr.His",FALSE,NA,"Thr/His (conf: 5)"
"Thr/Pro/Arg",7,372.2122836,10.25197287,"C15H28N6O5",2,"Thr.Pro.Arg",FALSE,NA,"Thr/Pro/Arg (conf: 7)"
"Thr/Pro/Pro",5,313.1640764,8.970932244,"C14H23N3O5",2,"Thr.Pro.Pro",FALSE,NA,"Thr/Pro/Pro (conf: 5)"
"Thr/Pro/Pro",5,313.1643925,10.90496826,"C14H23N3O5",2,"Thr.Pro.Pro.1",FALSE,NA,"Thr/Pro/Pro (conf: 5)"
"Thr/Thr/Thr/Thr",5,422.2014849,12.53337747,"C16H30N4O9",2,"Thr.Thr.Thr.Thr",FALSE,NA,"Thr/Thr/Thr/Thr (conf: 5)"
"Thr/Thr/Tyr",5,383.1693896,9.240292562,"C17H25N3O7",1,"Thr.Thr.Tyr",FALSE,NA,"Thr/Thr/Tyr (conf: 5)"
"Thr/Trp",5,305.1374999,5.092700012,"C15H19N3O4",2,"Thr.Trp",FALSE,NA,"Thr/Trp (conf: 5)"
"Thr/Tyr",5,282.1217884,8.386347716,"C13H18N2O5",3,"Thr.Tyr",FALSE,NA,"Thr/Tyr (conf: 5)"
"Thr/Val",7,218.1266466,12.67471777,"C9H18N2O4",11,"Thr.Val",FALSE,NA,"Thr/Val (conf: 7)"
"Threo-3-Phenylserine",5,181.0738863,12.19417045,"C9H11NO3",9,"Threo.3.Phenylserine",FALSE,NA,"Threo-3-Phenylserine (conf: 5)"
"Threonine",6,119.0581949,9.525269834,"C4H9NO3",11,"Threonine",FALSE,NA,"Threonine (conf: 6)"
"Threose",7,120.0422733,8.485689274,"C4H8O4",8,"Threose",FALSE,NA,"Threose (conf: 7)"
"THTA",5,146.0401032,8.106264347,"C6H10O2S",2,"THTA",FALSE,NA,"THTA (conf: 5)"
"thuwalenyne C",7,358.0777626,12.33933032,"C15H21BrO2",1,"thuwalenyne.C",FALSE,NA,"thuwalenyne C (conf: 7)"
"Thymine",8,126.042892,4.452471497,"C5H6N2O2",3,"Thymine",TRUE,"","Thymine (conf: 8)"
"Thymol",5,150.1044575,4.436648395,"C10H14O",31,"Thymol",FALSE,NA,"Thymol (conf: 5)"
"Thymol Sulfate",7,247.087845,9.375325977,"C10H14O4S",2,"Thymol.Sulfate",FALSE,NA,"Thymol Sulfate (conf: 7)"
"Thymol Sulfate",7,247.0879642,4.442081636,"C10H14O4S",2,"Thymol.Sulfate.1",FALSE,NA,"Thymol Sulfate (conf: 7)"
"Thymyl acetate",5,192.1149406,2.655384408,"C12H16O2",29,"Thymyl.acetate",FALSE,NA,"Thymyl acetate (conf: 5)"
"Tianeptine",5,436.1224587,7.180591399,"C21H25ClN2O4S",1,"Tianeptine",FALSE,NA,"Tianeptine (conf: 5)"
"Tiglylcarnitine",5,243.1470551,3.020118295,"C12H21NO4",2,"Tiglylcarnitine.1",FALSE,NA,"Tiglylcarnitine (conf: 5)"
"Tiglylcarnitine",7,243.1469459,4.923556395,"C12H21NO4",2,"Tiglylcarnitine",FALSE,NA,"Tiglylcarnitine (conf: 7)"
"Tiglylglycine",5,157.0739109,9.125924748,"C7H11NO3",4,"Tiglylglycine",FALSE,NA,"Tiglylglycine (conf: 5)"
"Tinidazole",5,247.0625398,8.096677327,"C8H13N3O4S",1,"Tinidazole",FALSE,NA,"Tinidazole (conf: 5)"
"tirandaligin",7,423.1661156,9.411060512,"C22H27NO6",2,"tirandaligin",FALSE,NA,"tirandaligin (conf: 7)"
"tirandamycin E",7,419.194549,9.370774103,"C22H29NO7",3,"tirandamycin.E",FALSE,NA,"tirandamycin E (conf: 7)"
"tirandamycin E",7,436.2211966,25.34963352,"C22H29NO7",3,"tirandamycin.E.1",FALSE,NA,"tirandamycin E (conf: 7)"
"titanium (III) citrate",7,438.0482731,9.337790102,"C12H22O14Ti",1,"titanium..III..citrate",FALSE,NA,"titanium (III) citrate (conf: 7)"
"Tolmetin glucuronide",5,433.136864,10.0791472,"C21H23NO9",1,"Tolmetin.glucuronide",FALSE,NA,"Tolmetin glucuronide (conf: 5)"
"Tolylacetonitrile",7,131.0734376,3.786743574,"C9H9N",5,"Tolylacetonitrile",FALSE,NA,"Tolylacetonitrile (conf: 7)"
"Toxin T2 tetrol",5,298.1415236,2.975187601,"C15H22O6",2,"Toxin.T2.tetrol",FALSE,NA,"Toxin T2 tetrol (conf: 5)"
"Toxin T2 tetrol",7,315.1682476,5.033373121,"C15H22O6",2,"Toxin.T2.tetrol.1",FALSE,NA,"Toxin T2 tetrol (conf: 7)"
"toxoflavin",5,193.0600433,5.863175002,"C7H7N5O2",1,"toxoflavin",FALSE,NA,"toxoflavin (conf: 5)"
"trans-2-Dodecenoylcarnitine",7,341.2567582,3.439649385,"C19H35NO4",1,"trans.2.Dodecenoylcarnitine",FALSE,NA,"trans-2-Dodecenoylcarnitine (conf: 7)"
"trans-2-Dodecenoylcarnitine",7,341.2567696,3.920250009,"C19H35NO4",1,"trans.2.Dodecenoylcarnitine.1",FALSE,NA,"trans-2-Dodecenoylcarnitine (conf: 7)"
"trans-2-Octenoic acid",8,142.0993492,4.442168254,"C8H14O2",52,"trans.2.Octenoic.acid",FALSE,NA,"trans-2-Octenoic acid (conf: 8)"
"trans-3-Octenedioic acid",5,172.0735858,8.46772584,"C8H12O4",7,"trans.3.Octenedioic.acid",FALSE,NA,"trans-3-Octenedioic acid (conf: 5)"
"trans-3,4-Dihydro-3,4-dihydroxy-7,12-dimethylbenz[a]anthracene",5,290.1302045,4.556813733,"C20H18O2",3,"trans.3_4.Dihydro.3_4.dihydroxy.7_12.dimethylbenz.a.anthracene",FALSE,NA,"trans-3,4-Dihydro-3,4-dihydroxy-7,12-dimethylbenz[a]anthracene (conf: 5)"
"trans-3,4-Dihydro-3,4-dihydroxy-7,12-dimethylbenz[a]anthracene",5,290.1302146,5.884453572,"C20H18O2",3,"trans.3_4.Dihydro.3_4.dihydroxy.7_12.dimethylbenz.a.anthracene.1",FALSE,NA,"trans-3,4-Dihydro-3,4-dihydroxy-7,12-dimethylbenz[a]anthracene (conf: 5)"
"trans-3,4-Dihydro-3,4-dihydroxy-7,12-dimethylbenz[a]anthracene",5,290.1302296,3.133651215,"C20H18O2",3,"trans.3_4.Dihydro.3_4.dihydroxy.7_12.dimethylbenz.a.anthracene.2",FALSE,NA,"trans-3,4-Dihydro-3,4-dihydroxy-7,12-dimethylbenz[a]anthracene (conf: 5)"
"trans-3,4-Dihydro-3,4-dihydroxy-7,12-dimethylbenz[a]anthracene",5,290.1304572,9.210520637,"C20H18O2",3,"trans.3_4.Dihydro.3_4.dihydroxy.7_12.dimethylbenz.a.anthracene.4",FALSE,NA,"trans-3,4-Dihydro-3,4-dihydroxy-7,12-dimethylbenz[a]anthracene (conf: 5)"
"trans-3,4-Dihydro-3,4-dihydroxy-7,12-dimethylbenz[a]anthracene",7,290.1302415,10.09384706,"C20H18O2",3,"trans.3_4.Dihydro.3_4.dihydroxy.7_12.dimethylbenz.a.anthracene.3",FALSE,NA,"trans-3,4-Dihydro-3,4-dihydroxy-7,12-dimethylbenz[a]anthracene (conf: 7)"
"trans-Carveol glucoside",7,314.1723791,2.9925344,"C16H26O6",2,"trans.Carveol.glucoside",FALSE,NA,"trans-Carveol glucoside (conf: 7)"
"trans-Dodec-2-enoic acid",8,198.16198,2.872480101,"C12H22O2",43,"trans.Dodec.2.enoic.acid",FALSE,NA,"trans-Dodec-2-enoic acid (conf: 8)"
"trans-Dodec-2-enoic acid",8,198.1620507,4.988050498,"C12H22O2",43,"trans.Dodec.2.enoic.acid.1",FALSE,NA,"trans-Dodec-2-enoic acid (conf: 8)"
"trans-Hex-2-enoic acid",8,114.0680788,8.079689797,"C6H10O2",35,"trans.Hex.2.enoic.acid",FALSE,NA,"trans-Hex-2-enoic acid (conf: 8)"
"trans-Hexadec-2-enoyl carnitine",5,397.3193969,2.853666671,"C23H43NO4",2,"trans.Hexadec.2.enoyl.carnitine",FALSE,NA,"trans-Hexadec-2-enoyl carnitine (conf: 5)"
"trans-p-Menthane-1,7,8-triol 8-glucoside",5,350.1939632,5.249172239,"C16H30O8",5,"trans.p.Menthane.1_7_8.triol.8.glucoside",FALSE,NA,"trans-p-Menthane-1,7,8-triol 8-glucoside (conf: 5)"
"trans-Tetra-dec-2-enoic acid",8,226.1934181,2.463448916,"C14H26O2",32,"trans.Tetra.dec.2.enoic.acid",FALSE,NA,"trans-Tetra-dec-2-enoic acid (conf: 8)"
"Traumatin",6,212.1412158,3.030825789,"C12H20O3",13,"Traumatin",FALSE,NA,"Traumatin (conf: 6)"
"Travoprost",5,500.2386941,10.76555394,"C26H35F3O6",1,"Travoprost",FALSE,NA,"Travoprost (conf: 5)"
"Trehalose",8,342.116201,12.34615967,"C12H22O11",29,"Trehalose",FALSE,NA,"Trehalose (conf: 8)"
"Tremetone",5,202.0993734,2.395496221,"C13H14O2",4,"Tremetone",FALSE,NA,"Tremetone (conf: 5)"
"Tremetone",5,202.0994472,2.87602635,"C13H14O2",4,"Tremetone.1",FALSE,NA,"Tremetone (conf: 5)"
"Triacetate",5,144.042246,9.242192551,"C6H8O4",20,"Triacetate",FALSE,NA,"Triacetate (conf: 5)"
"Triacetate lactone",5,126.0316125,9.241231072,"C6H6O3",12,"Triacetate.lactone",FALSE,NA,"Triacetate lactone (conf: 5)"
"Triacetin",5,218.0790382,13.17216843,"C9H14O6",1,"Triacetin",FALSE,NA,"Triacetin (conf: 5)"
"Triacetin",5,218.0790993,9.598904288,"C9H14O6",1,"Triacetin.1",FALSE,NA,"Triacetin (conf: 5)"
"Triangularine",5,335.1731991,2.740127949,"C18H25NO5",3,"Triangularine",FALSE,NA,"Triangularine (conf: 5)"
"triazolopyridinone epoxide",5,387.1464105,8.54374309,"C19H22ClN5O2",2,"triazolopyridinone.epoxide",FALSE,NA,"triazolopyridinone epoxide (conf: 5)"
"Tributyl phosphate",7,266.1645233,2.54097313,"C12H27O4P",1,"Tributyl.phosphate",FALSE,NA,"Tributyl phosphate (conf: 7)"
"Tricetanidin",7,286.0472863,11.16595178,"C15H10O6",28,"Tricetanidin",FALSE,NA,"Tricetanidin (conf: 7)"
"Trichodermin",7,292.1674686,2.968437646,"C17H24O4",10,"Trichodermin",FALSE,NA,"Trichodermin (conf: 7)"
"trichotriol",5,286.1780405,3.014756447,"C15H26O5",1,"trichotriol",FALSE,NA,"trichotriol (conf: 5)"
"tricosdien-4,19-diynoic acid",5,342.2560258,2.370101609,"C23H34O2",4,"tricosdien.4_19.diynoic.acid",FALSE,NA,"tricosdien-4,19-diynoic acid (conf: 5)"
"tridecadienoic acid",6,266.1882887,2.74591989,"C16H26O3",15,"tridecadienoic.acid",FALSE,NA,"tridecadienoic acid (conf: 6)"
"Tridecanoic acid",5,214.1932316,2.474622575,"C13H26O2",28,"Tridecanoic.acid",FALSE,NA,"Tridecanoic acid (conf: 5)"
"Tridodecylamine",7,521.590411,2.958113951,"C36H75N",1,"Tridodecylamine",FALSE,NA,"Tridodecylamine (conf: 7)"
"Triethanolamine",7,149.1051764,5.49003332,"C6H15NO3",1,"Triethanolamine",FALSE,NA,"Triethanolamine (conf: 7)"
"Triethyl citrate",5,276.1210456,9.669805843,"C12H20O7",1,"Triethyl.citrate",FALSE,NA,"Triethyl citrate (conf: 5)"
"triethylene glycol",5,150.0892232,2.769784406,"C6H14O4",1,"triethylene.glycol",FALSE,NA,"triethylene glycol (conf: 5)"
"Triethylene Glycol Monomethyl Ether",7,164.1047217,3.024591924,"C7H16O4",1,"Triethylene.Glycol.Monomethyl.Ether",FALSE,NA,"Triethylene Glycol Monomethyl Ether (conf: 7)"
"trifluoro-seco-ergostatetraene-diol",7,466.3056676,2.781185964,"C28H41F3O2",1,"trifluoro.seco.ergostatetraene.diol",FALSE,NA,"trifluoro-seco-ergostatetraene-diol (conf: 7)"
"Trifluoroacetic acid",5,113.9928923,8.453975833,"C2HF3O2",1,"Trifluoroacetic.acid.1",FALSE,NA,"Trifluoroacetic acid (conf: 5)"
"Trifluoroacetic acid",7,113.9928566,2.967309652,"C2HF3O2",1,"Trifluoroacetic.acid",FALSE,NA,"Trifluoroacetic acid (conf: 7)"
"trifluoromethionine",5,203.022841,5.408687337,"C5H8F3NO2S",1,"trifluoromethionine",FALSE,NA,"trifluoromethionine (conf: 5)"
"Trifluoromethyl-bismethyl ketone",5,140.0449196,8.726323551,"C5H7F3O",1,"Trifluoromethyl.bismethyl.ketone",FALSE,NA,"Trifluoromethyl-bismethyl ketone (conf: 5)"
"Triglochinin",5,359.0859387,8.34503044,"C14H17NO10",2,"Triglochinin",FALSE,NA,"Triglochinin (conf: 5)"
"Triglochinin",7,381.0666937,11.70888527,"C14H17NO10",2,"Triglochinin.1",FALSE,NA,"Triglochinin (conf: 7)"
"trihomomethionine",5,191.0979198,6.003287506,"C8H17NO2S",1,"trihomomethionine",FALSE,NA,"trihomomethionine (conf: 5)"
"TRIMBOA-beta-D-glucoside",7,411.0772014,11.54299362,"C15H19NO11",1,"TRIMBOA.beta.D.glucoside",FALSE,NA,"TRIMBOA-beta-D-glucoside (conf: 7)"
"Trimetaphosphoric acid",8,261.8806617,13.37231839,"H3O9P3",1,"Trimetaphosphoric.acid",FALSE,NA,"Trimetaphosphoric acid (conf: 8)"
"Trimethylamine N-oxide",10,75.06836628,6.729010223,"C3H9NO",6,"Trimethylamine.N.oxide",TRUE,"","Trimethylamine N-oxide (conf: 10)"
"Trimethylaminoacetone",5,115.099659,10.11718711,"C6H13NO",4,"Trimethylaminoacetone.2",FALSE,NA,"Trimethylaminoacetone (conf: 5)"
"Trimethylaminoacetone",7,115.0996074,13.81552373,"C6H13NO",4,"Trimethylaminoacetone",FALSE,NA,"Trimethylaminoacetone (conf: 7)"
"Trimethylaminoacetone",7,115.099644,12.50447319,"C6H13NO",4,"Trimethylaminoacetone.1",FALSE,NA,"Trimethylaminoacetone (conf: 7)"
"Tripamide",5,369.0908659,13.34318048,"C16H20ClN3O3S",1,"Tripamide",FALSE,NA,"Tripamide (conf: 5)"
"Triphenyl phosphate",5,326.0709051,2.412459138,"C18H15O4P",1,"Triphenyl.phosphate",FALSE,NA,"Triphenyl phosphate (conf: 5)"
"Triprolidine",5,278.1783543,26.16431721,"C19H22N2",1,"Triprolidine",FALSE,NA,"Triprolidine (conf: 5)"
"Tritoqualine",5,500.2155337,11.81847643,"C26H32N2O8",1,"Tritoqualine",FALSE,NA,"Tritoqualine (conf: 5)"
"Trp/Asp/Gly",5,376.1386926,8.925393386,"C17H20N4O6",3,"Trp.Asp.Gly",FALSE,NA,"Trp/Asp/Gly (conf: 5)"
"Trp/Cys/Gly",5,364.1204226,7.63314886,"C16H20N4O4S",3,"Trp.Cys.Gly",FALSE,NA,"Trp/Cys/Gly (conf: 5)"
"Trp/Cys/His",5,444.1577057,25.26193546,"C20H24N6O4S",2,"Trp.Cys.His",FALSE,NA,"Trp/Cys/His (conf: 5)"
"Trp/Gly/His",7,415.1969192,13.19666783,"C19H22N6O4",3,"Trp.Gly.His",FALSE,NA,"Trp/Gly/His (conf: 7)"
"Trp/His",7,377.1254796,10.12165377,"C17H19N5O3",2,"Trp.His",FALSE,NA,"Trp/His (conf: 7)"
"Trp/Trp/Cys",5,493.1787406,6.744405163,"C25H27N5O4S",2,"Trp.Trp.Cys",FALSE,NA,"Trp/Trp/Cys (conf: 5)"
"Tryptophan",10,204.089859,7.14166834,"C11H12N2O2",8,"Tryptophan",TRUE,"AA","Tryptophan (conf: 10)"
"Tryptophanamide",7,203.1059269,4.636367174,"C11H13N3O",2,"Tryptophanamide",FALSE,NA,"Tryptophanamide (conf: 7)"
"Tuberculostearic acid",6,298.2871415,2.373704291,"C19H38O2",27,"Tuberculostearic.acid",FALSE,NA,"Tuberculostearic acid (conf: 6)"
"Tuberonic acid glucoside",7,388.1733377,5.225498913,"C18H28O9",4,"Tuberonic.acid.glucoside",FALSE,NA,"Tuberonic acid glucoside (conf: 7)"
"tunicamine",5,311.1216088,9.507590879,"C11H21NO9",1,"tunicamine",FALSE,NA,"tunicamine (conf: 5)"
"tunicamine",7,357.1269997,5.920835308,"C11H21NO9",1,"tunicamine.1",FALSE,NA,"tunicamine (conf: 7)"
"Type III cyanolipid 16:0 ester",5,335.2826063,2.674783349,"C21H37NO2",2,"Type.III.cyanolipid.16.0.ester",FALSE,NA,"Type III cyanolipid 16:0 ester (conf: 5)"
"Tyr-OEt",5,209.105207,8.746134965,"C11H15NO3",3,"Tyr.OEt",FALSE,NA,"Tyr-OEt (conf: 5)"
"Tyr-OEt",5,209.1052242,7.874830119,"C11H15NO3",3,"Tyr.OEt.1",FALSE,NA,"Tyr-OEt (conf: 5)"
"Tyr-OEt",5,209.1052275,4.446130125,"C11H15NO3",3,"Tyr.OEt.2",FALSE,NA,"Tyr-OEt (conf: 5)"
"Tyramine",6,137.0840523,4.054020437,"C8H11NO",12,"Tyramine",FALSE,NA,"Tyramine (conf: 6)"
"Tyramine-O-sulfate",5,217.0407084,6.604729295,"C8H11NO4S",1,"Tyramine.O.sulfate",FALSE,NA,"Tyramine-O-sulfate (conf: 5)"
"Tyramine-O-sulfate",5,217.0409194,5.699675303,"C8H11NO4S",1,"Tyramine.O.sulfate.1",FALSE,NA,"Tyramine-O-sulfate (conf: 5)"
"Tyramine glucuronide",7,313.1162525,11.87947647,"C14H19NO7",2,"Tyramine.glucuronide",FALSE,NA,"Tyramine glucuronide (conf: 7)"
"Tyrosine",8,181.0739044,8.305969304,"C9H11NO3",9,"Tyrosine",TRUE,"AA","Tyrosine (conf: 8)"
"Tyrosine methyl ester 4-sulfate",8,275.0464225,3.480676427,"C10H13NO6S",1,"Tyrosine.methyl.ester.4.sulfate",FALSE,NA,"Tyrosine methyl ester 4-sulfate (conf: 8)"
"Tyrosine methyl ester 4-sulfate",8,275.0464868,8.293198912,"C10H13NO6S",1,"Tyrosine.methyl.ester.4.sulfate.1",FALSE,NA,"Tyrosine methyl ester 4-sulfate (conf: 8)"
"Tyrosine methyl ester 4-sulfate",8,275.04661,8.950668335,"C10H13NO6S",1,"Tyrosine.methyl.ester.4.sulfate.2",FALSE,NA,"Tyrosine methyl ester 4-sulfate (conf: 8)"
"Tyrosine methylester",8,195.0895474,7.760762352,"C10H13NO3",8,"Tyrosine.methylester",FALSE,NA,"Tyrosine methylester (conf: 8)"
"Tyrosol",6,138.0680062,4.324790856,"C8H10O2",29,"Tyrosol",FALSE,NA,"Tyrosol (conf: 6)"
"Tyrosol 4-sulfate",7,218.0249246,4.275495455,"C8H10O5S",2,"Tyrosol.4.sulfate",FALSE,NA,"Tyrosol 4-sulfate (conf: 7)"
"Tyrosol 4-sulfate",7,235.0513889,8.177066145,"C8H10O5S",2,"Tyrosol.4.sulfate.1",FALSE,NA,"Tyrosol 4-sulfate (conf: 7)"
"ubiquinol-2",7,320.198714,2.690308036,"C19H28O4",12,"ubiquinol.2",FALSE,NA,"ubiquinol-2 (conf: 7)"
"UDP-D-Xylose",6,536.0449057,11.97214419,"C14H22N2O16P2",6,"UDP.D.Xylose",FALSE,NA,"UDP-D-Xylose (conf: 6)"
"UDP-glucose",10,566.055345,12.10257351,"C15H24N2O17P2",2,"UDP.glucose",TRUE,"","UDP-glucose (conf: 10)"
"UDP-N-acetyl-2-amino-2-deoxy-D-glucuronate",8,621.0612282,10.65763276,"C17H25N3O18P2",4,"UDP.N.acetyl.2.amino.2.deoxy.D.glucuronate",FALSE,NA,"UDP-N-acetyl-2-amino-2-deoxy-D-glucuronate (conf: 8)"
"UK-121,265",5,365.110529,10.36737997,"C16H14F3N5O2",2,"UK.121_265",FALSE,NA,"UK-121,265 (conf: 5)"
"Ulexin C",7,435.1677393,4.696513244,"C25H22O6",4,"Ulexin.C",FALSE,NA,"Ulexin C (conf: 7)"
"Ulexone B",7,402.1466289,6.167836262,"C25H22O5",2,"Ulexone.B",FALSE,NA,"Ulexone B (conf: 7)"
"Undecanedioic acid",5,216.1361721,2.992050007,"C11H20O4",4,"Undecanedioic.acid.1",FALSE,NA,"Undecanedioic acid (conf: 5)"
"Undecanedioic acid",7,216.136116,4.318324706,"C11H20O4",4,"Undecanedioic.acid",FALSE,NA,"Undecanedioic acid (conf: 7)"
"Undecanoic acid",7,186.1619291,2.545968283,"C11H22O2",39,"Undecanoic.acid",FALSE,NA,"Undecanoic acid (conf: 7)"
"undecenoic acid",5,200.1413117,2.731297294,"C11H20O3",14,"undecenoic.acid",FALSE,NA,"undecenoic acid (conf: 5)"
"uniconazole-P",5,291.1137615,4.81956491,"C15H18ClN3O",1,"uniconazole.P",FALSE,NA,"uniconazole-P (conf: 5)"
"uniconazole-P",5,291.1142005,2.680160926,"C15H18ClN3O",1,"uniconazole.P.1",FALSE,NA,"uniconazole-P (conf: 5)"
"Uplandicine",7,357.1788499,7.309810945,"C17H27NO7",1,"Uplandicine",FALSE,NA,"Uplandicine (conf: 7)"
"Uplandicine",7,403.1843332,4.667403438,"C17H27NO7",1,"Uplandicine.1",FALSE,NA,"Uplandicine (conf: 7)"
"Uracil",10,112.027335,5.064223653,"C4H4N2O2",2,"Uracil",TRUE,"Nucleobase","Uracil (conf: 10)"
"urate-3-ribonucleoside",8,300.0706765,7.977305761,"C10H12N4O7",2,"urate.3.ribonucleoside",FALSE,NA,"urate-3-ribonucleoside (conf: 8)"
"Urea-1-carboxylate",6,104.0221794,6.378587587,"C2H4N2O3",1,"Urea.1.carboxylate",FALSE,NA,"Urea-1-carboxylate (conf: 6)"
"Ureidopropionic acid",6,132.0534249,7.753004817,"C4H8N2O3",6,"Ureidopropionic.acid",FALSE,NA,"Ureidopropionic acid (conf: 6)"
"Ureidosuccinic acid",8,176.0432447,12.37586838,"C5H8N2O5",3,"Ureidosuccinic.acid",TRUE,"","Ureidosuccinic acid (conf: 8)"
"Uric acid",10,168.0282983,8.206183354,"C5H4N4O3",1,"Uric.acid",TRUE,"","Uric acid (conf: 10)"
"Uridine",10,244.0695735,5.844084397,"C9H12N2O6",2,"Uridine",TRUE,"","Uridine (conf: 10)"
"Uridine 2',3'-cyclic phosphate",8,306.0254316,6.581608634,"C9H11N2O8P",2,"Uridine.2._3..cyclic.phosphate",FALSE,NA,"Uridine 2',3'-cyclic phosphate (conf: 8)"
"Uridine 5'-diphosphate",10,404.0023088,12.47022271,"C9H14N2O12P2",1,"Uridine.5..diphosphate",TRUE,"","Uridine 5'-diphosphate (conf: 10)"
"Uridine 5'-monophosphate",10,324.0359796,10.83356077,"C9H13N2O9P",4,"Uridine.5..monophosphate",TRUE,"","Uridine 5'-monophosphate (conf: 10)"
"Uridine diphosphate-N-acetylgalactosamine",8,607.0818767,10.98616386,"C17H27N3O17P2",1,"Uridine.diphosphate.N.acetylgalactosamine",FALSE,NA,"Uridine diphosphate-N-acetylgalactosamine (conf: 8)"
"Uridine diphosphate glucuronic acid",10,580.03496,15.07395051,"C15H22N2O18P2",2,"Uridine.diphosphate.glucuronic.acid",TRUE,"","Uridine diphosphate glucuronic acid (conf: 10)"
"Urocanate",8,138.0429153,5.552312396,"C6H6N2O2",7,"Urocanate",FALSE,NA,"Urocanate (conf: 8)"
"Urocanic acid",10,138.0427531,6.741456965,"C6H6N2O2",7,"Urocanic.acid",TRUE,"","Urocanic acid (conf: 10)"
"Urothion",5,325.0305695,5.880865563,"C11H11N5O3S2",1,"Urothion",FALSE,NA,"Urothion (conf: 5)"
"VAI-1",5,213.1000622,4.443546271,"C10H15NO4",3,"VAI.1",FALSE,NA,"VAI-1 (conf: 5)"
"VAI-1",5,213.1002108,2.998207527,"C10H15NO4",3,"VAI.1.1",FALSE,NA,"VAI-1 (conf: 5)"
"VAI-2",5,227.1521366,2.628083859,"C12H21NO3",1,"VAI.2",FALSE,NA,"VAI-2 (conf: 5)"
"VAI-2",5,227.1522044,2.97085376,"C12H21NO3",1,"VAI.2.1",FALSE,NA,"VAI-2 (conf: 5)"
"VAI-2",5,227.1522193,4.421100567,"C12H21NO3",1,"VAI.2.2",FALSE,NA,"VAI-2 (conf: 5)"
"val-FMDP",5,315.1430706,10.27738546,"C13H21N3O6",4,"val.FMDP",FALSE,NA,"val-FMDP (conf: 5)"
"Val/Asn",7,231.1219481,6.227977586,"C9H17N3O4",5,"Val.Asn",FALSE,NA,"Val/Asn (conf: 7)"
"Val/Asn/Gly",7,310.1256335,10.24387737,"C11H20N4O5",6,"Val.Asn.Gly",FALSE,NA,"Val/Asn/Gly (conf: 7)"
"Val/Asp/Ser",7,319.1379884,10.39104376,"C12H21N3O7",5,"Val.Asp.Ser",FALSE,NA,"Val/Asp/Ser (conf: 7)"
"Val/Gly",7,174.1004151,10.91324679,"C7H14N2O3",6,"Val.Gly",FALSE,NA,"Val/Gly (conf: 7)"
"Val/Gly/Arg",5,330.2019627,19.29924198,"C13H26N6O4",2,"Val.Gly.Arg",FALSE,NA,"Val/Gly/Arg (conf: 5)"
"Val/Gly/Gly",7,231.1219707,10.06730343,"C9H17N3O4",5,"Val.Gly.Gly",FALSE,NA,"Val/Gly/Gly (conf: 7)"
"Val/Gly/Gly/Gly",5,288.1433947,10.9175649,"C11H20N4O5",6,"Val.Gly.Gly.Gly",FALSE,NA,"Val/Gly/Gly/Gly (conf: 5)"
"Val/Gly/Pro",5,271.1531838,11.97722178,"C12H21N3O4",2,"Val.Gly.Pro.1",FALSE,NA,"Val/Gly/Pro (conf: 5)"
"Val/Gly/Pro",7,271.1531829,11.50958593,"C12H21N3O4",2,"Val.Gly.Pro",FALSE,NA,"Val/Gly/Pro (conf: 7)"
"Val/Gly/Pro",7,271.1532334,7.87306608,"C12H21N3O4",2,"Val.Gly.Pro.2",FALSE,NA,"Val/Gly/Pro (conf: 7)"
"Val/Gly/Ser",5,261.1324571,10.92274194,"C10H19N3O5",8,"Val.Gly.Ser",FALSE,NA,"Val/Gly/Ser (conf: 5)"
"Val/Pro",5,214.1315619,9.371579111,"C10H18N2O3",3,"Val.Pro",FALSE,NA,"Val/Pro (conf: 5)"
"Val/Pro/Pro",5,311.184603,4.979239049,"C15H25N3O4",2,"Val.Pro.Pro",FALSE,NA,"Val/Pro/Pro (conf: 5)"
"Val/Tyr",5,280.1423675,11.47632525,"C14H20N2O4",8,"Val.Tyr",FALSE,NA,"Val/Tyr (conf: 5)"
"Val/Tyr",5,280.1423924,4.465843562,"C14H20N2O4",8,"Val.Tyr.1",FALSE,NA,"Val/Tyr (conf: 5)"
"Val/Tyr",5,280.1423947,9.344075816,"C14H20N2O4",8,"Val.Tyr.2",FALSE,NA,"Val/Tyr (conf: 5)"
"Val/Tyr",5,280.1423985,5.244764004,"C14H20N2O4",8,"Val.Tyr.3",FALSE,NA,"Val/Tyr (conf: 5)"
"Val/Tyr",5,280.1424048,6.171711846,"C14H20N2O4",8,"Val.Tyr.4",FALSE,NA,"Val/Tyr (conf: 5)"
"Val/Val",5,216.1472932,9.054404704,"C10H20N2O3",1,"Val.Val",FALSE,NA,"Val/Val (conf: 5)"
"Val/Val",5,216.1473503,4.451226889,"C10H20N2O3",1,"Val.Val.1",FALSE,NA,"Val/Val (conf: 5)"
"Val/Val",7,216.1473603,8.193691403,"C10H20N2O3",1,"Val.Val.2",FALSE,NA,"Val/Val (conf: 7)"
"Val/Val/Pro",5,313.2002297,9.051730516,"C15H27N3O4",2,"Val.Val.Pro",FALSE,NA,"Val/Val/Pro (conf: 5)"
"Valerianine",7,177.1153662,2.63365056,"C11H15NO",11,"Valerianine",FALSE,NA,"Valerianine (conf: 7)"
"Valeric acid",7,102.068035,4.442147286,"C5H10O2",22,"Valeric.acid",FALSE,NA,"Valeric acid (conf: 7)"
"Valeric acid",7,119.0945387,7.971757491,"C5H10O2",22,"Valeric.acid.1",FALSE,NA,"Valeric acid (conf: 7)"
"Valeroidine",5,241.1678287,4.432321544,"C13H23NO3",2,"Valeroidine",FALSE,NA,"Valeroidine (conf: 5)"
"Valeroidine",7,258.1943188,6.513278742,"C13H23NO3",2,"Valeroidine.1",FALSE,NA,"Valeroidine (conf: 7)"
"validamine",7,177.1000708,9.019601145,"C7H15NO4",2,"validamine",FALSE,NA,"validamine (conf: 7)"
"validoxylamine A",7,352.1852139,12.09359329,"C14H25NO8",2,"validoxylamine.A",FALSE,NA,"validoxylamine A (conf: 7)"
"Valine",10,117.0790048,7.900754276,"C5H11NO2",13,"Valine",TRUE,"AA","Valine (conf: 10)"
"Valproicacidglucuronide",7,320.1472121,3.459501148,"C14H24O8",4,"Valproicacidglucuronide",FALSE,NA,"Valproicacidglucuronide (conf: 7)"
"Valproicacidglucuronide",7,320.1472138,8.306305107,"C14H24O8",4,"Valproicacidglucuronide.1",FALSE,NA,"Valproicacidglucuronide (conf: 7)"
"Vanillactic acid",5,212.0684601,8.45651324,"C10H12O5",20,"Vanillactic.acid",FALSE,NA,"Vanillactic acid (conf: 5)"
"Vanillic acid 4-sulfate",5,247.9994432,6.61550487,"C8H8O7S",3,"Vanillic.acid.4.sulfate.2",FALSE,NA,"Vanillic acid 4-sulfate (conf: 5)"
"Vanillic acid 4-sulfate",7,247.9991209,15.27064998,"C8H8O7S",3,"Vanillic.acid.4.sulfate",FALSE,NA,"Vanillic acid 4-sulfate (conf: 7)"
"Vanillic acid 4-sulfate",7,247.9991423,12.10358438,"C8H8O7S",3,"Vanillic.acid.4.sulfate.1",FALSE,NA,"Vanillic acid 4-sulfate (conf: 7)"
"Vanilloside",5,314.1000372,6.67186235,"C14H18O8",10,"Vanilloside",FALSE,NA,"Vanilloside (conf: 5)"
"Vanilloside",5,314.1003017,5.909733335,"C14H18O8",10,"Vanilloside.1",FALSE,NA,"Vanilloside (conf: 5)"
"Vanillylmandelic acid",6,198.0528998,5.660201058,"C9H10O5",18,"Vanillylmandelic.acid",FALSE,NA,"Vanillylmandelic acid (conf: 6)"
"Vanilpyruvic acid",5,210.0529057,8.13968391,"C10H10O5",17,"Vanilpyruvic.acid",FALSE,NA,"Vanilpyruvic acid (conf: 5)"
"Vanylglycol",6,184.0735287,3.016926329,"C9H12O4",21,"Vanylglycol",FALSE,NA,"Vanylglycol (conf: 6)"
"Vardenafil",7,524.1970486,5.877882754,"C23H32N6O4S",1,"Vardenafil",FALSE,NA,"Vardenafil (conf: 7)"
"Veranisatin C",5,372.1054435,5.984471849,"C16H20O10",7,"Veranisatin.C",FALSE,NA,"Veranisatin C (conf: 5)"
"Veranisatin C",5,372.1055023,12.59176843,"C16H20O10",7,"Veranisatin.C.1",FALSE,NA,"Veranisatin C (conf: 5)"
"Veranisatin C",5,372.105646,5.641712636,"C16H20O10",7,"Veranisatin.C.2",FALSE,NA,"Veranisatin C (conf: 5)"
"Verbasoside",7,498.1500442,8.952444774,"C20H30O12",1,"Verbasoside",FALSE,NA,"Verbasoside (conf: 7)"
"Verbenalin",7,388.1368459,4.451670952,"C17H24O10",2,"Verbenalin",FALSE,NA,"Verbenalin (conf: 7)"
"verruculogen",5,511.2314476,10.85917162,"C27H33N3O7",1,"verruculogen",FALSE,NA,"verruculogen (conf: 5)"
"verruculogen",5,511.2315291,7.213898266,"C27H33N3O7",1,"verruculogen.1",FALSE,NA,"verruculogen (conf: 5)"
"versicolorin B",5,340.0576509,5.868806878,"C18H12O7",10,"versicolorin.B",FALSE,NA,"versicolorin B (conf: 5)"
"Vicine",5,304.1020183,11.65978618,"C10H16N4O7",4,"Vicine",FALSE,NA,"Vicine (conf: 5)"
"Villol",5,442.1269382,17.99763801,"C23H22O9",2,"Villol",FALSE,NA,"Villol (conf: 5)"
"Vindoline",7,456.2263171,2.866495952,"C25H32N2O6",1,"Vindoline",FALSE,NA,"Vindoline (conf: 7)"
"Vinylacetylglycine",5,143.0582023,7.281749996,"C6H9NO3",5,"Vinylacetylglycine",FALSE,NA,"Vinylacetylglycine (conf: 5)"
"Vinylacetylglycine",5,143.0582168,5.677148421,"C6H9NO3",5,"Vinylacetylglycine.1",FALSE,NA,"Vinylacetylglycine (conf: 5)"
"Vinylacetylglycine",5,143.0582219,8.467732829,"C6H9NO3",5,"Vinylacetylglycine.2",FALSE,NA,"Vinylacetylglycine (conf: 5)"
"Vinylacetylglycine",5,143.058247,9.068980162,"C6H9NO3",5,"Vinylacetylglycine.4",FALSE,NA,"Vinylacetylglycine (conf: 5)"
"Vinylacetylglycine",5,143.0582543,4.661635992,"C6H9NO3",5,"Vinylacetylglycine.5",FALSE,NA,"Vinylacetylglycine (conf: 5)"
"Vinylacetylglycine",7,143.0582268,10.57605007,"C6H9NO3",5,"Vinylacetylglycine.3",FALSE,NA,"Vinylacetylglycine (conf: 7)"
"Vitamin A",6,286.2297543,2.43182469,"C20H30O",17,"Vitamin.A",FALSE,NA,"Vitamin A (conf: 6)"
"Vitexin 2''-O-gallate",5,584.1163983,13.41744339,"C28H24O14",1,"Vitexin.2...O.gallate",FALSE,NA,"Vitexin 2''-O-gallate (conf: 5)"
"Vomicine",5,380.1731419,8.065758032,"C22H24N2O4",2,"Vomicine",FALSE,NA,"Vomicine (conf: 5)"
"Vomifoliol",5,224.1412843,2.53991344,"C13H20O3",15,"Vomifoliol",FALSE,NA,"Vomifoliol (conf: 5)"
"Wasalexin A",5,294.049845,10.12893049,"C13H14N2O2S2",3,"Wasalexin.A",FALSE,NA,"Wasalexin A (conf: 5)"
"Wedelolactone",5,314.042923,6.332767311,"C16H10O7",11,"Wedelolactone",FALSE,NA,"Wedelolactone (conf: 5)"
"welwitindolinone B isothiocyanate",7,400.101937,8.962126126,"C21H21ClN2O2S",1,"welwitindolinone.B.isothiocyanate",FALSE,NA,"welwitindolinone B isothiocyanate (conf: 7)"
"welwitindolinone B isothiocyanate",7,400.1019894,9.772034428,"C21H21ClN2O2S",1,"welwitindolinone.B.isothiocyanate.1",FALSE,NA,"welwitindolinone B isothiocyanate (conf: 7)"
"Wuhanic acid",7,396.3237887,2.403943897,"C24H44O4",1,"Wuhanic.acid",FALSE,NA,"Wuhanic acid (conf: 7)"
"Xanthine",10,152.033396,7.025754276,"C5H4N4O2",3,"Xanthine",TRUE,"","Xanthine (conf: 10)"
"Xanthommatin",5,423.0699494,7.292709193,"C20H13N3O8",1,"Xanthommatin",FALSE,NA,"Xanthommatin (conf: 5)"
"Xanthosine",10,284.0758143,7.828616123,"C10H12N4O6",1,"Xanthosine",TRUE,"","Xanthosine (conf: 10)"
"Xanthosine",10,306.057774,7.849058603,"C10H12N4O6",1,"Xanthosine.1",TRUE,"","Xanthosine (conf: 10)"
"Xanthurenic acid",10,205.0375299,6.833159434,"C10H7NO4",4,"Xanthurenic.acid",TRUE,"","Xanthurenic acid (conf: 10)"
"xanthurenic acid 8-O-sulfate",5,284.9944936,9.012408552,"C10H7NO7S",1,"xanthurenic.acid.8.O.sulfate",FALSE,NA,"xanthurenic acid 8-O-sulfate (conf: 5)"
"Xanthylic acid",10,364.0418337,13.96986604,"C10H13N4O9P",1,"Xanthylic.acid",TRUE,"","Xanthylic acid (conf: 10)"
"xenorhabdin III",5,298.080626,6.118830269,"C13H18N2O2S2",2,"xenorhabdin.III",FALSE,NA,"xenorhabdin III (conf: 5)"
"xi-2,3-Dihydro-2-oxo-1H-indole-3-acetic acid",5,191.0583265,5.573282845,"C10H9NO3",6,"xi.2_3.Dihydro.2.oxo.1H.indole.3.acetic.acid",FALSE,NA,"xi-2,3-Dihydro-2-oxo-1H-indole-3-acetic acid (conf: 5)"
"xi-3-Hydroxy-5-phenylpentanoic acid O-beta-D-Glucopyranoside",7,356.1470334,3.029606998,"C17H24O8",2,"xi.3.Hydroxy.5.phenylpentanoic.acid.O.beta.D.Glucopyranoside",FALSE,NA,"xi-3-Hydroxy-5-phenylpentanoic acid O-beta-D-Glucopyranoside (conf: 7)"
"xi-7-Hydroxyhexadecanedioic acid",5,302.2094173,4.441306969,"C16H30O5",2,"xi.7.Hydroxyhexadecanedioic.acid",FALSE,NA,"xi-7-Hydroxyhexadecanedioic acid (conf: 5)"
"xi-7-Hydroxyhexadecanedioic acid",5,302.2094276,2.957093549,"C16H30O5",2,"xi.7.Hydroxyhexadecanedioic.acid.1",FALSE,NA,"xi-7-Hydroxyhexadecanedioic acid (conf: 5)"
"xi-gamma-Undecalactone",5,184.1462446,2.589125258,"C11H20O2",45,"xi.gamma.Undecalactone",FALSE,NA,"xi-gamma-Undecalactone (conf: 5)"
"xi-gamma-Undecalactone",5,184.1463013,3.019566657,"C11H20O2",45,"xi.gamma.Undecalactone.1",FALSE,NA,"xi-gamma-Undecalactone (conf: 5)"
"xylo-Hexulonolactone",6,176.0321028,11.90618394,"C6H8O6",16,"xylo.Hexulonolactone",FALSE,NA,"xylo-Hexulonolactone (conf: 6)"
"Xylobiose",5,282.0951574,9.419462112,"C10H18O9",7,"Xylobiose",FALSE,NA,"Xylobiose (conf: 5)"
"Xylobiose",5,282.0951842,8.446025313,"C10H18O9",7,"Xylobiose.1",FALSE,NA,"Xylobiose (conf: 5)"
"Xylobiose",5,282.0952059,8.827588557,"C10H18O9",7,"Xylobiose.2",FALSE,NA,"Xylobiose (conf: 5)"
"Xylobiose",7,328.1007455,10.17197185,"C10H18O9",7,"Xylobiose.3",FALSE,NA,"Xylobiose (conf: 7)"
"Xylono-1,5-lactone",8,148.0371661,10.46673174,"C5H8O5",15,"Xylono.1_5.lactone",FALSE,NA,"Xylono-1,5-lactone (conf: 8)"
"Xylopinine",7,355.1783814,2.278629024,"C21H25NO4",6,"Xylopinine",FALSE,NA,"Xylopinine (conf: 7)"
"Xylose",6,150.0528423,7.675331589,"C5H10O5",15,"Xylose",FALSE,NA,"Xylose (conf: 6)"
"ZAPA",5,146.0150102,8.906013261,"C4H6N2O2S",1,"ZAPA",FALSE,NA,"ZAPA (conf: 5)"
"Zearalenone 4-sulfate",7,398.1038016,8.976133219,"C18H22O8S",1,"Zearalenone.4.sulfate",FALSE,NA,"Zearalenone 4-sulfate (conf: 7)"
"Zileuton",5,236.0620648,6.785838476,"C11H12N2O2S",1,"Zileuton",FALSE,NA,"Zileuton (conf: 5)"
"Zingerone",5,194.0942921,2.787077414,"C11H14O3",40,"Zingerone",FALSE,NA,"Zingerone (conf: 5)"
"Zingerone",5,194.0943074,25.28443006,"C11H14O3",40,"Zingerone.1",FALSE,NA,"Zingerone (conf: 5)"
"Zinnimidine",7,261.1365246,2.53548223,"C15H19NO3",3,"Zinnimidine",FALSE,NA,"Zinnimidine (conf: 7)"
"Zopiclone N-oxide",5,404.0994381,3.524368888,"C17H17ClN6O4",1,"Zopiclone.N.oxide",FALSE,NA,"Zopiclone N-oxide (conf: 5)"
"Zopiclone N-oxide",7,404.0999704,10.51955749,"C17H17ClN6O4",1,"Zopiclone.N.oxide.1",FALSE,NA,"Zopiclone N-oxide (conf: 7)"
"Zoxazolamine",7,168.0092646,3.494425817,"C7H5ClN2O",1,"Zoxazolamine",FALSE,NA,"Zoxazolamine (conf: 7)"
